-- phpMyAdmin SQL Dump
-- version 5.2.1
-- https://www.phpmyadmin.net/
--
-- Host: localhost
-- Generation Time: Dec 23, 2025 at 06:24 AM
-- Server version: 10.4.28-MariaDB
-- PHP Version: 8.1.17

SET SQL_MODE = "NO_AUTO_VALUE_ON_ZERO";
START TRANSACTION;
SET time_zone = "+00:00";


/*!40101 SET @OLD_CHARACTER_SET_CLIENT=@@CHARACTER_SET_CLIENT */;
/*!40101 SET @OLD_CHARACTER_SET_RESULTS=@@CHARACTER_SET_RESULTS */;
/*!40101 SET @OLD_COLLATION_CONNECTION=@@COLLATION_CONNECTION */;
/*!40101 SET NAMES utf8mb4 */;

--
-- Database: `partyplot`
--

-- --------------------------------------------------------

--
-- Table structure for table `blogs`
--

CREATE TABLE `blogs` (
  `id` bigint(20) UNSIGNED NOT NULL,
  `title` varchar(255) NOT NULL,
  `slug` varchar(255) NOT NULL,
  `description` text NOT NULL,
  `content` text DEFAULT NULL,
  `image` varchar(255) DEFAULT NULL,
  `meta_title` varchar(255) DEFAULT NULL,
  `meta_description` text DEFAULT NULL,
  `meta_keywords` varchar(255) DEFAULT NULL,
  `status` enum('draft','published') NOT NULL DEFAULT 'draft',
  `views` int(11) NOT NULL DEFAULT 0,
  `created_at` timestamp NULL DEFAULT NULL,
  `updated_at` timestamp NULL DEFAULT NULL
) ENGINE=InnoDB DEFAULT CHARSET=utf8mb4 COLLATE=utf8mb4_unicode_ci;

--
-- Dumping data for table `blogs`
--

INSERT INTO `blogs` (`id`, `title`, `slug`, `description`, `content`, `image`, `meta_title`, `meta_description`, `meta_keywords`, `status`, `views`, `created_at`, `updated_at`) VALUES
(1, 'Top Party plot in Rajkot', 'Top-Party-plots-in-Rajkot', 'Best party plot in rajkot', '<p>Top Party plot in Rajkot</p>', 'blog-image-9367659.jpg', 'Top Party plot in Rajkot', 'Top Party plot in Rajkot', 'Top Party plot in Rajkot, Best Party Plot in Rajkot', 'published', 21, '2025-11-30 01:32:25', '2025-11-30 01:52:59');

-- --------------------------------------------------------

--
-- Table structure for table `cache`
--

CREATE TABLE `cache` (
  `key` varchar(255) NOT NULL,
  `value` mediumtext NOT NULL,
  `expiration` int(11) NOT NULL
) ENGINE=InnoDB DEFAULT CHARSET=utf8mb4 COLLATE=utf8mb4_unicode_ci;

--
-- Dumping data for table `cache`
--

INSERT INTO `cache` (`key`, `value`, `expiration`) VALUES
('laravel-cache-spatie.permission.cache', 'a:3:{s:5:\"alias\";a:4:{s:1:\"a\";s:2:\"id\";s:1:\"b\";s:4:\"name\";s:1:\"c\";s:10:\"guard_name\";s:1:\"r\";s:5:\"roles\";}s:11:\"permissions\";a:13:{i:0;a:4:{s:1:\"a\";i:1;s:1:\"b\";s:9:\"user-list\";s:1:\"c\";s:3:\"web\";s:1:\"r\";a:1:{i:0;i:1;}}i:1;a:4:{s:1:\"a\";i:2;s:1:\"b\";s:11:\"user-create\";s:1:\"c\";s:3:\"web\";s:1:\"r\";a:1:{i:0;i:1;}}i:2;a:4:{s:1:\"a\";i:3;s:1:\"b\";s:9:\"user-edit\";s:1:\"c\";s:3:\"web\";s:1:\"r\";a:1:{i:0;i:1;}}i:3;a:4:{s:1:\"a\";i:4;s:1:\"b\";s:11:\"user-delete\";s:1:\"c\";s:3:\"web\";s:1:\"r\";a:1:{i:0;i:1;}}i:4;a:4:{s:1:\"a\";i:5;s:1:\"b\";s:12:\"setting-list\";s:1:\"c\";s:3:\"web\";s:1:\"r\";a:1:{i:0;i:1;}}i:5;a:4:{s:1:\"a\";i:6;s:1:\"b\";s:9:\"role-list\";s:1:\"c\";s:3:\"web\";s:1:\"r\";a:1:{i:0;i:1;}}i:6;a:4:{s:1:\"a\";i:7;s:1:\"b\";s:11:\"role-create\";s:1:\"c\";s:3:\"web\";s:1:\"r\";a:1:{i:0;i:1;}}i:7;a:4:{s:1:\"a\";i:8;s:1:\"b\";s:9:\"role-edit\";s:1:\"c\";s:3:\"web\";s:1:\"r\";a:1:{i:0;i:1;}}i:8;a:4:{s:1:\"a\";i:9;s:1:\"b\";s:11:\"role-delete\";s:1:\"c\";s:3:\"web\";s:1:\"r\";a:1:{i:0;i:1;}}i:9;a:4:{s:1:\"a\";i:10;s:1:\"b\";s:15:\"permission-list\";s:1:\"c\";s:3:\"web\";s:1:\"r\";a:1:{i:0;i:1;}}i:10;a:4:{s:1:\"a\";i:11;s:1:\"b\";s:17:\"permission-create\";s:1:\"c\";s:3:\"web\";s:1:\"r\";a:1:{i:0;i:1;}}i:11;a:4:{s:1:\"a\";i:12;s:1:\"b\";s:15:\"permission-edit\";s:1:\"c\";s:3:\"web\";s:1:\"r\";a:1:{i:0;i:1;}}i:12;a:4:{s:1:\"a\";i:13;s:1:\"b\";s:17:\"permission-delete\";s:1:\"c\";s:3:\"web\";s:1:\"r\";a:1:{i:0;i:1;}}}s:5:\"roles\";a:1:{i:0;a:3:{s:1:\"a\";i:1;s:1:\"b\";s:5:\"admin\";s:1:\"c\";s:3:\"web\";}}}', 1766294966);

-- --------------------------------------------------------

--
-- Table structure for table `cache_locks`
--

CREATE TABLE `cache_locks` (
  `key` varchar(255) NOT NULL,
  `owner` varchar(255) NOT NULL,
  `expiration` int(11) NOT NULL
) ENGINE=InnoDB DEFAULT CHARSET=utf8mb4 COLLATE=utf8mb4_unicode_ci;

-- --------------------------------------------------------

--
-- Table structure for table `categories`
--

CREATE TABLE `categories` (
  `id` bigint(20) UNSIGNED NOT NULL,
  `name` varchar(255) NOT NULL,
  `slug` varchar(255) NOT NULL,
  `description` text DEFAULT NULL,
  `icon` varchar(255) DEFAULT NULL,
  `image` varchar(255) DEFAULT NULL,
  `is_active` tinyint(1) NOT NULL DEFAULT 1,
  `sort_order` int(11) NOT NULL DEFAULT 0,
  `meta_title` varchar(255) DEFAULT NULL,
  `meta_description` text DEFAULT NULL,
  `meta_keywords` text DEFAULT NULL,
  `created_at` timestamp NULL DEFAULT NULL,
  `updated_at` timestamp NULL DEFAULT NULL
) ENGINE=InnoDB DEFAULT CHARSET=utf8mb4 COLLATE=utf8mb4_unicode_ci;

--
-- Dumping data for table `categories`
--

INSERT INTO `categories` (`id`, `name`, `slug`, `description`, `icon`, `image`, `is_active`, `sort_order`, `meta_title`, `meta_description`, `meta_keywords`, `created_at`, `updated_at`) VALUES
(1, 'Banquet Hall', 'banquet-hall', NULL, NULL, 'category-4403619.jpg', 1, 0, NULL, NULL, NULL, '2025-11-29 01:33:15', '2025-12-13 02:38:23'),
(2, 'Wedding Venue', 'wedding-venue', NULL, NULL, NULL, 1, 0, NULL, NULL, NULL, '2025-11-29 01:33:15', '2025-11-29 01:33:15'),
(3, 'Event Venue', 'event-venue', NULL, NULL, NULL, 1, 0, NULL, NULL, NULL, '2025-11-29 01:33:15', '2025-11-29 01:33:15'),
(4, 'Party Plot', 'party-plot', NULL, NULL, NULL, 1, 0, NULL, NULL, NULL, '2025-11-29 01:33:15', '2025-11-29 01:33:15'),
(5, 'Function Room', 'function-room', NULL, NULL, NULL, 1, 0, NULL, NULL, NULL, '2025-11-29 01:33:15', '2025-11-29 01:33:15'),
(6, 'Festival Hall', 'festival-hall', NULL, NULL, NULL, 1, 0, NULL, NULL, NULL, '2025-11-29 01:33:15', '2025-11-29 01:33:15'),
(7, 'Farm', 'farm', NULL, NULL, NULL, 1, 0, NULL, NULL, NULL, '2025-11-29 01:33:15', '2025-11-29 01:33:15'),
(8, 'Community Center', 'community-center', NULL, NULL, 'category-2339206.jpg', 1, 0, NULL, NULL, NULL, '2025-11-29 01:33:15', '2025-12-13 03:28:33'),
(9, 'Hotel', 'hotel', NULL, NULL, NULL, 1, 0, NULL, NULL, NULL, '2025-11-29 01:33:15', '2025-11-29 01:33:15'),
(10, 'Party equipment rental service', 'party-equipment-rental-service', NULL, NULL, NULL, 1, 0, NULL, NULL, NULL, '2025-12-20 01:39:41', '2025-12-20 01:39:41'),
(11, 'Sports bar', 'sports-bar', NULL, NULL, NULL, 1, 0, NULL, NULL, NULL, '2025-12-20 01:39:41', '2025-12-20 01:39:41'),
(12, 'Condominium complex', 'condominium-complex', NULL, NULL, NULL, 1, 0, NULL, NULL, NULL, '2025-12-20 01:39:41', '2025-12-20 01:39:41'),
(13, 'Wedding service', 'wedding-service', NULL, NULL, NULL, 1, 0, NULL, NULL, NULL, '2025-12-20 01:39:41', '2025-12-20 01:39:41'),
(14, 'Marriage celebrant', 'marriage-celebrant', NULL, NULL, NULL, 1, 0, NULL, NULL, NULL, '2025-12-20 01:39:41', '2025-12-20 01:39:41'),
(15, 'Party planner', 'party-planner', NULL, NULL, NULL, 1, 0, NULL, NULL, NULL, '2025-12-20 01:39:41', '2025-12-20 01:39:41'),
(16, 'Family restaurant', 'family-restaurant', NULL, NULL, NULL, 1, 0, NULL, NULL, NULL, '2025-12-20 01:39:42', '2025-12-20 01:39:42'),
(17, 'Park', 'park', NULL, NULL, NULL, 1, 0, NULL, NULL, NULL, '2025-12-20 01:39:42', '2025-12-20 01:39:42'),
(18, 'Playground', 'playground', NULL, NULL, NULL, 1, 0, NULL, NULL, NULL, '2025-12-20 01:39:42', '2025-12-20 01:39:42'),
(19, 'Auditorium', 'auditorium', NULL, NULL, NULL, 1, 0, NULL, NULL, NULL, '2025-12-20 01:39:42', '2025-12-20 01:39:42'),
(20, 'Party store', 'party-store', NULL, NULL, NULL, 1, 0, NULL, NULL, NULL, '2025-12-20 05:59:13', '2025-12-20 05:59:13'),
(21, 'Function room facility', 'function-room-facility', NULL, NULL, NULL, 1, 0, NULL, NULL, NULL, '2025-12-20 05:59:13', '2025-12-20 05:59:13'),
(22, 'Resort hotel', 'resort-hotel', NULL, NULL, NULL, 1, 0, NULL, NULL, NULL, '2025-12-20 05:59:13', '2025-12-20 05:59:13'),
(23, 'Garden', 'garden', NULL, NULL, NULL, 1, 0, NULL, NULL, NULL, '2025-12-20 05:59:13', '2025-12-20 05:59:13'),
(24, 'Indian restaurant', 'indian-restaurant', NULL, NULL, NULL, 1, 0, NULL, NULL, NULL, '2025-12-20 05:59:13', '2025-12-20 05:59:13'),
(25, 'Business to business service', 'business-to-business-service', NULL, NULL, NULL, 1, 0, NULL, NULL, NULL, '2025-12-20 05:59:13', '2025-12-20 05:59:13'),
(26, 'Holiday apartment rental', 'holiday-apartment-rental', NULL, NULL, NULL, 1, 0, NULL, NULL, NULL, '2025-12-20 05:59:13', '2025-12-20 05:59:13'),
(27, 'Water park', 'water-park', NULL, NULL, NULL, 1, 0, NULL, NULL, NULL, '2025-12-20 05:59:13', '2025-12-20 05:59:13'),
(28, 'North Indian restaurant', 'north-indian-restaurant', NULL, NULL, NULL, 1, 0, NULL, NULL, NULL, '2025-12-20 05:59:13', '2025-12-20 05:59:13'),
(29, 'Restaurant', 'restaurant', NULL, NULL, NULL, 1, 0, NULL, NULL, NULL, '2025-12-20 05:59:13', '2025-12-20 05:59:13');

-- --------------------------------------------------------

--
-- Table structure for table `failed_jobs`
--

CREATE TABLE `failed_jobs` (
  `id` bigint(20) UNSIGNED NOT NULL,
  `uuid` varchar(255) NOT NULL,
  `connection` text NOT NULL,
  `queue` text NOT NULL,
  `payload` longtext NOT NULL,
  `exception` longtext NOT NULL,
  `failed_at` timestamp NOT NULL DEFAULT current_timestamp()
) ENGINE=InnoDB DEFAULT CHARSET=utf8mb4 COLLATE=utf8mb4_unicode_ci;

-- --------------------------------------------------------

--
-- Table structure for table `jobs`
--

CREATE TABLE `jobs` (
  `id` bigint(20) UNSIGNED NOT NULL,
  `queue` varchar(255) NOT NULL,
  `payload` longtext NOT NULL,
  `attempts` tinyint(3) UNSIGNED NOT NULL,
  `reserved_at` int(10) UNSIGNED DEFAULT NULL,
  `available_at` int(10) UNSIGNED NOT NULL,
  `created_at` int(10) UNSIGNED NOT NULL
) ENGINE=InnoDB DEFAULT CHARSET=utf8mb4 COLLATE=utf8mb4_unicode_ci;

-- --------------------------------------------------------

--
-- Table structure for table `job_batches`
--

CREATE TABLE `job_batches` (
  `id` varchar(255) NOT NULL,
  `name` varchar(255) NOT NULL,
  `total_jobs` int(11) NOT NULL,
  `pending_jobs` int(11) NOT NULL,
  `failed_jobs` int(11) NOT NULL,
  `failed_job_ids` longtext NOT NULL,
  `options` mediumtext DEFAULT NULL,
  `cancelled_at` int(11) DEFAULT NULL,
  `created_at` int(11) NOT NULL,
  `finished_at` int(11) DEFAULT NULL
) ENGINE=InnoDB DEFAULT CHARSET=utf8mb4 COLLATE=utf8mb4_unicode_ci;

-- --------------------------------------------------------

--
-- Table structure for table `leads`
--

CREATE TABLE `leads` (
  `id` bigint(20) UNSIGNED NOT NULL,
  `party_plot_id` bigint(20) UNSIGNED NOT NULL,
  `vendor_id` bigint(20) UNSIGNED NOT NULL,
  `user_id` bigint(20) UNSIGNED DEFAULT NULL,
  `name` varchar(255) NOT NULL,
  `email` varchar(255) DEFAULT NULL,
  `phone` varchar(255) NOT NULL,
  `function_date` date NOT NULL,
  `message` text DEFAULT NULL,
  `status` enum('new','contacted','converted','lost') NOT NULL DEFAULT 'new',
  `source` enum('free','purchased') NOT NULL DEFAULT 'free',
  `lead_price` decimal(10,2) DEFAULT NULL,
  `purchased_at` timestamp NULL DEFAULT NULL,
  `vendor_notes` text DEFAULT NULL,
  `admin_notes` text DEFAULT NULL,
  `created_at` timestamp NULL DEFAULT NULL,
  `updated_at` timestamp NULL DEFAULT NULL
) ENGINE=InnoDB DEFAULT CHARSET=utf8mb4 COLLATE=utf8mb4_unicode_ci;

--
-- Dumping data for table `leads`
--

INSERT INTO `leads` (`id`, `party_plot_id`, `vendor_id`, `user_id`, `name`, `email`, `phone`, `function_date`, `message`, `status`, `source`, `lead_price`, `purchased_at`, `vendor_notes`, `admin_notes`, `created_at`, `updated_at`) VALUES
(1, 2, 3, 3, 'Akshay', NULL, '9429076228', '2025-11-30', NULL, 'new', 'free', NULL, NULL, NULL, NULL, '2025-11-29 06:18:54', '2025-11-29 06:18:54'),
(2, 2, 3, 3, 'Rushi', NULL, '9429076228', '2025-12-18', NULL, 'new', 'free', NULL, NULL, NULL, NULL, '2025-11-29 23:32:01', '2025-11-29 23:32:01');

-- --------------------------------------------------------

--
-- Table structure for table `migrations`
--

CREATE TABLE `migrations` (
  `id` int(10) UNSIGNED NOT NULL,
  `migration` varchar(255) NOT NULL,
  `batch` int(11) NOT NULL
) ENGINE=InnoDB DEFAULT CHARSET=utf8mb4 COLLATE=utf8mb4_unicode_ci;

--
-- Dumping data for table `migrations`
--

INSERT INTO `migrations` (`id`, `migration`, `batch`) VALUES
(1, '0001_01_01_000000_create_users_table', 1),
(2, '0001_01_01_000001_create_cache_table', 1),
(3, '0001_01_01_000002_create_jobs_table', 1),
(4, '2021_08_12_014722_create_permission_tables', 1),
(5, '2022_05_29_042756_create_setting_table', 1),
(6, '2025_05_14_132345_create_notifications_table', 1),
(7, '2025_07_22_184259_create_personal_access_tokens_table', 1),
(8, '2025_01_15_000000_create_party_plots_table', 2),
(9, '2025_01_20_000000_create_categories_table', 3),
(10, '2025_01_20_000001_add_category_id_to_party_plots_table', 3),
(11, '2025_11_29_054626_add_tags_to_party_plots_table', 3),
(12, '2025_11_29_054919_add_description_to_party_plots_table', 3),
(13, '2025_01_20_000002_add_visitors_to_party_plots_table', 4),
(14, '2025_01_21_000000_add_area_to_party_plots_table', 5),
(15, '2025_11_29_114148_create_leads_table', 6),
(16, '2025_11_29_114610_make_email_nullable_in_leads_table', 7),
(17, '2025_01_21_000000_create_venue_requests_table', 8),
(18, '2025_01_22_000000_create_blogs_table', 9),
(19, '2025_12_13_000000_create_seo_link_templates_table', 10),
(20, '2025_12_13_000001_create_seo_links_table', 10),
(21, '2025_12_14_053701_add_tags_to_seo_links_table', 11),
(22, '2025_12_14_053702_add_tags_to_seo_link_templates_table', 12),
(23, '2025_12_14_054101_add_tags_to_seo_link_templates_table', 12);

-- --------------------------------------------------------

--
-- Table structure for table `model_has_permissions`
--

CREATE TABLE `model_has_permissions` (
  `permission_id` bigint(20) UNSIGNED NOT NULL,
  `model_type` varchar(255) NOT NULL,
  `model_id` bigint(20) UNSIGNED NOT NULL
) ENGINE=InnoDB DEFAULT CHARSET=utf8mb4 COLLATE=utf8mb4_unicode_ci;

-- --------------------------------------------------------

--
-- Table structure for table `model_has_roles`
--

CREATE TABLE `model_has_roles` (
  `role_id` bigint(20) UNSIGNED NOT NULL,
  `model_type` varchar(255) NOT NULL,
  `model_id` bigint(20) UNSIGNED NOT NULL
) ENGINE=InnoDB DEFAULT CHARSET=utf8mb4 COLLATE=utf8mb4_unicode_ci;

--
-- Dumping data for table `model_has_roles`
--

INSERT INTO `model_has_roles` (`role_id`, `model_type`, `model_id`) VALUES
(1, 'App\\Models\\User', 1),
(1, 'App\\Models\\User', 3);

-- --------------------------------------------------------

--
-- Table structure for table `notifications`
--

CREATE TABLE `notifications` (
  `id` char(36) NOT NULL,
  `type` varchar(255) NOT NULL,
  `notifiable_type` varchar(255) NOT NULL,
  `notifiable_id` bigint(20) UNSIGNED NOT NULL,
  `data` text NOT NULL,
  `read_at` timestamp NULL DEFAULT NULL,
  `created_at` timestamp NULL DEFAULT NULL,
  `updated_at` timestamp NULL DEFAULT NULL
) ENGINE=InnoDB DEFAULT CHARSET=utf8mb4 COLLATE=utf8mb4_unicode_ci;

-- --------------------------------------------------------

--
-- Table structure for table `party_plots`
--

CREATE TABLE `party_plots` (
  `id` bigint(20) UNSIGNED NOT NULL,
  `name` varchar(255) NOT NULL,
  `description` text DEFAULT NULL,
  `full_address` text NOT NULL,
  `city` varchar(255) NOT NULL,
  `area` varchar(255) DEFAULT NULL,
  `latitude` decimal(10,8) NOT NULL,
  `longitude` decimal(11,8) NOT NULL,
  `slug` varchar(255) NOT NULL,
  `creator_user_id` bigint(20) UNSIGNED NOT NULL,
  `category_id` bigint(20) UNSIGNED DEFAULT NULL,
  `capacity_min` int(11) DEFAULT NULL,
  `capacity_max` int(11) DEFAULT NULL,
  `price_range_min` decimal(10,2) DEFAULT NULL,
  `price_range_max` decimal(10,2) DEFAULT NULL,
  `area_lawn` varchar(255) DEFAULT NULL,
  `area_banquet` varchar(255) DEFAULT NULL,
  `suitable_events` text DEFAULT NULL,
  `tags` longtext CHARACTER SET utf8mb4 COLLATE utf8mb4_bin DEFAULT NULL CHECK (json_valid(`tags`)),
  `parking` tinyint(1) NOT NULL DEFAULT 0,
  `rooms` tinyint(1) NOT NULL DEFAULT 0,
  `dj_allowed` tinyint(1) NOT NULL DEFAULT 0,
  `decoration_allowed` tinyint(1) NOT NULL DEFAULT 0,
  `catering_allowed` tinyint(1) NOT NULL DEFAULT 0,
  `generator_backup` tinyint(1) NOT NULL DEFAULT 0,
  `ac_available` tinyint(1) NOT NULL DEFAULT 0,
  `featured_image` varchar(255) DEFAULT NULL,
  `gallery_images` longtext CHARACTER SET utf8mb4 COLLATE utf8mb4_bin DEFAULT NULL CHECK (json_valid(`gallery_images`)),
  `video_links` longtext CHARACTER SET utf8mb4 COLLATE utf8mb4_bin DEFAULT NULL CHECK (json_valid(`video_links`)),
  `google_rating` decimal(3,2) DEFAULT NULL,
  `google_review_count` int(11) DEFAULT NULL,
  `google_review_text` text DEFAULT NULL,
  `visitors` int(11) NOT NULL DEFAULT 0,
  `instagram` varchar(255) DEFAULT NULL,
  `facebook` varchar(255) DEFAULT NULL,
  `twitter` varchar(255) DEFAULT NULL,
  `youtube` varchar(255) DEFAULT NULL,
  `website` varchar(255) DEFAULT NULL,
  `email` varchar(255) DEFAULT NULL,
  `phone` varchar(255) DEFAULT NULL,
  `status` enum('active','inactive') NOT NULL DEFAULT 'active',
  `listing_status` enum('pending','approved','rejected') NOT NULL DEFAULT 'pending',
  `verified` tinyint(1) NOT NULL DEFAULT 0,
  `claimed_by_user_id` bigint(20) UNSIGNED DEFAULT NULL,
  `place_id` varchar(255) DEFAULT NULL,
  `created_at` timestamp NULL DEFAULT NULL,
  `updated_at` timestamp NULL DEFAULT NULL
) ENGINE=InnoDB DEFAULT CHARSET=utf8mb4 COLLATE=utf8mb4_unicode_ci;

--
-- Dumping data for table `party_plots`
--

INSERT INTO `party_plots` (`id`, `name`, `description`, `full_address`, `city`, `area`, `latitude`, `longitude`, `slug`, `creator_user_id`, `category_id`, `capacity_min`, `capacity_max`, `price_range_min`, `price_range_max`, `area_lawn`, `area_banquet`, `suitable_events`, `tags`, `parking`, `rooms`, `dj_allowed`, `decoration_allowed`, `catering_allowed`, `generator_backup`, `ac_available`, `featured_image`, `gallery_images`, `video_links`, `google_rating`, `google_review_count`, `google_review_text`, `visitors`, `instagram`, `facebook`, `twitter`, `youtube`, `website`, `email`, `phone`, `status`, `listing_status`, `verified`, `claimed_by_user_id`, `place_id`, `created_at`, `updated_at`) VALUES
(1, 'Vraj Bhoomi Party Hall', 'Vraj Bhoomi Party Hall is a well-known banquet hall located in Bharatvan Society, Nalanda Society, Rajkot, Gujarat 360001. It offers ample space, good ambience, and is suitable for weddings, receptions, parties, and social gatherings. With easy accessibility and essential amenities available, it serves as a reliable choice for hosting memorable events.', 'Bharatvan Society, Nalanda Society, Rajkot, Gujarat, 360001', 'Rajkot', 'Nalanda Society', 22.28567530, 70.77567060, 'vraj-bhoomi-party-hall', 3, 1, 0, 0, NULL, NULL, 'Nalanda Society', 'Nalanda Society', 'Banquet Hall', '[\"rajkot\",\"party-plots\"]', 0, 0, 0, 0, 0, 0, 0, NULL, NULL, NULL, 3.70, 43, NULL, 8, NULL, NULL, NULL, NULL, NULL, NULL, NULL, 'active', 'pending', 0, NULL, NULL, '2025-11-29 01:54:36', '2025-12-20 00:27:35'),
(2, 'Samarpan Party Plot', 'Samarpan Party Plot is a well-known wedding venue located in Vrundavan Society, Rohidaspra, Rajkot, Gujarat 360003. It offers ample space, good ambience, and is suitable for weddings, receptions, parties, and social gatherings. With easy accessibility and essential amenities available, it serves as a reliable choice for hosting memorable events.', 'Vrundavan Society, Rohidaspra, Rajkot, Gujarat, 360003', 'Rajkot', 'Rohidaspra', 22.31520500, 70.82204370, 'samarpan-party-plot', 3, 2, 0, 0, NULL, NULL, 'Rohidaspra', 'Rohidaspra', 'Wedding Venue', '[\"rajkot\",\"party-plots\"]', 0, 0, 0, 0, 0, 0, 0, 'featured_image-4056413.jpg', '[\"gallery-3016351.jpg\"]', NULL, 4.10, 274, NULL, 23, NULL, NULL, NULL, NULL, NULL, NULL, NULL, 'active', 'pending', 0, NULL, NULL, '2025-11-29 01:54:36', '2025-12-20 00:52:10'),
(3, 'Kalyanam Party Lawns', 'Kalyanam Party Lawns is a well-known event venue located in Krishna Society, Madhapar, Rajkot, Gujarat 360006. It offers ample space, good ambience, and is suitable for weddings, receptions, parties, and social gatherings. With easy accessibility and essential amenities available, it serves as a reliable choice for hosting memorable events.', 'Krishna Society, Madhapar, Rajkot, Gujarat, 360006', 'Rajkot', 'Madhapar', 22.32180550, 70.76992360, 'kalyanam-party-lawns', 3, 3, 0, 0, NULL, NULL, 'Madhapar', 'Madhapar', 'Event Venue', '[\"rajkot\",\"party-plots\"]', 0, 0, 0, 0, 0, 0, 0, NULL, NULL, NULL, 4.10, 260, NULL, 0, NULL, NULL, NULL, NULL, NULL, NULL, NULL, 'active', 'pending', 0, NULL, NULL, '2025-11-29 01:54:36', '2025-11-29 01:54:36'),
(4, 'I Shree Khodiyar Party Plot', 'I Shree Khodiyar Party Plot is a well-known wedding venue located in Mota Mava, Rajkot, Gujarat 360005. It offers ample space, good ambience, and is suitable for weddings, receptions, parties, and social gatherings. With easy accessibility and essential amenities available, it serves as a reliable choice for hosting memorable events.', 'Mota Mava, Rajkot, Gujarat, 360005', 'Rajkot', 'Mota Mava', 22.26282070, 70.75967620, 'i-shree-khodiyar-party-plot', 3, 2, 0, 0, NULL, NULL, 'Mota Mava', 'Mota Mava', 'Wedding Venue', '[\"rajkot\",\"party-plots\"]', 0, 0, 0, 0, 0, 0, 0, NULL, NULL, NULL, 4.40, 54, NULL, 0, NULL, NULL, NULL, NULL, NULL, NULL, NULL, 'active', 'pending', 0, NULL, NULL, '2025-11-29 01:54:36', '2025-11-29 01:54:36'),
(5, 'Shashwat Party Lawns', 'Shashwat Party Lawns is a well-known wedding venue located in Shashwat party lawns Opposite Real Urban Deck Korat Vadi Main Road, Kalawad Rd, Rajkot, Gujarat 360005. It offers ample space, good ambience, and is suitable for weddings, receptions, parties, and social gatherings. With easy accessibility and essential amenities available, it serves as a reliable choice for hosting memorable events.', 'Shashwat party lawns Opposite Real Urban Deck Korat Vadi Main Road, Kalawad Rd, Rajkot, Gujarat, 360005', 'Rajkot', 'Kalawad Rd', 22.26929430, 70.74947610, 'shashwat-party-lawns', 3, 2, 0, 0, NULL, NULL, 'Kalawad Rd', 'Kalawad Rd', 'Wedding Venue', '[\"rajkot\",\"party-plots\"]', 0, 0, 0, 0, 0, 0, 0, NULL, NULL, NULL, 4.50, 68, NULL, 0, NULL, NULL, NULL, NULL, NULL, NULL, NULL, 'active', 'pending', 0, NULL, NULL, '2025-11-29 01:54:36', '2025-11-29 01:54:36'),
(6, 'Florence Party Lawns', 'Florence Party Lawns is a well-known wedding venue located in Kothariya Main Rd, near Dhanlaxmi Pump, Rajkot, Kotharia, Gujarat 360022. It offers ample space, good ambience, and is suitable for weddings, receptions, parties, and social gatherings. With easy accessibility and essential amenities available, it serves as a reliable choice for hosting memorable events.', 'Kothariya Main Rd, near Dhanlaxmi Pump, Rajkot, Kotharia, Gujarat, 360022', 'Rajkot', 'Kotharia', 22.22975240, 70.81761830, 'florence-party-lawns', 3, 2, 0, 0, NULL, NULL, 'Kotharia', 'Kotharia', 'Wedding Venue', '[\"rajkot\",\"party-plots\"]', 0, 0, 0, 0, 0, 0, 0, NULL, NULL, NULL, 4.40, 200, NULL, 0, NULL, NULL, NULL, NULL, NULL, NULL, '9825775339', 'active', 'pending', 0, NULL, NULL, '2025-11-29 01:54:36', '2025-11-29 01:54:36'),
(7, 'Kansar Party Plot', 'Kansar Party Plot is a well-known event venue located in A-801 Gujarat housing board, near FnF Fun and Food, Mota Mava, Rajkot, Gujarat 360005. It offers ample space, good ambience, and is suitable for weddings, receptions, parties, and social gatherings. With easy accessibility and essential amenities available, it serves as a reliable choice for hosting memorable events.', 'A-801 Gujarat housing board, near FnF Fun and Food, Mota Mava, Rajkot, Gujarat, 360005', 'Rajkot', 'Mota Mava', 22.26818170, 70.74465080, 'kansar-party-plot', 3, 3, 0, 0, NULL, NULL, 'Mota Mava', 'Mota Mava', 'Event Venue', '[\"rajkot\",\"party-plots\"]', 0, 0, 0, 0, 0, 0, 0, NULL, NULL, NULL, 4.30, 26, NULL, 1, NULL, NULL, NULL, NULL, NULL, NULL, NULL, 'active', 'pending', 0, NULL, NULL, '2025-11-29 01:54:36', '2025-11-29 07:05:13'),
(8, 'Vishwa Party Lawns & Banquet Hall', 'Vishwa Party Lawns & Banquet Hall is a well-known event venue located in New, . Ring Road, near Christ College, Munjka, Rajkot, Gujarat 360005. It offers ample space, good ambience, and is suitable for weddings, receptions, parties, and social gatherings. With easy accessibility and essential amenities available, it serves as a reliable choice for hosting memorable events.', 'New, . Ring Road, near Christ College, Munjka, Rajkot, Gujarat, 360005', 'Rajkot', 'Munjka', 22.29095650, 70.71819950, 'vishwa-party-lawns-banquet-hall', 3, 3, 0, 0, NULL, NULL, 'Munjka', 'Munjka', 'Event Venue', '[\"rajkot\",\"party-plots\"]', 0, 0, 0, 0, 0, 0, 0, NULL, NULL, NULL, 4.50, 380, NULL, 0, 'https://www.instagram.com/matuki_restaurant1/', 'https://www.facebook.com/matukirestaurant/', NULL, 'https://www.youtube.com/@MatukiRestaurant', 'http://www.matukigroup.com/#/', 'Info@mautkigroup.com,info@matukigroup.com,info@matukirestaurant.com', NULL, 'active', 'pending', 0, NULL, NULL, '2025-11-29 01:54:36', '2025-11-29 01:54:36'),
(9, 'Golden Petal Party Lawns', 'Golden Petal Party Lawns is a well-known party planner located in busstand, 150 Feet Ring Rd, opposite synergy hospital, Krishna Society, Madhapar, Rajkot, Gujarat 360006. It offers ample space, good ambience, and is suitable for weddings, receptions, parties, and social gatherings. With easy accessibility and essential amenities available, it serves as a reliable choice for hosting memorable events.', 'busstand, 150 Feet Ring Rd, opposite synergy hospital, Krishna Society, Madhapar, Rajkot, Gujarat, 360006', 'Rajkot', 'Madhapar', 22.32213020, 70.76939280, 'golden-petal-party-lawns', 3, 4, 0, 0, NULL, NULL, 'Madhapar', 'Madhapar', 'Party Plot', '[\"rajkot\",\"party-plots\"]', 0, 0, 0, 0, 0, 0, 0, NULL, NULL, NULL, 4.30, 228, NULL, 0, NULL, NULL, NULL, NULL, NULL, NULL, '8347777701', 'active', 'pending', 0, NULL, NULL, '2025-11-29 01:54:36', '2025-11-29 01:54:36'),
(10, 'City Light Party Plot, Rajkot', 'City Light Party Plot, Rajkot is a well-known event venue located in Kankot Rd, Rajkot, Gujarat 360005. It offers ample space, good ambience, and is suitable for weddings, receptions, parties, and social gatherings. With easy accessibility and essential amenities available, it serves as a reliable choice for hosting memorable events.', 'Kankot Rd, Rajkot, Gujarat, 360005', 'Rajkot', 'Kankot Rd', 22.24437430, 70.74969260, 'city-light-party-plot-rajkot', 3, 3, 0, 0, NULL, NULL, 'Kankot Rd', 'Kankot Rd', 'Event Venue', '[\"rajkot\",\"party-plots\"]', 0, 0, 0, 0, 0, 0, 0, NULL, NULL, NULL, 4.30, 476, NULL, 0, NULL, NULL, NULL, NULL, NULL, NULL, NULL, 'active', 'pending', 0, NULL, NULL, '2025-11-29 01:54:36', '2025-11-29 01:54:36'),
(11, 'Bhavbhumi Party Plot', 'Bhavbhumi Party Plot is a well-known wedding venue,banquet hall,marriage celebrant located in New, 150 Feet Ring Rd, Opp Varu Pani Restaurant, Rajkot, Gujarat 360005. It offers ample space, good ambience, and is suitable for weddings, receptions, parties, and social gatherings. With easy accessibility and essential amenities available, it serves as a reliable choice for hosting memorable events.', 'New, 150 Feet Ring Rd, Opp Varu Pani Restaurant, Rajkot, Gujarat, 360005', 'Rajkot', 'Opp Varu Pani Restaurant', 22.27643200, 70.74303800, 'bhavbhumi-party-plot', 3, 2, 0, 0, NULL, NULL, 'Opp Varu Pani Restaurant', 'Opp Varu Pani Restaurant', 'Wedding Venue, Banquet Hall', '[\"rajkot\",\"party-plots\"]', 0, 0, 0, 0, 0, 0, 0, NULL, NULL, NULL, 4.00, 136, NULL, 0, NULL, NULL, NULL, NULL, NULL, NULL, NULL, 'active', 'pending', 0, NULL, NULL, '2025-11-29 01:54:36', '2025-11-29 01:54:36'),
(12, 'Karan Party Plot', 'Karan Party Plot is a well-known wedding venue located in New, Victoria Gardens Rd, Rajkot, Gujarat 360005. It offers ample space, good ambience, and is suitable for weddings, receptions, parties, and social gatherings. With easy accessibility and essential amenities available, it serves as a reliable choice for hosting memorable events.', 'New, Victoria Gardens Rd, Rajkot, Gujarat, 360005', 'Rajkot', 'Victoria Gardens Rd', 22.26323550, 70.75082860, 'karan-party-plot', 3, 2, 0, 0, NULL, NULL, 'Victoria Gardens Rd', 'Victoria Gardens Rd', 'Wedding Venue', '[\"rajkot\",\"party-plots\"]', 0, 0, 0, 0, 0, 0, 0, NULL, NULL, NULL, 4.20, 158, NULL, 0, NULL, NULL, NULL, NULL, NULL, NULL, '9727200046', 'active', 'pending', 0, NULL, NULL, '2025-11-29 01:54:36', '2025-11-29 01:54:36'),
(13, 'Rudra Party Lawns', 'Rudra Party Lawns is a well-known event venue located in Rajkot, Gujarat 360005. It offers ample space, good ambience, and is suitable for weddings, receptions, parties, and social gatherings. With easy accessibility and essential amenities available, it serves as a reliable choice for hosting memorable events.', 'Rajkot, Gujarat, 360005', 'Rajkot', NULL, 22.27235880, 70.73615960, 'rudra-party-lawns', 3, 3, 0, 0, NULL, NULL, NULL, NULL, 'Event Venue', '[\"rajkot\",\"party-plots\"]', 0, 0, 0, 0, 0, 0, 0, NULL, NULL, NULL, 4.20, 145, NULL, 0, NULL, NULL, NULL, NULL, NULL, NULL, NULL, 'active', 'pending', 0, NULL, NULL, '2025-11-29 01:54:36', '2025-11-29 01:54:36'),
(14, 'Carnival Party Lawns', 'Carnival Party Lawns is a well-known event venue located in Mavdi - Kankot Rd, Mavdi, Rajkot, Gujarat 360004. It offers ample space, good ambience, and is suitable for weddings, receptions, parties, and social gatherings. With easy accessibility and essential amenities available, it serves as a reliable choice for hosting memorable events.', 'Mavdi - Kankot Rd, Mavdi, Rajkot, Gujarat, 360004', 'Rajkot', 'Mavdi', 22.24716450, 70.75864960, 'carnival-party-lawns', 3, 3, 0, 0, NULL, NULL, 'Mavdi', 'Mavdi', 'Event Venue', '[\"rajkot\",\"party-plots\"]', 0, 0, 0, 0, 0, 0, 0, NULL, NULL, NULL, 4.40, 157, NULL, 0, NULL, NULL, NULL, NULL, NULL, NULL, NULL, 'active', 'pending', 0, NULL, NULL, '2025-11-29 01:54:36', '2025-11-29 01:54:36'),
(15, 'Kings Party Lawns', 'Kings Party Lawns is a well-known event venue located in 5G9, Ring Rd, Opp. Rushab Vatika, Rajkot, Gujarat 360005. It offers ample space, good ambience, and is suitable for weddings, receptions, parties, and social gatherings. With easy accessibility and essential amenities available, it serves as a reliable choice for hosting memorable events.', '5G9, Ring Rd, Opp. Rushab Vatika, Rajkot, Gujarat, 360005', 'Rajkot', 'Opp. Rushab Vatika', 22.26542300, 70.74886320, 'kings-party-lawns', 3, 3, 0, 0, NULL, NULL, 'Opp. Rushab Vatika', 'Opp. Rushab Vatika', 'Event Venue', '[\"rajkot\",\"party-plots\"]', 0, 0, 0, 0, 0, 0, 0, NULL, NULL, NULL, 4.10, 315, NULL, 0, NULL, NULL, NULL, NULL, NULL, NULL, '8758534631', 'active', 'pending', 0, NULL, NULL, '2025-11-29 01:54:36', '2025-11-29 01:54:36'),
(16, 'Nilkanth Party Lawns', 'Nilkanth Party Lawns is a well-known wedding venue located in New 150 Feet Ring Road, Kalavad Rd, near R.K. University, Mota Mava, Rajkot, Gujarat 360005. It offers ample space, good ambience, and is suitable for weddings, receptions, parties, and social gatherings. With easy accessibility and essential amenities available, it serves as a reliable choice for hosting memorable events.', 'New 150 Feet Ring Road, Kalavad Rd, near R.K. University, Mota Mava, Rajkot, Gujarat, 360005', 'Rajkot', 'Mota Mava', 22.26308850, 70.75250400, 'nilkanth-party-lawns', 3, 2, 0, 0, NULL, NULL, 'Mota Mava', 'Mota Mava', 'Wedding Venue', '[\"rajkot\",\"party-plots\"]', 0, 0, 0, 0, 0, 0, 0, NULL, NULL, NULL, 4.40, 50, NULL, 0, NULL, NULL, NULL, NULL, NULL, NULL, NULL, 'active', 'pending', 0, NULL, NULL, '2025-11-29 01:54:36', '2025-11-29 01:54:36'),
(17, 'Balaji Party Plot', 'Balaji Party Plot is a well-known event venue located in R67, Rajkot, Gujarat 360004. It offers ample space, good ambience, and is suitable for weddings, receptions, parties, and social gatherings. With easy accessibility and essential amenities available, it serves as a reliable choice for hosting memorable events.', 'R67, Rajkot, Gujarat, 360004', 'Rajkot', NULL, 22.23952580, 70.76804970, 'balaji-party-plot', 3, 3, 0, 0, NULL, NULL, NULL, NULL, 'Event Venue', '[\"rajkot\",\"party-plots\"]', 0, 0, 0, 0, 0, 0, 0, NULL, NULL, NULL, 5.00, 11, NULL, 0, NULL, NULL, NULL, NULL, NULL, NULL, NULL, 'active', 'pending', 0, NULL, NULL, '2025-11-29 01:54:36', '2025-11-29 01:54:36'),
(18, 'SHYAM PARTY PLOT', 'SHYAM PARTY PLOT is a well-known wedding buffet located in 3M5, Mavdi - Kankot Rd, Rajkot, Gujarat 360004. It offers ample space, good ambience, and is suitable for weddings, receptions, parties, and social gatherings. With easy accessibility and essential amenities available, it serves as a reliable choice for hosting memorable events.', '3M5, Mavdi - Kankot Rd, Rajkot, Gujarat, 360004', 'Rajkot', 'Mavdi - Kankot Rd', 22.24764830, 70.76172480, 'shyam-party-plot', 3, 2, 0, 0, NULL, NULL, 'Mavdi - Kankot Rd', 'Mavdi - Kankot Rd', 'Wedding Venue', '[\"rajkot\",\"party-plots\"]', 0, 0, 0, 0, 0, 0, 0, NULL, NULL, NULL, 4.70, 33, NULL, 0, NULL, NULL, NULL, NULL, NULL, NULL, '9998111086', 'active', 'pending', 0, NULL, NULL, '2025-11-29 01:54:36', '2025-11-29 01:54:36'),
(19, 'Sopan Party Plot', 'Sopan Party Plot is a well-known event venue located in Rajkot Rd, Mota Mava, Rajkot, Gujarat 360005. It offers ample space, good ambience, and is suitable for weddings, receptions, parties, and social gatherings. With easy accessibility and essential amenities available, it serves as a reliable choice for hosting memorable events.', 'Rajkot Rd, Mota Mava, Rajkot, Gujarat, 360005', 'Rajkot', 'Mota Mava', 22.27074480, 70.74926890, 'sopan-party-plot', 3, 3, 0, 0, NULL, NULL, 'Mota Mava', 'Mota Mava', 'Event Venue', '[\"rajkot\",\"party-plots\"]', 0, 0, 0, 0, 0, 0, 0, NULL, NULL, NULL, 4.20, 132, NULL, 0, NULL, NULL, NULL, NULL, NULL, NULL, '7973944142', 'active', 'pending', 0, NULL, NULL, '2025-11-29 01:54:36', '2025-11-29 01:54:36'),
(20, 'Atithi Party Plot', 'Atithi Party Plot is a well-known wedding venue located in Suryoday Society, Nalanda Society, Rajkot, Gujarat 360005. It offers ample space, good ambience, and is suitable for weddings, receptions, parties, and social gatherings. With easy accessibility and essential amenities available, it serves as a reliable choice for hosting memorable events.', 'Suryoday Society, Nalanda Society, Rajkot, Gujarat, 360005', 'Rajkot', 'Nalanda Society', 22.28431670, 70.77372060, 'atithi-party-plot', 3, 2, 0, 0, NULL, NULL, 'Nalanda Society', 'Nalanda Society', 'Wedding Venue', '[\"rajkot\",\"party-plots\"]', 0, 0, 0, 0, 0, 0, 0, NULL, NULL, NULL, 4.80, 12, NULL, 0, NULL, NULL, NULL, NULL, NULL, NULL, NULL, 'active', 'pending', 0, NULL, NULL, '2025-11-29 01:54:36', '2025-11-29 01:54:36'),
(21, 'Pratilok Party Plot', 'Pratilok Party Plot is a well-known event venue located in Nana Mava Rd, opp. pratilok party plot, Padmi Society, Mavdi, Rajkot, Gujarat 360005. It offers ample space, good ambience, and is suitable for weddings, receptions, parties, and social gatherings. With easy accessibility and essential amenities available, it serves as a reliable choice for hosting memorable events.', 'Nana Mava Rd, opp. pratilok party plot, Padmi Society, Mavdi, Rajkot, Gujarat, 360005', 'Rajkot', 'Mavdi', 22.27436620, 70.77600990, 'pratilok-party-plot', 3, 3, 0, 0, NULL, NULL, 'Mavdi', 'Mavdi', 'Event Venue', '[\"rajkot\",\"party-plots\"]', 0, 0, 0, 0, 0, 0, 0, NULL, NULL, NULL, 4.10, 679, NULL, 0, NULL, NULL, NULL, NULL, NULL, NULL, '8488998692', 'active', 'pending', 0, NULL, NULL, '2025-11-29 01:54:36', '2025-11-29 01:54:36'),
(22, 'Diamond Party Plot', 'Diamond Party Plot is a well-known event venue located in Sardar chowk, Kotharia, Gujarat 360022. It offers ample space, good ambience, and is suitable for weddings, receptions, parties, and social gatherings. With easy accessibility and essential amenities available, it serves as a reliable choice for hosting memorable events.', 'Sardar chowk, Kotharia, Gujarat, 360022', 'Rajkot', 'Kotharia', 22.23301420, 70.81051790, 'diamond-party-plot', 3, 3, 0, 0, NULL, NULL, 'Kotharia', 'Kotharia', 'Event Venue', '[\"rajkot\",\"party-plots\"]', 0, 0, 0, 0, 0, 0, 0, NULL, NULL, NULL, 4.30, 332, NULL, 0, NULL, NULL, NULL, NULL, 'https://instagram.com/diamond_partyplot?utm_medium=copy_link', NULL, '9825144905', 'active', 'pending', 0, NULL, NULL, '2025-11-29 01:54:36', '2025-11-29 01:54:36'),
(23, 'Ram Villa Party Plot', 'Ram Villa Party Plot is a well-known function room facility,marriage celebrant located in Mavdi par rod, vgad, rod, chokdi Par, Rajkot, Gujarat 360004. It offers ample space, good ambience, and is suitable for weddings, receptions, parties, and social gatherings. With easy accessibility and essential amenities available, it serves as a reliable choice for hosting memorable events.', 'Mavdi par rod, vgad, rod, chokdi Par, Rajkot, Gujarat, 360004', 'Rajkot', 'Mavdi', 22.24090860, 70.76948340, 'ram-villa-party-plot', 3, 5, 0, 0, NULL, NULL, 'Mavdi', 'Mavdi', 'Function Room, Wedding Venue', '[\"rajkot\",\"party-plots\"]', 0, 0, 0, 0, 0, 0, 0, NULL, NULL, NULL, 4.20, 197, NULL, 0, NULL, NULL, NULL, NULL, NULL, NULL, NULL, 'active', 'pending', 0, NULL, NULL, '2025-11-29 01:54:36', '2025-11-29 01:54:36'),
(24, 'Madhav Party Plot', 'Madhav Party Plot is a well-known event venue located in Kuvadava Rd, near Dmart, opposite Raj school, Vrundavan Society, Rohidaspra, Rajkot, Gujarat 360003. It offers ample space, good ambience, and is suitable for weddings, receptions, parties, and social gatherings. With easy accessibility and essential amenities available, it serves as a reliable choice for hosting memorable events.', 'Kuvadava Rd, near Dmart, opposite Raj school, Vrundavan Society, Rohidaspra, Rajkot, Gujarat, 360003', 'Rajkot', 'Rohidaspra', 22.31477610, 70.82222900, 'madhav-party-plot', 3, 3, 0, 0, NULL, NULL, 'Rohidaspra', 'Rohidaspra', 'Event Venue', '[\"rajkot\",\"party-plots\"]', 0, 0, 0, 0, 0, 0, 0, NULL, NULL, NULL, 4.20, 308, NULL, 0, NULL, NULL, NULL, NULL, NULL, NULL, NULL, 'active', 'pending', 0, NULL, NULL, '2025-11-29 01:54:36', '2025-11-29 01:54:36'),
(25, 'Moments Party Plot', 'Moments Party Plot is a well-known wedding venue located in New ring road, behind Cosmoplex Cinema, Mota Mava, Rajkot, Gujarat 360005. It offers ample space, good ambience, and is suitable for weddings, receptions, parties, and social gatherings. With easy accessibility and essential amenities available, it serves as a reliable choice for hosting memorable events.', 'New ring road, behind Cosmoplex Cinema, Mota Mava, Rajkot, Gujarat, 360005', 'Rajkot', 'Mota Mava', 22.27537270, 70.74291970, 'moments-party-plot', 3, 2, 0, 0, NULL, NULL, 'Mota Mava', 'Mota Mava', 'Wedding Venue', '[\"rajkot\",\"party-plots\"]', 0, 0, 0, 0, 0, 0, 0, NULL, NULL, NULL, 4.40, 243, NULL, 0, NULL, NULL, NULL, NULL, NULL, NULL, '9824549491', 'active', 'pending', 0, NULL, NULL, '2025-11-29 01:54:36', '2025-11-29 01:54:36'),
(26, 'Shubh Aarambh Party Plot', 'Shubh Aarambh Party Plot is a well-known marriage celebrant located in New, 150 Feet Ring Rd, near Atal Sarovar, Rajkot, Gujarat 360006. It offers ample space, good ambience, and is suitable for weddings, receptions, parties, and social gatherings. With easy accessibility and essential amenities available, it serves as a reliable choice for hosting memorable events.', 'New, 150 Feet Ring Rd, near Atal Sarovar, Rajkot, Gujarat, 360006', 'Rajkot', NULL, 22.32414290, 70.73816740, 'shubh-aarambh-party-plot', 3, 2, 0, 0, NULL, NULL, NULL, NULL, 'Wedding Venue', '[\"rajkot\",\"party-plots\"]', 0, 0, 0, 0, 0, 0, 0, NULL, NULL, NULL, 4.90, 170, NULL, 0, NULL, NULL, NULL, NULL, NULL, NULL, '9081080810', 'active', 'pending', 0, NULL, NULL, '2025-11-29 01:54:36', '2025-11-29 01:54:36'),
(27, 'Karnavati Party Lawns', 'Karnavati Party Lawns is a well-known event venue located in H9P, Rajkot Rd, Mota Mava, Rajkot, Gujarat 360005. It offers ample space, good ambience, and is suitable for weddings, receptions, parties, and social gatherings. With easy accessibility and essential amenities available, it serves as a reliable choice for hosting memorable events.', 'H9P, Rajkot Rd, Mota Mava, Rajkot, Gujarat, 360005', 'Rajkot', 'Mota Mava', 22.26645560, 70.75095370, 'karnavati-party-lawns', 3, 3, 0, 0, NULL, NULL, 'Mota Mava', 'Mota Mava', 'Event Venue', '[\"rajkot\",\"party-plots\"]', 0, 0, 0, 0, 0, 0, 0, NULL, NULL, NULL, 4.30, 554, NULL, 0, NULL, NULL, NULL, NULL, NULL, NULL, NULL, 'active', 'pending', 0, NULL, NULL, '2025-11-29 01:54:36', '2025-11-29 01:54:36'),
(28, 'Event Party Plot', 'Event Party Plot is a well-known wedding venue,farm located in Nr Radhika Residency Mahika Road Mahika, Gam, Rajkot, Gujarat 360002. It offers ample space, good ambience, and is suitable for weddings, receptions, parties, and social gatherings. With easy accessibility and essential amenities available, it serves as a reliable choice for hosting memorable events.', 'Nr Radhika Residency Mahika Road Mahika, Gam, Rajkot, Gujarat, 360002', 'Rajkot', NULL, 22.27246140, 70.87359750, 'event-party-plot', 3, 2, 0, 0, NULL, NULL, NULL, NULL, 'Wedding Venue, Farm', '[\"rajkot\",\"party-plots\"]', 0, 0, 0, 0, 0, 0, 0, NULL, NULL, NULL, 4.50, 123, NULL, 0, NULL, NULL, NULL, NULL, NULL, NULL, '9898851151', 'active', 'pending', 0, NULL, NULL, '2025-11-29 01:54:36', '2025-11-29 01:54:36'),
(29, 'Vivah Party Lawns', 'Vivah Party Lawns is a well-known event venue located in 457, Mavdi Main Road, Mavdi, Rajkot, Pal, Gujarat 360004. It offers ample space, good ambience, and is suitable for weddings, receptions, parties, and social gatherings. With easy accessibility and essential amenities available, it serves as a reliable choice for hosting memorable events.', '457, Mavdi Main Road, Mavdi, Rajkot, Pal, Gujarat, 360004', 'Rajkot', 'Mavdi', 22.23278880, 70.76542390, 'vivah-party-lawns', 3, 3, 0, 0, NULL, NULL, 'Mavdi', 'Mavdi', 'Event Venue', '[\"rajkot\",\"party-plots\"]', 0, 0, 0, 0, 0, 0, 0, NULL, NULL, NULL, 4.30, 317, NULL, 0, NULL, NULL, NULL, NULL, NULL, NULL, '9687000004', 'active', 'pending', 0, NULL, NULL, '2025-11-29 01:54:36', '2025-11-29 01:54:36'),
(30, 'Amrutsagar Party Plot', 'Amrutsagar Party Plot is a well-known wedding venue located in 25P, Bharatvan Society, Chandra Park-2, Gulab Vatika, Rajkot, Gujarat 360001. It offers ample space, good ambience, and is suitable for weddings, receptions, parties, and social gatherings. With easy accessibility and essential amenities available, it serves as a reliable choice for hosting memorable events.', '25P, Bharatvan Society, Chandra Park-2, Gulab Vatika, Rajkot, Gujarat, 360001', 'Rajkot', 'Bharatvan', 22.28259270, 70.77545670, 'amrutsagar-party-plot', 3, 2, 0, 0, NULL, NULL, 'Bharatvan', 'Bharatvan', 'Wedding Venue', '[\"rajkot\",\"party-plots\"]', 0, 0, 0, 0, 0, 0, 0, NULL, NULL, NULL, 4.10, 430, NULL, 0, NULL, NULL, NULL, NULL, NULL, NULL, '9825620112', 'active', 'pending', 0, NULL, NULL, '2025-11-29 01:54:36', '2025-11-29 01:54:36'),
(31, 'Raghav Party Plot', 'Raghav Party Plot is a well-known festival hall located in shop no. 7,Avkar heritage, Nr, nagbai temple, Rajkot - Morbi Hwy, Shree Shakti Park, Shree Ram Society, Rajkot, Gujarat 360003. It offers ample space, good ambience, and is suitable for weddings, receptions, parties, and social gatherings. With easy accessibility and essential amenities available, it serves as a reliable choice for hosting memorable events.', 'shop no. 7,Avkar heritage, Nr, nagbai temple, Rajkot - Morbi Hwy, Shree Shakti Park, Shree Ram Society, Rajkot, Gujarat, 360003', 'Rajkot', NULL, 22.33299380, 70.81982140, 'raghav-party-plot', 3, 6, 0, 0, NULL, NULL, NULL, NULL, 'Festival Hall', '[\"rajkot\",\"party-plots\"]', 0, 0, 0, 0, 0, 0, 0, NULL, NULL, NULL, 4.40, 98, NULL, 0, NULL, NULL, NULL, NULL, NULL, NULL, NULL, 'active', 'pending', 0, NULL, NULL, '2025-11-29 01:54:36', '2025-11-29 01:54:36'),
(32, 'Diamond Party Plot', 'Diamond Party Plot is a well-known event venue located in Rajkot - Ahmedabad, National Highway, near IOC Plant, near Sagar Industrial Gate, Rajkot, Gujarat 360003. It offers ample space, good ambience, and is suitable for weddings, receptions, parties, and social gatherings. With easy accessibility and essential amenities available, it serves as a reliable choice for hosting memorable events.', 'Rajkot - Ahmedabad, National Highway, near IOC Plant, near Sagar Industrial Gate, Rajkot, Gujarat, 360003', 'Rajkot', NULL, 22.32492130, 70.86619010, 'diamond-party-plot-1', 3, 3, 0, 0, NULL, NULL, NULL, NULL, 'Event Venue', '[\"rajkot\",\"party-plots\"]', 0, 0, 0, 0, 0, 0, 0, NULL, NULL, NULL, 4.60, 50, NULL, 0, NULL, NULL, NULL, NULL, NULL, NULL, NULL, 'active', 'pending', 0, NULL, NULL, '2025-11-29 01:54:36', '2025-11-29 01:54:36'),
(33, 'Royal Party Plot', 'Royal Party Plot is a well-known event venue located in J5W, Rajkot Rd, Mota Mava, Rajkot, Gujarat 360005. It offers ample space, good ambience, and is suitable for weddings, receptions, parties, and social gatherings. With easy accessibility and essential amenities available, it serves as a reliable choice for hosting memorable events.', 'J5W, Rajkot Rd, Mota Mava, Rajkot, Gujarat, 360005', 'Rajkot', 'Mota Mava', 22.26661910, 70.75044840, 'royal-party-plot', 3, 3, 0, 0, NULL, NULL, 'Mota Mava', 'Mota Mava', 'Event Venue', '[\"rajkot\",\"party-plots\"]', 0, 0, 0, 0, 0, 0, 0, NULL, NULL, NULL, 4.20, 255, NULL, 0, NULL, NULL, NULL, NULL, NULL, NULL, '9327734356', 'active', 'pending', 0, NULL, NULL, '2025-11-29 01:54:36', '2025-11-29 01:54:36'),
(34, 'Mavdi Greens Party Plot - Gujarat Police', 'Mavdi Greens Party Plot - Gujarat Police is a well-known event venue located in 7Q86 CXW, Mota Mava, Rajkot, Gujarat 360005. It offers ample space, good ambience, and is suitable for weddings, receptions, parties, and social gatherings. With easy accessibility and essential amenities available, it serves as a reliable choice for hosting memorable events.', '7Q86 CXW, Mota Mava, Rajkot, Gujarat, 360005', 'Rajkot', 'Mota Mava', 22.26611310, 70.76246640, 'mavdi-greens-party-plot-gujarat-police', 3, 3, 0, 0, NULL, NULL, 'Mota Mava', 'Mota Mava', 'Event Venue', '[\"rajkot\",\"party-plots\"]', 0, 0, 0, 0, 0, 0, 0, NULL, NULL, NULL, 4.20, 142, NULL, 0, NULL, NULL, NULL, NULL, NULL, NULL, NULL, 'active', 'pending', 0, NULL, NULL, '2025-11-29 01:54:36', '2025-11-29 01:54:36'),
(35, 'Rameshwar Party Plot, Rajkot', 'Rameshwar Party Plot, Rajkot is a well-known event venue located in Laxminagar Street Number 4, Laxmi Nagar, Chandreshnagar, Rajkot, Gujarat 360004. It offers ample space, good ambience, and is suitable for weddings, receptions, parties, and social gatherings. With easy accessibility and essential amenities available, it serves as a reliable choice for hosting memorable events.', 'Laxminagar Street Number 4, Laxmi Nagar, Chandreshnagar, Rajkot, Gujarat, 360004', 'Rajkot', NULL, 22.28046600, 70.78946900, 'rameshwar-party-plot-rajkot', 3, 3, 0, 0, NULL, NULL, NULL, NULL, 'Event Venue', '[\"rajkot\",\"party-plots\"]', 0, 0, 0, 0, 0, 0, 0, NULL, NULL, NULL, 4.30, 23, NULL, 0, NULL, NULL, NULL, NULL, NULL, NULL, NULL, 'active', 'pending', 0, NULL, NULL, '2025-11-29 01:54:36', '2025-11-29 01:54:36'),
(36, 'Parijaat Party Plot', 'Parijaat Party Plot is a well-known event venue,wedding venue located in Sheetal Park Chowk, 150 Feet Ring Rd, Shastri Nagar, Gandhigram, Rajkot, Gujarat 360007. It offers ample space, good ambience, and is suitable for weddings, receptions, parties, and social gatherings. With easy accessibility and essential amenities available, it serves as a reliable choice for hosting memorable events.', 'Sheetal Park Chowk, 150 Feet Ring Rd, Shastri Nagar, Gandhigram, Rajkot, Gujarat, 360007', 'Rajkot', NULL, 22.31620090, 70.76727520, 'parijaat-party-plot', 3, 3, 0, 0, NULL, NULL, NULL, NULL, 'Event Venue, Wedding Venue', '[\"rajkot\",\"party-plots\"]', 0, 0, 0, 0, 0, 0, 0, NULL, NULL, NULL, 4.00, 365, NULL, 0, NULL, NULL, NULL, NULL, NULL, NULL, NULL, 'active', 'pending', 0, NULL, NULL, '2025-11-29 01:54:36', '2025-11-29 01:54:36'),
(37, 'Aaradhana Party Lawns', 'Aaradhana Party Lawns is a well-known event venue located in New 150 foot Ring Road, Rajkot, Gujarat 360005. It offers ample space, good ambience, and is suitable for weddings, receptions, parties, and social gatherings. With easy accessibility and essential amenities available, it serves as a reliable choice for hosting memorable events.', 'New 150 foot Ring Road, Rajkot, Gujarat, 360005', 'Rajkot', NULL, 22.24839040, 70.75146850, 'aaradhana-party-lawns', 3, 3, 0, 0, NULL, NULL, NULL, NULL, 'Event Venue', '[\"rajkot\",\"party-plots\"]', 0, 0, 0, 0, 0, 0, 0, NULL, NULL, NULL, 4.60, 207, NULL, 0, NULL, NULL, NULL, NULL, NULL, NULL, NULL, 'active', 'pending', 0, NULL, NULL, '2025-11-29 01:54:36', '2025-11-29 01:54:36'),
(38, 'Arjun Party Plot', 'Arjun Party Plot is a well-known wedding venue located in Kalavad Rd, Rajkot, Gujarat 360005. It offers ample space, good ambience, and is suitable for weddings, receptions, parties, and social gatherings. With easy accessibility and essential amenities available, it serves as a reliable choice for hosting memorable events.', 'Kalavad Rd, Rajkot, Gujarat, 360005', 'Rajkot', NULL, 22.26366190, 70.75054460, 'arjun-party-plot', 3, 2, 0, 0, NULL, NULL, NULL, NULL, 'Wedding Venue', '[\"rajkot\",\"party-plots\"]', 0, 0, 0, 0, 0, 0, 0, NULL, NULL, NULL, 4.10, 1130, NULL, 0, NULL, NULL, NULL, NULL, NULL, NULL, '9925093900', 'active', 'pending', 0, NULL, NULL, '2025-11-29 01:54:36', '2025-11-29 01:54:36'),
(39, 'Saffron Party Lawns', 'Saffron Party Lawns is a well-known event venue located in CXG, Rajkot Rd, Mota Mava, Rajkot, Gujarat 360005. It offers ample space, good ambience, and is suitable for weddings, receptions, parties, and social gatherings. With easy accessibility and essential amenities available, it serves as a reliable choice for hosting memorable events.', 'CXG, Rajkot Rd, Mota Mava, Rajkot, Gujarat, 360005', 'Rajkot', 'Mota Mava', 22.26606590, 70.74995760, 'saffron-party-lawns', 3, 3, 0, 0, NULL, NULL, 'Mota Mava', 'Mota Mava', 'Event Venue', '[\"rajkot\",\"party-plots\"]', 0, 0, 0, 0, 0, 0, 0, NULL, NULL, NULL, 4.20, 327, NULL, 0, NULL, NULL, NULL, NULL, NULL, NULL, '9327734356', 'active', 'pending', 0, NULL, NULL, '2025-11-29 01:54:36', '2025-11-29 01:54:36'),
(40, 'Shaneshwar Party Plot', 'Shaneshwar Party Plot is a well-known wedding venue located in G47, Mavdi Main Road, Rajkot, Gujarat 360004. It offers ample space, good ambience, and is suitable for weddings, receptions, parties, and social gatherings. With easy accessibility and essential amenities available, it serves as a reliable choice for hosting memorable events.', 'G47, Mavdi Main Road, Rajkot, Gujarat, 360004', 'Rajkot', 'Mavdi Main Road', 22.23877570, 70.76778860, 'shaneshwar-party-plot', 3, 2, 0, 0, NULL, NULL, 'Mavdi Main Road', 'Mavdi Main Road', 'Wedding Venue', '[\"rajkot\",\"party-plots\"]', 0, 0, 0, 0, 0, 0, 0, NULL, NULL, NULL, 4.40, 364, NULL, 0, NULL, NULL, NULL, NULL, NULL, NULL, NULL, 'active', 'pending', 0, NULL, NULL, '2025-11-29 01:54:36', '2025-11-29 01:54:36'),
(41, 'Greenland Party Plot', 'Greenland Party Plot is a well-known wedding venue located in Greenland Chokdi, Gujarat 360003. It offers ample space, good ambience, and is suitable for weddings, receptions, parties, and social gatherings. With easy accessibility and essential amenities available, it serves as a reliable choice for hosting memorable events.', 'Greenland Chokdi, Gujarat, 360003', 'Rajkot', 'Greenland Chokdi', 22.31059370, 70.82878270, 'greenland-party-plot', 3, 2, 0, 0, NULL, NULL, 'Greenland Chokdi', 'Greenland Chokdi', 'Wedding Venue', '[\"rajkot\",\"party-plots\"]', 0, 0, 0, 0, 0, 0, 0, NULL, NULL, NULL, 4.50, 20, NULL, 0, NULL, NULL, NULL, NULL, NULL, NULL, NULL, 'active', 'pending', 0, NULL, NULL, '2025-11-29 01:54:36', '2025-11-29 01:54:36'),
(42, 'Raj Shrungar Party Plot', 'Raj Shrungar Party Plot is a well-known event venue located in 150 Feet Ring Rd, Chandra Park, Rajkot, Gujarat 360005. It offers ample space, good ambience, and is suitable for weddings, receptions, parties, and social gatherings. With easy accessibility and essential amenities available, it serves as a reliable choice for hosting memorable events.', '150 Feet Ring Rd, Chandra Park, Rajkot, Gujarat, 360005', 'Rajkot', NULL, 22.27770760, 70.77653020, 'raj-shrungar-party-plot', 3, 3, 0, 0, NULL, NULL, NULL, NULL, 'Event Venue', '[\"rajkot\",\"party-plots\"]', 0, 0, 0, 0, 0, 0, 0, NULL, NULL, NULL, 4.10, 61, NULL, 0, NULL, NULL, NULL, NULL, NULL, NULL, NULL, 'active', 'pending', 0, NULL, NULL, '2025-11-29 01:54:36', '2025-11-29 01:54:36'),
(43, 'Dreamland Party Plot', 'Dreamland Party Plot is a well-known event venue located in VQ, Rajkot, Gujarat 360005. It offers ample space, good ambience, and is suitable for weddings, receptions, parties, and social gatherings. With easy accessibility and essential amenities available, it serves as a reliable choice for hosting memorable events.', 'VQ, Rajkot, Gujarat, 360005', 'Rajkot', NULL, 22.25479900, 70.72888650, 'dreamland-party-plot', 3, 3, 0, 0, NULL, NULL, NULL, NULL, 'Event Venue', '[\"rajkot\",\"party-plots\"]', 0, 0, 0, 0, 0, 0, 0, NULL, NULL, NULL, 4.30, 403, NULL, 0, NULL, NULL, NULL, NULL, NULL, NULL, NULL, 'active', 'pending', 0, NULL, NULL, '2025-11-29 01:54:36', '2025-11-29 01:54:36'),
(44, 'AKASH PARTY LAWNS', 'AKASH PARTY LAWNS is a well-known event venue located in Sunshine College Road, Ring Rd, opp. White Heaven, Mota Mava, Rajkot, Gujarat 360005. It offers ample space, good ambience, and is suitable for weddings, receptions, parties, and social gatherings. With easy accessibility and essential amenities available, it serves as a reliable choice for hosting memorable events.', 'Sunshine College Road, Ring Rd, opp. White Heaven, Mota Mava, Rajkot, Gujarat, 360005', 'Rajkot', 'Mota Mava', 22.26134400, 70.74316250, 'akash-party-lawns', 3, 3, 0, 0, NULL, NULL, 'Mota Mava', 'Mota Mava', 'Event Venue', '[\"rajkot\",\"party-plots\"]', 0, 0, 0, 0, 0, 0, 0, NULL, NULL, NULL, 4.70, 111, NULL, 0, NULL, NULL, NULL, NULL, NULL, NULL, '9638111011', 'active', 'pending', 0, NULL, NULL, '2025-11-29 01:54:36', '2025-11-29 01:54:36'),
(45, 'Rajhans Party Plot And Banquet Hall', 'Rajhans Party Plot And Banquet Hall is a well-known wedding venue located in 201, Nana Mava Rd, Satyam Park, Shastri Nagar, Rajkot, Gujarat 360005. It offers ample space, good ambience, and is suitable for weddings, receptions, parties, and social gatherings. With easy accessibility and essential amenities available, it serves as a reliable choice for hosting memorable events.', '201, Nana Mava Rd, Satyam Park, Shastri Nagar, Rajkot, Gujarat, 360005', 'Rajkot', NULL, 22.27198310, 70.76622280, 'rajhans-party-plot-and-banquet-hall', 3, 2, 0, 0, NULL, NULL, NULL, NULL, 'Wedding Venue', '[\"rajkot\",\"party-plots\"]', 0, 0, 0, 0, 0, 0, 0, NULL, NULL, NULL, 4.20, 196, NULL, 0, NULL, NULL, NULL, NULL, NULL, NULL, NULL, 'active', 'pending', 0, NULL, NULL, '2025-11-29 01:54:36', '2025-11-29 01:54:36'),
(46, 'Wedding Place Party Plot', 'Wedding Place Party Plot is a well-known wedding venue located in Mota Mava, Rajkot, Gujarat 360005. It offers ample space, good ambience, and is suitable for weddings, receptions, parties, and social gatherings. With easy accessibility and essential amenities available, it serves as a reliable choice for hosting memorable events.', 'Mota Mava, Rajkot, Gujarat, 360005', 'Rajkot', 'Mota Mava', 22.26372950, 70.75433390, 'wedding-place-party-plot', 3, 2, 0, 0, NULL, NULL, 'Mota Mava', 'Mota Mava', 'Wedding Venue', '[\"rajkot\",\"party-plots\"]', 0, 0, 0, 0, 0, 0, 0, NULL, NULL, NULL, 4.00, 259, NULL, 0, NULL, NULL, NULL, NULL, NULL, NULL, NULL, 'active', 'pending', 0, NULL, NULL, '2025-11-29 01:54:36', '2025-11-29 01:54:36'),
(47, 'KARTIK Party Lawn', 'KARTIK Party Lawn is a well-known farm located in New 80 Feet Rd, Sardar Patel Colony, Vrundavan Society, Rohidaspra, Rajkot, Gujarat 360003. It offers ample space, good ambience, and is suitable for weddings, receptions, parties, and social gatherings. With easy accessibility and essential amenities available, it serves as a reliable choice for hosting memorable events.', 'New 80 Feet Rd, Sardar Patel Colony, Vrundavan Society, Rohidaspra, Rajkot, Gujarat, 360003', 'Rajkot', 'Rohidaspra', 22.31588120, 70.81922160, 'kartik-party-lawn', 3, 7, 0, 0, NULL, NULL, 'Rohidaspra', 'Rohidaspra', 'Farm', '[\"rajkot\",\"party-plots\"]', 0, 0, 0, 0, 0, 0, 0, NULL, NULL, NULL, 4.30, 322, NULL, 28, NULL, NULL, NULL, NULL, NULL, NULL, '9327490902', 'active', 'pending', 0, NULL, NULL, '2025-11-29 01:54:36', '2025-11-29 05:23:17'),
(48, 'Bandhan Party Plot', 'Bandhan Party Plot is a well-known wedding venue located in B-8, 150 Feet Ring Road, Ayodhya Chowk, near Madhapar, Gujarat 360006. It offers ample space, good ambience, and is suitable for weddings, receptions, parties, and social gatherings. With easy accessibility and essential amenities available, it serves as a reliable choice for hosting memorable events.', 'B-8, 150 Feet Ring Road, Ayodhya Chowk, near Madhapar, Gujarat, 360006', 'Rajkot', 'near Madhapar', 22.31958480, 70.76790820, 'bandhan-party-plot', 3, 2, 0, 0, NULL, NULL, 'near Madhapar', 'near Madhapar', 'Wedding Venue', '[\"rajkot\",\"party-plots\"]', 0, 0, 0, 0, 0, 0, 0, NULL, NULL, NULL, 4.10, 807, NULL, 0, NULL, NULL, NULL, NULL, NULL, NULL, NULL, 'active', 'pending', 0, NULL, NULL, '2025-11-29 01:54:36', '2025-11-29 01:54:36'),
(49, 'Krishna Party Plot', 'Krishna Party Plot is a well-known wedding venue located in C4R, Rajkot, Gujarat 360004. It offers ample space, good ambience, and is suitable for weddings, receptions, parties, and social gatherings. With easy accessibility and essential amenities available, it serves as a reliable choice for hosting memorable events.', 'C4R, Rajkot, Gujarat, 360004', 'Rajkot', NULL, 22.24360170, 70.77025650, 'krishna-party-plot', 3, 2, 0, 0, NULL, NULL, NULL, NULL, 'Wedding Venue', '[\"rajkot\",\"party-plots\"]', 0, 0, 0, 0, 0, 0, 0, NULL, NULL, NULL, 4.20, 666, NULL, 0, NULL, NULL, NULL, NULL, NULL, NULL, NULL, 'active', 'pending', 0, NULL, NULL, '2025-11-29 01:54:36', '2025-11-29 01:54:36'),
(50, 'Shubh Mangal Partylawns & Banquets', 'Shubh Mangal Partylawns & Banquets is a well-known event venue located in New, 150 Feet Ring Rd, patidar chok, Rajkot, Gujarat 360004. It offers ample space, good ambience, and is suitable for weddings, receptions, parties, and social gatherings. With easy accessibility and essential amenities available, it serves as a reliable choice for hosting memorable events.', 'New, 150 Feet Ring Rd, patidar chok, Rajkot, Gujarat, 360004', 'Rajkot', NULL, 22.24336490, 70.75758400, 'shubh-mangal-partylawns-banquets', 3, 3, 0, 0, NULL, NULL, NULL, NULL, 'Event Venue', '[\"rajkot\",\"party-plots\"]', 0, 0, 0, 0, 0, 0, 0, NULL, NULL, NULL, 4.50, 278, NULL, 0, NULL, NULL, NULL, NULL, NULL, NULL, '9023544610', 'active', 'pending', 0, NULL, NULL, '2025-11-29 01:54:36', '2025-11-29 01:54:36'),
(51, 'Amrutpushp Party Plot', 'Amrutpushp Party Plot is a well-known event venue located in 1-10, Santoshi Nagar, Rajkot, Gujarat 360001. It offers ample space, good ambience, and is suitable for weddings, receptions, parties, and social gatherings. With easy accessibility and essential amenities available, it serves as a reliable choice for hosting memorable events.', '1-10, Santoshi Nagar, Rajkot, Gujarat, 360001', 'Rajkot', NULL, 22.33225170, 70.78071650, 'amrutpushp-party-plot', 3, 3, 0, 0, NULL, NULL, NULL, NULL, 'Event Venue', '[\"rajkot\",\"party-plots\"]', 0, 0, 0, 0, 0, 0, 0, NULL, NULL, NULL, 4.90, 14, NULL, 0, NULL, NULL, NULL, NULL, NULL, NULL, NULL, 'active', 'pending', 0, NULL, NULL, '2025-11-29 01:54:36', '2025-11-29 01:54:36'),
(52, 'Shivam Party Plot', 'Shivam Party Plot is a well-known event venue located in 224, Kankot Rd, Sadguru Nagar, Rajkot, Gujarat 360005. It offers ample space, good ambience, and is suitable for weddings, receptions, parties, and social gatherings. With easy accessibility and essential amenities available, it serves as a reliable choice for hosting memorable events.', '224, Kankot Rd, Sadguru Nagar, Rajkot, Gujarat, 360005', 'Rajkot', 'Kankot', 22.26251570, 70.73508370, 'shivam-party-plot', 3, 3, 0, 0, NULL, NULL, 'Kankot', 'Kankot', 'Event Venue', '[\"rajkot\",\"party-plots\"]', 0, 0, 0, 0, 0, 0, 0, NULL, NULL, NULL, 4.10, 301, NULL, 0, NULL, NULL, NULL, NULL, NULL, NULL, '9825194541', 'active', 'pending', 0, NULL, NULL, '2025-11-29 01:54:36', '2025-11-29 01:54:36'),
(53, 'Nageshwar Party Lawns', 'Nageshwar Party Lawns is a well-known event venue located in Nageshwar party plot, New 150 ft, Ring Rd, near sanskruti party plot, Rajkot, Gujarat 360005. It offers ample space, good ambience, and is suitable for weddings, receptions, parties, and social gatherings. With easy accessibility and essential amenities available, it serves as a reliable choice for hosting memorable events.', 'Nageshwar party plot, New 150 ft, Ring Rd, near sanskruti party plot, Rajkot, Gujarat, 360005', 'Rajkot', NULL, 22.27737520, 70.73127030, 'nageshwar-party-lawns', 3, 3, 0, 0, NULL, NULL, NULL, NULL, 'Event Venue', '[\"rajkot\",\"party-plots\"]', 0, 0, 0, 0, 0, 0, 0, NULL, NULL, NULL, 4.30, 62, NULL, 0, NULL, NULL, NULL, NULL, NULL, NULL, '9909955959', 'active', 'pending', 0, NULL, NULL, '2025-11-29 01:54:36', '2025-11-29 01:54:36'),
(54, 'Rushabh Vatika Party Plot', 'Rushabh Vatika Party Plot is a well-known event venue located in Ring Road, Nr. Kataria Maruti Suzuki, opp. Aqua Coral, Rajkot, Gujarat 360005. It offers ample space, good ambience, and is suitable for weddings, receptions, parties, and social gatherings. With easy accessibility and essential amenities available, it serves as a reliable choice for hosting memorable events.', 'Ring Road, Nr. Kataria Maruti Suzuki, opp. Aqua Coral, Rajkot, Gujarat, 360005', 'Rajkot', NULL, 22.26693640, 70.74917570, 'rushabh-vatika-party-plot', 3, 3, 0, 0, NULL, NULL, NULL, NULL, 'Event Venue', '[\"rajkot\",\"party-plots\"]', 0, 0, 0, 0, 0, 0, 0, NULL, NULL, NULL, 4.50, 20, NULL, 0, NULL, NULL, NULL, NULL, NULL, NULL, NULL, 'active', 'pending', 0, NULL, NULL, '2025-11-29 01:54:36', '2025-11-29 01:54:36'),
(55, 'shree Party Lawns Rajkot / Luxury / Affordable / Wedding Lawn', 'shree Party Lawns Rajkot / Luxury / Affordable / Wedding Lawn is a well-known event venue located in Main road, Kothariya, Rajkot, Gujarat 360022. It offers ample space, good ambience, and is suitable for weddings, receptions, parties, and social gatherings. With easy accessibility and essential amenities available, it serves as a reliable choice for hosting memorable events.', 'Main road, Kothariya, Rajkot, Gujarat, 360022', 'Rajkot', 'Kothariya', 22.19644550, 70.82239400, 'shree-party-lawns-rajkot-luxury-affordable-wedding-lawn', 3, 3, 0, 0, NULL, NULL, 'Kothariya', 'Kothariya', 'Event Venue', '[\"rajkot\",\"party-plots\"]', 0, 0, 0, 0, 0, 0, 0, NULL, NULL, NULL, 4.70, 43, NULL, 0, NULL, NULL, NULL, NULL, NULL, NULL, '9586088660', 'active', 'pending', 0, NULL, NULL, '2025-11-29 01:54:36', '2025-11-29 01:54:36'),
(56, 'Mangal Deep Party Plot', 'Mangal Deep Party Plot is a well-known wedding venue located in Mahika Rd, Mahika, Rajkot, Gujarat 360002. It offers ample space, good ambience, and is suitable for weddings, receptions, parties, and social gatherings. With easy accessibility and essential amenities available, it serves as a reliable choice for hosting memorable events.', 'Mahika Rd, Mahika, Rajkot, Gujarat, 360002', 'Rajkot', NULL, 22.27217110, 70.87423340, 'mangal-deep-party-plot', 3, 2, 0, 0, NULL, NULL, NULL, NULL, 'Wedding Venue', '[\"rajkot\",\"party-plots\"]', 0, 0, 0, 0, 0, 0, 0, NULL, NULL, NULL, 4.40, 50, NULL, 0, NULL, NULL, NULL, NULL, NULL, NULL, NULL, 'active', 'pending', 0, NULL, NULL, '2025-11-29 01:54:36', '2025-11-29 01:54:36'),
(57, 'Pyramid Party Lawn', 'Pyramid Party Lawn is a well-known wedding venue located in FF5 Patidar chock, Road, Kankot, Rajkot, Gujarat 360004. It offers ample space, good ambience, and is suitable for weddings, receptions, parties, and social gatherings. With easy accessibility and essential amenities available, it serves as a reliable choice for hosting memorable events.', 'FF5 Patidar chock, Road, Kankot, Rajkot, Gujarat, 360004', 'Rajkot', 'Kankot', 22.24612740, 70.75622250, 'pyramid-party-lawn', 3, 2, 0, 0, NULL, NULL, 'Kankot', 'Kankot', 'Wedding Venue', '[\"rajkot\",\"party-plots\"]', 0, 0, 0, 0, 0, 0, 0, NULL, NULL, NULL, 4.30, 450, NULL, 0, NULL, NULL, NULL, NULL, NULL, NULL, NULL, 'active', 'pending', 0, NULL, NULL, '2025-11-29 01:54:36', '2025-11-29 01:54:36'),
(58, 'Rajhans Party Plot', 'Rajhans Party Plot is a well-known event venue located in Radha Nagar Society, Chandreshnagar, Rajkot, Gujarat 360004. It offers ample space, good ambience, and is suitable for weddings, receptions, parties, and social gatherings. With easy accessibility and essential amenities available, it serves as a reliable choice for hosting memorable events.', 'Radha Nagar Society, Chandreshnagar, Rajkot, Gujarat, 360004', 'Rajkot', NULL, 22.27874760, 70.78938940, 'rajhans-party-plot', 3, 3, 0, 0, NULL, NULL, NULL, NULL, 'Event Venue', '[\"rajkot\",\"party-plots\"]', 0, 0, 0, 0, 0, 0, 0, NULL, NULL, NULL, 4.40, 16, NULL, 0, NULL, NULL, NULL, NULL, NULL, NULL, NULL, 'active', 'pending', 0, NULL, NULL, '2025-11-29 01:54:36', '2025-11-29 01:54:36'),
(59, 'Giriraj Party Plot', 'Giriraj Party Plot is a well-known wedding venue located in 37V, Juno Morbi Rd, Vrundavan Society, Rohidaspra, Rajkot, Gujarat 360003. It offers ample space, good ambience, and is suitable for weddings, receptions, parties, and social gatherings. With easy accessibility and essential amenities available, it serves as a reliable choice for hosting memorable events.', '37V, Juno Morbi Rd, Vrundavan Society, Rohidaspra, Rajkot, Gujarat, 360003', 'Rajkot', 'Rohidaspra', 22.31773750, 70.81817280, 'giriraj-party-plot', 3, 2, 0, 0, NULL, NULL, 'Rohidaspra', 'Rohidaspra', 'Wedding Venue', '[\"rajkot\",\"party-plots\"]', 0, 0, 0, 0, 0, 0, 0, NULL, NULL, NULL, 4.20, 621, NULL, 0, NULL, NULL, NULL, NULL, NULL, NULL, NULL, 'active', 'pending', 0, NULL, NULL, '2025-11-29 01:54:36', '2025-11-29 01:54:36'),
(60, 'Delight Party Lawns & Family Restaurant', 'Delight Party Lawns & Family Restaurant is a well-known wedding venue located in 150 Feet Ring Rd, Before Cosmoplex Cinema, Munjka, Rajkot, Gujarat 360005. It offers ample space, good ambience, and is suitable for weddings, receptions, parties, and social gatherings. With easy accessibility and essential amenities available, it serves as a reliable choice for hosting memorable events.', '150 Feet Ring Rd, Before Cosmoplex Cinema, Munjka, Rajkot, Gujarat, 360005', 'Rajkot', 'Munjka', 22.28475310, 70.73564330, 'delight-party-lawns-family-restaurant', 3, 2, 0, 0, NULL, NULL, 'Munjka', 'Munjka', 'Wedding Venue', '[\"rajkot\",\"party-plots\"]', 0, 0, 0, 0, 0, 0, 0, NULL, NULL, NULL, 4.30, 1342, NULL, 0, NULL, NULL, NULL, NULL, 'http://www.delightpartylawns.com/', NULL, '8511188870', 'active', 'pending', 0, NULL, NULL, '2025-11-29 01:54:36', '2025-11-29 01:54:36');
INSERT INTO `party_plots` (`id`, `name`, `description`, `full_address`, `city`, `area`, `latitude`, `longitude`, `slug`, `creator_user_id`, `category_id`, `capacity_min`, `capacity_max`, `price_range_min`, `price_range_max`, `area_lawn`, `area_banquet`, `suitable_events`, `tags`, `parking`, `rooms`, `dj_allowed`, `decoration_allowed`, `catering_allowed`, `generator_backup`, `ac_available`, `featured_image`, `gallery_images`, `video_links`, `google_rating`, `google_review_count`, `google_review_text`, `visitors`, `instagram`, `facebook`, `twitter`, `youtube`, `website`, `email`, `phone`, `status`, `listing_status`, `verified`, `claimed_by_user_id`, `place_id`, `created_at`, `updated_at`) VALUES
(61, 'Shangar Party Lounge', 'Shangar Party Lounge is a well-known wedding venue located in 4V8, Kalawad road, behind rangoli park, Ring Rd, behind Arjun Party Plot, Rajkot, Gujarat 360005. It offers ample space, good ambience, and is suitable for weddings, receptions, parties, and social gatherings. With easy accessibility and essential amenities available, it serves as a reliable choice for hosting memorable events.', '4V8, Kalawad road, behind rangoli park, Ring Rd, behind Arjun Party Plot, Rajkot, Gujarat, 360005', 'Rajkot', 'Kalawad', 22.26278000, 70.74970710, 'shangar-party-lounge', 3, 2, 0, 0, NULL, NULL, 'Kalawad', 'Kalawad', 'Wedding Venue', '[\"rajkot\",\"party-plots\"]', 0, 0, 0, 0, 0, 0, 0, NULL, NULL, NULL, 4.40, 107, NULL, 4, NULL, NULL, NULL, NULL, NULL, NULL, '9825040239', 'active', 'pending', 0, NULL, NULL, '2025-11-29 01:54:36', '2025-12-14 01:47:40'),
(62, 'Ram Vatika Party Lawns', 'Ram Vatika Party Lawns is a well-known event venue located in 150, Ring road, Rajkot, Gujarat 360005. It offers ample space, good ambience, and is suitable for weddings, receptions, parties, and social gatherings. With easy accessibility and essential amenities available, it serves as a reliable choice for hosting memorable events.', '150, Ring road, Rajkot, Gujarat, 360005', 'Rajkot', NULL, 22.24146580, 70.75721170, 'ram-vatika-party-lawns', 3, 3, 0, 0, NULL, NULL, NULL, NULL, 'Event Venue', '[\"rajkot\",\"party-plots\"]', 0, 0, 0, 0, 0, 0, 0, NULL, NULL, NULL, 4.50, 72, NULL, 0, NULL, NULL, NULL, NULL, NULL, NULL, NULL, 'active', 'pending', 0, NULL, NULL, '2025-11-29 01:54:36', '2025-11-29 01:54:36'),
(63, 'Event Party Lawns', 'Event Party Lawns is a well-known event venue located in Ring Rd, opposite tulshi green, near Kataria chokdi, Mota Mava, Rajkot, Gujarat 360005. It offers ample space, good ambience, and is suitable for weddings, receptions, parties, and social gatherings. With easy accessibility and essential amenities available, it serves as a reliable choice for hosting memorable events.', 'Ring Rd, opposite tulshi green, near Kataria chokdi, Mota Mava, Rajkot, Gujarat, 360005', 'Rajkot', 'Mota Mava', 22.26507920, 70.74476510, 'event-party-lawns', 3, 3, 0, 0, NULL, NULL, 'Mota Mava', 'Mota Mava', 'Event Venue', '[\"rajkot\",\"party-plots\"]', 0, 0, 0, 0, 0, 0, 0, NULL, NULL, NULL, 4.00, 176, NULL, 0, NULL, NULL, NULL, NULL, NULL, NULL, NULL, 'active', 'pending', 0, NULL, NULL, '2025-11-29 01:54:36', '2025-11-29 01:54:36'),
(64, 'Classic Party Lawns', 'Classic Party Lawns is a well-known wedding venue located in Avadh Rd, off Kalawad Road, near The Elegance Party Lawn, Rajkot, Gujarat 360005. It offers ample space, good ambience, and is suitable for weddings, receptions, parties, and social gatherings. With easy accessibility and essential amenities available, it serves as a reliable choice for hosting memorable events.', 'Avadh Rd, off Kalawad Road, near The Elegance Party Lawn, Rajkot, Gujarat, 360005', 'Rajkot', 'Off Kalawad Road', 22.27202670, 70.72379650, 'classic-party-lawns', 3, 2, 0, 0, NULL, NULL, 'Off Kalawad Road', 'Off Kalawad Road', 'Wedding Venue', '[\"rajkot\",\"party-plots\"]', 0, 0, 0, 0, 0, 0, 0, NULL, NULL, NULL, 4.50, 588, NULL, 0, NULL, NULL, NULL, NULL, 'http://www.classicpartylawns.com/', NULL, '7046944444', 'active', 'pending', 0, NULL, NULL, '2025-11-29 01:54:36', '2025-11-29 01:54:36'),
(65, 'Akshar Party Lawns', 'Akshar Party Lawns is a well-known wedding venue located in Krishna Society, Bajrang Wadi, Rajkot, Gujarat 360006. It offers ample space, good ambience, and is suitable for weddings, receptions, parties, and social gatherings. With easy accessibility and essential amenities available, it serves as a reliable choice for hosting memorable events.', 'Krishna Society, Bajrang Wadi, Rajkot, Gujarat, 360006', 'Rajkot', 'Krishna Society', 22.32375160, 70.76834880, 'akshar-party-lawns', 3, 2, 0, 0, NULL, NULL, 'Krishna Society', 'Krishna Society', 'Wedding Venue', '[\"rajkot\",\"party-plots\"]', 0, 0, 0, 0, 0, 0, 0, NULL, NULL, NULL, 4.10, 147, NULL, 0, NULL, NULL, NULL, NULL, NULL, NULL, '8000089889', 'active', 'pending', 0, NULL, NULL, '2025-11-29 01:54:36', '2025-11-29 01:54:36'),
(66, 'Shree Diwali Baug Party Lawns', 'Shree Diwali Baug Party Lawns is a well-known wedding venue located in Opo. VR Box, Cricket Venue, New, Ring Road, nearby Shadbhavna Nursery, Rajkot, Gujarat 360004. It offers ample space, good ambience, and is suitable for weddings, receptions, parties, and social gatherings. With easy accessibility and essential amenities available, it serves as a reliable choice for hosting memorable events.', 'Opo. VR Box, Cricket Venue, New, Ring Road, nearby Shadbhavna Nursery, Rajkot, Gujarat, 360004', 'Rajkot', NULL, 22.24042910, 70.75909260, 'shree-diwali-baug-party-lawns', 3, 2, 0, 0, NULL, NULL, NULL, NULL, 'Wedding Venue', '[\"rajkot\",\"party-plots\"]', 0, 0, 0, 0, 0, 0, 0, NULL, NULL, NULL, 4.60, 60, NULL, 0, NULL, NULL, NULL, NULL, NULL, NULL, '9228309800', 'active', 'pending', 0, NULL, NULL, '2025-11-29 01:54:36', '2025-11-29 01:54:36'),
(67, 'Samanvay Party Lawns', 'Samanvay Party Lawns is a well-known wedding venue located in Samanvay Party Lawns, Kankot Rd, Off, Kalavad Rd, Rajkot, Gujarat 360005. It offers ample space, good ambience, and is suitable for weddings, receptions, parties, and social gatherings. With easy accessibility and essential amenities available, it serves as a reliable choice for hosting memorable events.', 'Samanvay Party Lawns, Kankot Rd, Off, Kalavad Rd, Rajkot, Gujarat, 360005', 'Rajkot', 'Kankot', 22.26085320, 70.73571230, 'samanvay-party-lawns', 3, 2, 0, 0, NULL, NULL, 'Kankot', 'Kankot', 'Wedding Venue', '[\"rajkot\",\"party-plots\"]', 0, 0, 0, 0, 0, 0, 0, NULL, NULL, NULL, 4.30, 318, NULL, 2, NULL, NULL, NULL, NULL, NULL, NULL, NULL, 'active', 'pending', 0, NULL, NULL, '2025-11-29 01:54:36', '2025-11-29 23:44:05'),
(68, 'Krish Party Plot', 'Krish Party Plot is a well-known wedding venue located in PCW, 150 Feet Ring Rd, Rajkot, Gujarat 360004. It offers ample space, good ambience, and is suitable for weddings, receptions, parties, and social gatherings. With easy accessibility and essential amenities available, it serves as a reliable choice for hosting memorable events.', 'PCW, 150 Feet Ring Rd, Rajkot, Gujarat, 360004', 'Rajkot', NULL, 22.24686910, 70.75608670, 'krish-party-plot', 3, 2, 0, 0, NULL, NULL, NULL, NULL, 'Wedding Venue', '[\"rajkot\",\"party-plots\"]', 0, 0, 0, 0, 0, 0, 0, NULL, NULL, NULL, 4.30, 176, NULL, 0, NULL, NULL, NULL, NULL, NULL, NULL, NULL, 'active', 'pending', 0, NULL, NULL, '2025-11-29 01:54:36', '2025-11-29 01:54:36'),
(69, 'The Shagun Party Lawns & Hotel', 'The Shagun Party Lawns & Hotel is a well-known wedding venue,hotel located in New Road Nr, Kankot - Jashvantpur Rd, opp. Shaymal Upvan, Mavdi, Rajkot, Gujarat 360004. It offers ample space, good ambience, and is suitable for weddings, receptions, parties, and social gatherings. With easy accessibility and essential amenities available, it serves as a reliable choice for hosting memorable events.', 'New Road Nr, Kankot - Jashvantpur Rd, opp. Shaymal Upvan, Mavdi, Rajkot, Gujarat, 360004', 'Rajkot', 'Mavdi', 22.24834880, 70.76703550, 'the-shagun-party-lawns-hotel', 3, 2, 0, 0, NULL, NULL, 'Mavdi', 'Mavdi', 'Wedding Venue, Hotel', '[\"rajkot\",\"party-plots\"]', 0, 0, 0, 0, 0, 0, 0, NULL, NULL, NULL, 4.40, 162, NULL, 0, NULL, NULL, NULL, NULL, NULL, NULL, '9979105599', 'active', 'pending', 0, NULL, NULL, '2025-11-29 01:54:36', '2025-11-29 01:54:36'),
(70, 'Swastik Party Plot - 1', 'Swastik Party Plot - 1 is a well-known wedding venue located in 7P8Q , near Genius School, Rajkot, Gujarat 360005. It offers ample space, good ambience, and is suitable for weddings, receptions, parties, and social gatherings. With easy accessibility and essential amenities available, it serves as a reliable choice for hosting memorable events.', '7P8Q , near Genius School, Rajkot, Gujarat, 360005', 'Rajkot', NULL, 22.26532740, 70.73875460, 'swastik-party-plot-1', 3, 2, 0, 0, NULL, NULL, NULL, NULL, 'Wedding Venue', '[\"rajkot\",\"party-plots\"]', 0, 0, 0, 0, 0, 0, 0, NULL, NULL, NULL, 4.20, 253, NULL, 0, NULL, NULL, NULL, NULL, NULL, NULL, NULL, 'active', 'pending', 0, NULL, NULL, '2025-11-29 01:54:36', '2025-11-29 01:54:36'),
(71, 'Sanskruti Party Lawns', 'Sanskruti Party Lawns is a well-known event venue located in PW2, Behind Iskon Temple, Kalavad Rd, Rajkot, Gujarat 360005. It offers ample space, good ambience, and is suitable for weddings, receptions, parties, and social gatherings. With easy accessibility and essential amenities available, it serves as a reliable choice for hosting memorable events.', 'PW2, Behind Iskon Temple, Kalavad Rd, Rajkot, Gujarat, 360005', 'Rajkot', NULL, 22.27926660, 70.73226870, 'sanskruti-party-lawns', 3, 3, 0, 0, NULL, NULL, NULL, NULL, 'Event Venue', '[\"rajkot\",\"party-plots\"]', 0, 0, 0, 0, 0, 0, 0, NULL, NULL, NULL, 4.30, 108, NULL, 0, NULL, NULL, NULL, NULL, NULL, NULL, '9825317166', 'active', 'pending', 0, NULL, NULL, '2025-11-29 01:54:36', '2025-11-29 01:54:36'),
(72, 'Navjivan Party Plot', 'Navjivan Party Plot is a well-known event venue,wedding venue located in GMH, Mota Mava, Rajkot, Gujarat 360005. It offers ample space, good ambience, and is suitable for weddings, receptions, parties, and social gatherings. With easy accessibility and essential amenities available, it serves as a reliable choice for hosting memorable events.', 'GMH, Mota Mava, Rajkot, Gujarat, 360005', 'Rajkot', 'Mota Mava', 22.25630440, 70.76424130, 'navjivan-party-plot', 3, 3, 0, 0, NULL, NULL, 'Mota Mava', 'Mota Mava', 'Event Venue, Wedding Venue', '[\"rajkot\",\"party-plots\"]', 0, 0, 0, 0, 0, 0, 0, NULL, NULL, NULL, 4.30, 41, NULL, 0, NULL, NULL, NULL, NULL, NULL, NULL, NULL, 'active', 'pending', 0, NULL, NULL, '2025-11-29 01:54:36', '2025-11-29 01:54:36'),
(73, 'Coconut County', 'Coconut County is a well-known wedding venue located in 150, Feet, New, Ring, Road, Rajkot, Gujarat 360004. It offers ample space, good ambience, and is suitable for weddings, receptions, parties, and social gatherings. With easy accessibility and essential amenities available, it serves as a reliable choice for hosting memorable events.', '150, Feet, New, Ring, Road, Rajkot, Gujarat, 360004', 'Rajkot', NULL, 22.25197000, 70.75818000, 'coconut-county', 3, 2, 0, 0, NULL, NULL, NULL, NULL, 'Wedding Venue', '[\"rajkot\",\"party-plots\"]', 0, 0, 0, 0, 0, 0, 0, NULL, NULL, NULL, 4.50, 524, NULL, 0, NULL, NULL, NULL, NULL, NULL, NULL, NULL, 'active', 'pending', 0, NULL, NULL, '2025-11-29 01:54:36', '2025-11-29 01:54:36'),
(74, 'J S Party Plot', 'J S Party Plot is a well-known event venue located in W92, Nana Mava, Rajkot, Gujarat 360005. It offers ample space, good ambience, and is suitable for weddings, receptions, parties, and social gatherings. With easy accessibility and essential amenities available, it serves as a reliable choice for hosting memorable events.', 'W92, Nana Mava, Rajkot, Gujarat, 360005', 'Rajkot', NULL, 22.27227300, 70.76588730, 'j-s-party-plot', 3, 3, 0, 0, NULL, NULL, NULL, NULL, 'Event Venue', '[\"rajkot\",\"party-plots\"]', 0, 0, 0, 0, 0, 0, 0, NULL, NULL, NULL, 4.10, 78, NULL, 0, NULL, NULL, NULL, NULL, NULL, NULL, NULL, 'active', 'pending', 0, NULL, NULL, '2025-11-29 01:54:36', '2025-11-29 01:54:36'),
(75, 'Real Pearl Party Plot', 'Real Pearl Party Plot is a well-known wedding venue located in OPP B A DANGAR COLLEGE, AHEAD GHANTESHWAR VILLAGE, JAMNAGAR HIGHWAY, Jamnagar Road, Rajkot, Gujarat 360006. It offers ample space, good ambience, and is suitable for weddings, receptions, parties, and social gatherings. With easy accessibility and essential amenities available, it serves as a reliable choice for hosting memorable events.', 'OPP B A DANGAR COLLEGE, AHEAD GHANTESHWAR VILLAGE, JAMNAGAR HIGHWAY, Jamnagar Road, Rajkot, Gujarat, 360006', 'Rajkot', NULL, 22.34242680, 70.74073990, 'real-pearl-party-plot', 3, 2, 0, 0, NULL, NULL, NULL, NULL, 'Wedding Venue', '[\"rajkot\",\"party-plots\"]', 0, 0, 0, 0, 0, 0, 0, NULL, NULL, NULL, 4.30, 196, NULL, 0, NULL, 'https://www.facebook.com/HelloIndiaYP', 'https://twitter.com/helloindiayp', NULL, 'http://www.helloindia.co/Rajkot/REAL-PEARL-PARTY-PLOT/Jamnagar-Road', NULL, '9924787502', 'active', 'pending', 0, NULL, NULL, '2025-11-29 01:54:36', '2025-11-29 01:54:36'),
(76, 'Nilkanth Party Plot', 'Nilkanth Party Plot is a well-known wedding venue located in Behind Parvan Party Lawns, Ayodhya Chowk, 150 Feet Ring Rd, Krishna Society, Bajrang Wadi, Rajkot, Gujarat 360006. It offers ample space, good ambience, and is suitable for weddings, receptions, parties, and social gatherings. With easy accessibility and essential amenities available, it serves as a reliable choice for hosting memorable events.', 'Behind Parvan Party Lawns, Ayodhya Chowk, 150 Feet Ring Rd, Krishna Society, Bajrang Wadi, Rajkot, Gujarat, 360006', 'Rajkot', 'Krishna Society', 22.32058910, 70.76932510, 'nilkanth-party-plot', 3, 2, 0, 0, NULL, NULL, 'Krishna Society', 'Krishna Society', 'Wedding Venue', '[\"rajkot\",\"party-plots\"]', 0, 0, 0, 0, 0, 0, 0, NULL, NULL, NULL, 4.10, 81, NULL, 0, NULL, NULL, NULL, NULL, NULL, NULL, NULL, 'active', 'pending', 0, NULL, NULL, '2025-11-29 01:54:36', '2025-11-29 01:54:36'),
(77, 'Rameshwar Party Lawns', 'Rameshwar Party Lawns is a well-known wedding venue,banquet hall,exhibition planner,meeting planning service,wedding planner,wedding service located in near CosmoCinema, opp. Genius School, Rajkot, Gujarat 360005. It offers ample space, good ambience, and is suitable for weddings, receptions, parties, and social gatherings. With easy accessibility and essential amenities available, it serves as a reliable choice for hosting memorable events.', 'near CosmoCinema, opp. Genius School, Rajkot, Gujarat, 360005', 'Rajkot', NULL, 22.26532360, 70.74045340, 'rameshwar-party-lawns', 3, 2, 0, 0, NULL, NULL, NULL, NULL, 'Wedding Venue, Banquet Hall, Event Venue', '[\"rajkot\",\"party-plots\"]', 0, 0, 0, 0, 0, 0, 0, NULL, NULL, NULL, 4.30, 181, NULL, 0, NULL, NULL, NULL, NULL, NULL, NULL, '8320362919', 'active', 'pending', 0, NULL, NULL, '2025-11-29 01:54:36', '2025-11-29 01:54:36'),
(78, 'Ashutosh Party Plot', 'Ashutosh Party Plot is a well-known wedding venue located in Ashutosh farm, opp. Pradyuman green city, Nana Mava Rd, opp. Shastri nagar, Rajkot, Gujarat 360005. It offers ample space, good ambience, and is suitable for weddings, receptions, parties, and social gatherings. With easy accessibility and essential amenities available, it serves as a reliable choice for hosting memorable events.', 'Ashutosh farm, opp. Pradyuman green city, Nana Mava Rd, opp. Shastri nagar, Rajkot, Gujarat, 360005', 'Rajkot', NULL, 22.27257680, 70.76656580, 'ashutosh-party-plot', 3, 2, 0, 0, NULL, NULL, NULL, NULL, 'Wedding Venue', '[\"rajkot\",\"party-plots\"]', 0, 0, 0, 0, 0, 0, 0, NULL, NULL, NULL, 4.10, 48, NULL, 0, NULL, NULL, NULL, NULL, NULL, NULL, NULL, 'active', 'pending', 0, NULL, NULL, '2025-11-29 01:54:36', '2025-11-29 01:54:36'),
(79, 'Divine Party Lawns', 'Divine Party Lawns is a well-known function room facility located in Rajkot, Gujarat 360004. It offers ample space, good ambience, and is suitable for weddings, receptions, parties, and social gatherings. With easy accessibility and essential amenities available, it serves as a reliable choice for hosting memorable events.', 'Rajkot, Gujarat, 360004', 'Rajkot', NULL, 22.23210320, 70.78195450, 'divine-party-lawns', 3, 5, 0, 0, NULL, NULL, NULL, NULL, 'Function Room', '[\"rajkot\",\"party-plots\"]', 0, 0, 0, 0, 0, 0, 0, NULL, NULL, NULL, 4.50, 159, NULL, 0, NULL, NULL, NULL, NULL, NULL, NULL, NULL, 'active', 'pending', 0, NULL, NULL, '2025-11-29 01:54:36', '2025-11-29 01:54:36'),
(80, 'Giriraj Party Plot', 'Giriraj Party Plot is a well-known wedding venue located in 987, Mota Mava, Rajkot, Gujarat 360005. It offers ample space, good ambience, and is suitable for weddings, receptions, parties, and social gatherings. With easy accessibility and essential amenities available, it serves as a reliable choice for hosting memorable events.', '987, Mota Mava, Rajkot, Gujarat, 360005', 'Rajkot', 'Mota Mava', 22.27090610, 70.74829860, 'giriraj-party-plot-1', 3, 2, 0, 0, NULL, NULL, 'Mota Mava', 'Mota Mava', 'Wedding Venue', '[\"rajkot\",\"party-plots\"]', 0, 0, 0, 0, 0, 0, 0, NULL, NULL, NULL, 4.30, 16, NULL, 0, NULL, NULL, NULL, NULL, NULL, NULL, NULL, 'active', 'pending', 0, NULL, NULL, '2025-11-29 01:54:36', '2025-11-29 01:54:36'),
(81, 'Apple Party Plot', 'Apple Party Plot is a well-known wedding venue located in 32P, Brahmnad Society, Ghanteshwer, Rajkot, Gujarat 360006. It offers ample space, good ambience, and is suitable for weddings, receptions, parties, and social gatherings. With easy accessibility and essential amenities available, it serves as a reliable choice for hosting memorable events.', '32P, Brahmnad Society, Ghanteshwer, Rajkot, Gujarat, 360006', 'Rajkot', NULL, 22.33520340, 70.75008830, 'apple-party-plot', 3, 2, 0, 0, NULL, NULL, NULL, NULL, 'Wedding Venue', '[\"rajkot\",\"party-plots\"]', 0, 0, 0, 0, 0, 0, 0, NULL, NULL, NULL, 4.30, 19, NULL, 0, NULL, NULL, NULL, NULL, NULL, NULL, NULL, 'active', 'pending', 0, NULL, NULL, '2025-11-29 01:54:36', '2025-11-29 01:54:36'),
(82, 'Sanman Party Pot', 'Sanman Party Pot is a well-known wedding venue located in New 150, Ft. Ring Road, behind Cosmoplex Cinema, Sadguru Nagar, Rajkot, Gujarat 360005. It offers ample space, good ambience, and is suitable for weddings, receptions, parties, and social gatherings. With easy accessibility and essential amenities available, it serves as a reliable choice for hosting memorable events.', 'New 150, Ft. Ring Road, behind Cosmoplex Cinema, Sadguru Nagar, Rajkot, Gujarat, 360005', 'Rajkot', NULL, 22.27757310, 70.74184740, 'sanman-party-pot', 3, 2, 0, 0, NULL, NULL, NULL, NULL, 'Wedding Venue', '[\"rajkot\",\"party-plots\"]', 0, 0, 0, 0, 0, 0, 0, NULL, NULL, NULL, 3.80, 28, NULL, 0, NULL, NULL, NULL, NULL, NULL, NULL, '9879333744', 'active', 'pending', 0, NULL, NULL, '2025-11-29 01:54:36', '2025-11-29 01:54:36'),
(83, 'Velvet Party Lawns', 'Velvet Party Lawns is a well-known wedding venue located in Krishna Society, Bajrang Wadi, Rajkot, Gujarat 360006. It offers ample space, good ambience, and is suitable for weddings, receptions, parties, and social gatherings. With easy accessibility and essential amenities available, it serves as a reliable choice for hosting memorable events.', 'Krishna Society, Bajrang Wadi, Rajkot, Gujarat, 360006', 'Rajkot', 'Krishna Society', 22.32327220, 70.76960610, 'velvet-party-lawns', 3, 2, 0, 0, NULL, NULL, 'Krishna Society', 'Krishna Society', 'Wedding Venue', '[\"rajkot\",\"party-plots\"]', 0, 0, 0, 0, 0, 0, 0, NULL, NULL, NULL, 4.20, 76, NULL, 0, NULL, NULL, NULL, NULL, NULL, NULL, '8000089889', 'active', 'pending', 0, NULL, NULL, '2025-11-29 01:54:36', '2025-11-29 01:54:36'),
(84, 'Wedding Bliss', 'Wedding Bliss is a well-known wedding venue located in Mavdi Pal Road, Vagal chowk, Mavdi, Gujarat 360004. It offers ample space, good ambience, and is suitable for weddings, receptions, parties, and social gatherings. With easy accessibility and essential amenities available, it serves as a reliable choice for hosting memorable events.', 'Mavdi Pal Road, Vagal chowk, Mavdi, Gujarat, 360004', 'Rajkot', 'Mavdi', 22.24010940, 70.76804260, 'wedding-bliss', 3, 2, 0, 0, NULL, NULL, 'Mavdi', 'Mavdi', 'Wedding Venue', '[\"rajkot\",\"party-plots\"]', 0, 0, 0, 0, 0, 0, 0, NULL, NULL, NULL, 4.50, 123, NULL, 0, NULL, NULL, NULL, NULL, NULL, NULL, '9979702645', 'active', 'pending', 0, NULL, NULL, '2025-11-29 01:54:36', '2025-11-29 01:54:36'),
(85, 'Heaven Party Lounge', 'Heaven Party Lounge is a well-known event venue located in Opp Balaji Wafers, Vagudad Road, Kalawad Road, Rajkot, Gujarat 360021. It offers ample space, good ambience, and is suitable for weddings, receptions, parties, and social gatherings. With easy accessibility and essential amenities available, it serves as a reliable choice for hosting memorable events.', 'Opp Balaji Wafers, Vagudad Road, Kalawad Road, Rajkot, Gujarat, 360021', 'Rajkot', 'Kalawad Road', 22.24160470, 70.69973440, 'heaven-party-lounge', 3, 3, 0, 0, NULL, NULL, 'Kalawad Road', 'Kalawad Road', 'Event Venue', '[\"rajkot\",\"party-plots\"]', 0, 0, 0, 0, 0, 0, 0, NULL, NULL, NULL, 4.10, 132, NULL, 0, NULL, NULL, NULL, NULL, NULL, NULL, '9825529629', 'active', 'pending', 0, NULL, NULL, '2025-11-29 01:54:36', '2025-11-29 01:54:36'),
(86, 'VIVANTA BANQUET HALL & PARTY LAWNS', 'VIVANTA BANQUET HALL & PARTY LAWNS is a well-known banquet hall located in NEAR, MAVDI - PAL ROAD, NEW, 150 Feet Ring Rd, Rajkot, Gujarat 360004. It offers ample space, good ambience, and is suitable for weddings, receptions, parties, and social gatherings. With easy accessibility and essential amenities available, it serves as a reliable choice for hosting memorable events.', 'NEAR, MAVDI - PAL ROAD, NEW, 150 Feet Ring Rd, Rajkot, Gujarat, 360004', 'Rajkot', 'Mavdi', 22.23393170, 70.76620490, 'vivanta-banquet-hall-party-lawns', 3, 1, 0, 0, NULL, NULL, 'Mavdi', 'Mavdi', 'Banquet Hall', '[\"rajkot\",\"party-plots\"]', 0, 0, 0, 0, 0, 0, 0, NULL, NULL, NULL, 4.60, 348, NULL, 0, NULL, NULL, NULL, NULL, NULL, NULL, '9327009327', 'active', 'pending', 0, NULL, NULL, '2025-11-29 01:54:36', '2025-11-29 01:54:36'),
(87, 'Ram Van Party Lawns', 'Ram Van Party Lawns is a well-known event venue located in Ram van Party Lawns, New 150 Ft, Ring Road, nr. Patidar Chowk, Rajkot, Gujarat 360005. It offers ample space, good ambience, and is suitable for weddings, receptions, parties, and social gatherings. With easy accessibility and essential amenities available, it serves as a reliable choice for hosting memorable events.', 'Ram van Party Lawns, New 150 Ft, Ring Road, nr. Patidar Chowk, Rajkot, Gujarat, 360005', 'Rajkot', NULL, 22.24261670, 70.75705200, 'ram-van-party-lawns', 3, 3, 0, 0, NULL, NULL, NULL, NULL, 'Event Venue', '[\"rajkot\",\"party-plots\"]', 0, 0, 0, 0, 0, 0, 0, NULL, NULL, NULL, 4.70, 13, NULL, 0, NULL, NULL, NULL, NULL, 'https://www.beyondevents.co.in/', NULL, NULL, 'active', 'pending', 0, NULL, NULL, '2025-11-29 01:54:36', '2025-11-29 01:54:36'),
(88, 'Devangi Party Plot', 'Devangi Party Plot is a well-known event venue located in 3Q, Pal, Gujarat 360004. It offers ample space, good ambience, and is suitable for weddings, receptions, parties, and social gatherings. With easy accessibility and essential amenities available, it serves as a reliable choice for hosting memorable events.', '3Q, Pal, Gujarat, 360004', 'Rajkot', NULL, 22.20523050, 70.75948680, 'devangi-party-plot', 3, 3, 0, 0, NULL, NULL, NULL, NULL, 'Event Venue', '[\"rajkot\",\"party-plots\"]', 0, 0, 0, 0, 0, 0, 0, NULL, NULL, NULL, 4.50, 30, NULL, 0, NULL, NULL, NULL, NULL, NULL, NULL, '9925094701', 'active', 'pending', 0, NULL, NULL, '2025-11-29 01:54:36', '2025-11-29 01:54:36'),
(89, 'Parvan Farm', 'Parvan Farm is a well-known event venue located in Near Ayodhya Chowk, 150 Feet Ring Rd, opp. The One World, Rajkot, Gujarat 360006. It offers ample space, good ambience, and is suitable for weddings, receptions, parties, and social gatherings. With easy accessibility and essential amenities available, it serves as a reliable choice for hosting memorable events.', 'Near Ayodhya Chowk, 150 Feet Ring Rd, opp. The One World, Rajkot, Gujarat, 360006', 'Rajkot', NULL, 22.32058100, 70.76779060, 'parvan-farm', 3, 3, 0, 0, NULL, NULL, NULL, NULL, 'Event Venue', '[\"rajkot\",\"party-plots\"]', 0, 0, 0, 0, 0, 0, 0, NULL, NULL, NULL, 4.40, 50, NULL, 0, NULL, NULL, NULL, NULL, NULL, NULL, NULL, 'active', 'pending', 0, NULL, NULL, '2025-11-29 01:54:36', '2025-11-29 01:54:36'),
(90, 'Nirali Party Lounge', 'Nirali Party Lounge is a well-known wedding venue,event planner,garden,party planner,restaurant located in Off, Laxminagar Street Number 4, next to Motel The Village, opp. V.V.P Engineering College, Laxmi Nagar, Chandreshnagar, Rajkot, Gujarat 360004. It offers ample space, good ambience, and is suitable for weddings, receptions, parties, and social gatherings. With easy accessibility and essential amenities available, it serves as a reliable choice for hosting memorable events.', 'Off, Laxminagar Street Number 4, next to Motel The Village, opp. V.V.P Engineering College, Laxmi Nagar, Chandreshnagar, Rajkot, Gujarat, 360004', 'Rajkot', NULL, 22.28046430, 70.78940460, 'nirali-party-lounge', 3, 2, 0, 0, NULL, NULL, NULL, NULL, 'Wedding Venue, Event Venue, Party Plot, Restaurant', '[\"rajkot\",\"party-plots\"]', 0, 0, 0, 0, 0, 0, 0, NULL, NULL, NULL, 3.80, 40, NULL, 0, NULL, NULL, NULL, NULL, NULL, NULL, '8863977777', 'active', 'pending', 0, NULL, NULL, '2025-11-29 01:54:36', '2025-11-29 01:54:36'),
(91, 'Krishna Green Palm', 'Krishna Green Palm is a well-known function room facility located in Balaji Park, Kotharia, Gujarat 360022. It offers ample space, good ambience, and is suitable for weddings, receptions, parties, and social gatherings. With easy accessibility and essential amenities available, it serves as a reliable choice for hosting memorable events.', 'Balaji Park, Kotharia, Gujarat, 360022', 'Rajkot', 'Kotharia', 22.24682500, 70.82066560, 'krishna-green-palm', 3, 5, 0, 0, NULL, NULL, 'Kotharia', 'Kotharia', 'Function Room', '[\"rajkot\",\"party-plots\"]', 0, 0, 0, 0, 0, 0, 0, NULL, NULL, NULL, 4.40, 32, NULL, 0, NULL, NULL, NULL, NULL, NULL, NULL, NULL, 'active', 'pending', 0, NULL, NULL, '2025-11-29 01:54:36', '2025-11-29 01:54:36'),
(92, 'Avadh Green Party Lawns', 'Avadh Green Party Lawns is a well-known event venue located in 6H2, Juno Morbi Rd, beside Dhaval Agro, nr. new marketing yard, Bedi, Rajkot, Gujarat 360028. It offers ample space, good ambience, and is suitable for weddings, receptions, parties, and social gatherings. With easy accessibility and essential amenities available, it serves as a reliable choice for hosting memorable events.', '6H2, Juno Morbi Rd, beside Dhaval Agro, nr. new marketing yard, Bedi, Rajkot, Gujarat, 360028', 'Rajkot', NULL, 22.36052490, 70.80139670, 'avadh-green-party-lawns', 3, 3, 0, 0, NULL, NULL, NULL, NULL, 'Event Venue', '[\"rajkot\",\"party-plots\"]', 0, 0, 0, 0, 0, 0, 0, NULL, NULL, NULL, 4.00, 164, NULL, 0, NULL, 'https://www.facebook.com/recover/initiate/?privacy_mutation_token=eyJ0eXBlIjowLCJjcmVhdGlvbl90aW1lIjoxNzY0MTU0NzA5LCJjYWxsc2l0ZV9pZCI6MzgxMjI5MDc5NTc1OTQ2fQ%3D%3D&ars=facebook_login&next', NULL, NULL, 'https://www.facebook.com/avadhgreenpartylawns/', NULL, '8780532810', 'active', 'pending', 0, NULL, NULL, '2025-11-29 01:54:36', '2025-11-29 01:54:36'),
(93, 'Golden Villa Party Lawns', 'Golden Villa Party Lawns is a well-known event venue located in pal, road, near umiyadham, Jashvantpur, Rajkot, Gujarat 360004. It offers ample space, good ambience, and is suitable for weddings, receptions, parties, and social gatherings. With easy accessibility and essential amenities available, it serves as a reliable choice for hosting memorable events.', 'pal, road, near umiyadham, Jashvantpur, Rajkot, Gujarat, 360004', 'Rajkot', NULL, 22.22491780, 70.75296460, 'golden-villa-party-lawns', 3, 3, 0, 0, NULL, NULL, NULL, NULL, 'Event Venue', '[\"rajkot\",\"party-plots\"]', 0, 0, 0, 0, 0, 0, 0, NULL, NULL, NULL, 4.80, 26, NULL, 0, NULL, NULL, NULL, NULL, NULL, NULL, NULL, 'active', 'pending', 0, NULL, NULL, '2025-11-29 01:54:36', '2025-11-29 01:54:36'),
(94, 'Gokul Party Lawns', 'Gokul Party Lawns is a well-known event venue located in New, 150 Feet Ring Rd, opp. Atal Sarovar Road, near S.R.P Campus, Rajkot, Gujarat 360006. It offers ample space, good ambience, and is suitable for weddings, receptions, parties, and social gatherings. With easy accessibility and essential amenities available, it serves as a reliable choice for hosting memorable events.', 'New, 150 Feet Ring Rd, opp. Atal Sarovar Road, near S.R.P Campus, Rajkot, Gujarat, 360006', 'Rajkot', NULL, 22.32475870, 70.72516830, 'gokul-party-lawns', 3, 3, 0, 0, NULL, NULL, NULL, NULL, 'Event Venue', '[\"rajkot\",\"party-plots\"]', 0, 0, 0, 0, 0, 0, 0, NULL, NULL, NULL, 4.20, 114, NULL, 0, NULL, NULL, NULL, NULL, NULL, NULL, '9724811111', 'active', 'pending', 0, NULL, NULL, '2025-11-29 01:54:36', '2025-11-29 01:54:36'),
(95, 'Aura Party Lawns', 'Aura Party Lawns is a well-known wedding venue located in F79, Nyari Dam Main Road Opp Tirth Towers, Kalavad Rd, Vajdi, Gujarat 360005. It offers ample space, good ambience, and is suitable for weddings, receptions, parties, and social gatherings. With easy accessibility and essential amenities available, it serves as a reliable choice for hosting memorable events.', 'F79, Nyari Dam Main Road Opp Tirth Towers, Kalavad Rd, Vajdi, Gujarat, 360005', 'Rajkot', NULL, 22.25366670, 70.72073220, 'aura-party-lawns', 3, 2, 0, 0, NULL, NULL, NULL, NULL, 'Wedding Venue', '[\"rajkot\",\"party-plots\"]', 0, 0, 0, 0, 0, 0, 0, NULL, NULL, NULL, 4.30, 164, NULL, 0, NULL, NULL, NULL, NULL, NULL, NULL, '8306377777', 'active', 'pending', 0, NULL, NULL, '2025-11-29 01:54:36', '2025-11-29 01:54:36'),
(96, 'SITARAM PARTY LAWNS (  )', 'SITARAM PARTY LAWNS (  ) is a well-known wedding venue located in gam, Pal, Rajkot, Gujarat 360004. It offers ample space, good ambience, and is suitable for weddings, receptions, parties, and social gatherings. With easy accessibility and essential amenities available, it serves as a reliable choice for hosting memorable events.', 'gam, Pal, Rajkot, Gujarat, 360004', 'Rajkot', NULL, 22.22114670, 70.75462340, 'sitaram-party-lawns', 3, 2, 0, 0, NULL, NULL, NULL, NULL, 'Wedding Venue', '[\"rajkot\",\"party-plots\"]', 0, 0, 0, 0, 0, 0, 0, NULL, NULL, NULL, 4.70, 30, NULL, 0, NULL, NULL, NULL, NULL, NULL, NULL, '9979034830', 'active', 'pending', 0, NULL, NULL, '2025-11-29 01:54:36', '2025-11-29 01:54:36'),
(97, 'Ratnagar Party Lawns', 'Ratnagar Party Lawns is a well-known wedding venue located in Unnamed Road, Rajkot, Gujarat 360005. It offers ample space, good ambience, and is suitable for weddings, receptions, parties, and social gatherings. With easy accessibility and essential amenities available, it serves as a reliable choice for hosting memorable events.', 'Unnamed Road, Rajkot, Gujarat, 360005', 'Rajkot', NULL, 22.23682340, 70.74970810, 'ratnagar-party-lawns', 3, 2, 0, 0, NULL, NULL, NULL, NULL, 'Wedding Venue', '[\"rajkot\",\"party-plots\"]', 0, 0, 0, 0, 0, 0, 0, NULL, NULL, NULL, 4.80, 44, NULL, 0, NULL, NULL, NULL, NULL, NULL, NULL, NULL, 'active', 'pending', 0, NULL, NULL, '2025-11-29 01:54:36', '2025-11-29 01:54:36'),
(98, 'Rosevelly Party Lawns & Banquet', 'Rosevelly Party Lawns & Banquet is a well-known wedding venue located in CVX, Mavdi Main Road, Pal, Jashvantpur, Gujarat 360004. It offers ample space, good ambience, and is suitable for weddings, receptions, parties, and social gatherings. With easy accessibility and essential amenities available, it serves as a reliable choice for hosting memorable events.', 'CVX, Mavdi Main Road, Pal, Jashvantpur, Gujarat, 360004', 'Rajkot', 'Mavdi', 22.22862140, 70.76222160, 'rosevelly-party-lawns-banquet', 3, 2, 0, 0, NULL, NULL, 'Mavdi', 'Mavdi', 'Wedding Venue', '[\"rajkot\",\"party-plots\"]', 0, 0, 0, 0, 0, 0, 0, NULL, NULL, NULL, 4.50, 196, NULL, 0, NULL, NULL, NULL, NULL, NULL, NULL, '6353490421', 'active', 'pending', 0, NULL, NULL, '2025-11-29 01:54:36', '2025-11-29 01:54:36'),
(99, 'Nirvana Party Lounge', 'Nirvana Party Lounge is a well-known wedding venue located in Rajkot, Gujarat 360022. It offers ample space, good ambience, and is suitable for weddings, receptions, parties, and social gatherings. With easy accessibility and essential amenities available, it serves as a reliable choice for hosting memorable events.', 'Rajkot, Gujarat, 360022', 'Rajkot', NULL, 22.19539890, 70.82381760, 'nirvana-party-lounge', 3, 2, 0, 0, NULL, NULL, NULL, NULL, 'Wedding Venue', '[\"rajkot\",\"party-plots\"]', 0, 0, 0, 0, 0, 0, 0, NULL, NULL, NULL, 4.50, 134, NULL, 0, NULL, NULL, NULL, NULL, NULL, NULL, '9726400777', 'active', 'pending', 0, NULL, NULL, '2025-11-29 01:54:36', '2025-11-29 01:54:36'),
(100, 'Creston Party Lawns', 'Creston Party Lawns is a well-known event venue located in 6Q4W MG5, Creston party plot,Gondal national highway,Behind toyota showroom,oppo.Skoda showroom,Kangashiyali road,Kangashiyali, Gujarat 360022. It offers ample space, good ambience, and is suitable for weddings, receptions, parties, and social gatherings. With easy accessibility and essential amenities available, it serves as a reliable choice for hosting memorable events.', '6Q4W MG5, Creston party plot,Gondal national highway,Behind toyota showroom,oppo.Skoda showroom,Kangashiyali road,Kangashiyali, Gujarat, 360022', 'Rajkot', NULL, 22.20663930, 70.79636430, 'creston-party-lawns', 3, 3, 0, 0, NULL, NULL, NULL, NULL, 'Event Venue', '[\"rajkot\",\"party-plots\"]', 0, 0, 0, 0, 0, 0, 0, NULL, NULL, NULL, 4.20, 55, NULL, 0, NULL, NULL, NULL, NULL, NULL, NULL, NULL, 'active', 'pending', 0, NULL, NULL, '2025-11-29 01:54:36', '2025-11-29 01:54:36'),
(101, 'Florence Green Palm -1', 'Florence Green Palm -1 is a well-known wedding venue located in Kothariya Main Road Opp Ranuja Mandir Nr RushiPrasad Society, Lapasari, Road, Kotharia, Gujarat 360022. It offers ample space, good ambience, and is suitable for weddings, receptions, parties, and social gatherings. With easy accessibility and essential amenities available, it serves as a reliable choice for hosting memorable events.', 'Kothariya Main Road Opp Ranuja Mandir Nr RushiPrasad Society, Lapasari, Road, Kotharia, Gujarat, 360022', 'Rajkot', 'Kotharia', 22.24588500, 70.82267290, 'florence-green-palm-1', 3, 2, 0, 0, NULL, NULL, 'Kotharia', 'Kotharia', 'Wedding Venue', '[\"rajkot\",\"party-plots\"]', 0, 0, 0, 0, 0, 0, 0, NULL, NULL, NULL, 4.40, 43, NULL, 0, NULL, NULL, NULL, NULL, NULL, NULL, NULL, 'active', 'pending', 0, NULL, NULL, '2025-11-29 01:54:36', '2025-11-29 01:54:36'),
(102, 'The Paradise Palace - Banquet Hall', 'The Paradise Palace - Banquet Hall is a well-known banquet hall located in andh matru ashram, behind Cosmoplex Cinema, behind Rajkot, Rajkot, Gujarat 360005. It offers ample space, good ambience, and is suitable for weddings, receptions, parties, and social gatherings. With easy accessibility and essential amenities available, it serves as a reliable choice for hosting memorable events.', 'andh matru ashram, behind Cosmoplex Cinema, behind Rajkot, Rajkot, Gujarat, 360005', 'Rajkot', NULL, 22.27402950, 70.73948440, 'the-paradise-palace-banquet-hall', 3, 1, 0, 0, NULL, NULL, NULL, NULL, 'Banquet Hall', '[\"rajkot\",\"party-plots\"]', 0, 0, 0, 0, 0, 0, 0, NULL, NULL, NULL, 4.40, 268, NULL, 0, NULL, NULL, NULL, NULL, 'http://www.theparadisepalace.com/', 'bhavesh_tala@yahoo.com', '9327726600', 'active', 'pending', 0, NULL, NULL, '2025-11-29 01:54:36', '2025-11-29 01:54:36'),
(103, '   (suvarnabhumi Party Lawns)', '   (suvarnabhumi Party Lawns) is a well-known festival hall located in Rajkot - Morbi Hwy, Shree Shakti Park, Shree Ram Society, Rajkot, Gujarat 360003. It offers ample space, good ambience, and is suitable for weddings, receptions, parties, and social gatherings. With easy accessibility and essential amenities available, it serves as a reliable choice for hosting memorable events.', 'Rajkot - Morbi Hwy, Shree Shakti Park, Shree Ram Society, Rajkot, Gujarat, 360003', 'Rajkot', NULL, 22.32377300, 70.82179490, 'suvarnabhumi-party-lawns', 3, 6, 0, 0, NULL, NULL, NULL, NULL, 'Festival Hall', '[\"rajkot\",\"party-plots\"]', 0, 0, 0, 0, 0, 0, 0, NULL, NULL, NULL, 4.30, 10, NULL, 0, NULL, NULL, NULL, NULL, NULL, NULL, NULL, 'active', 'pending', 0, NULL, NULL, '2025-11-29 01:54:36', '2025-11-29 01:54:36'),
(104, 'Raaga Party Lawns', 'Raaga Party Lawns is a well-known event venue,wedding venue located in FJ3, Vajdi, Gujarat 360005. It offers ample space, good ambience, and is suitable for weddings, receptions, parties, and social gatherings. With easy accessibility and essential amenities available, it serves as a reliable choice for hosting memorable events.', 'FJ3, Vajdi, Gujarat, 360005', 'Rajkot', NULL, 22.25363040, 70.71903400, 'raaga-party-lawns', 3, 3, 0, 0, NULL, NULL, NULL, NULL, 'Event Venue, Wedding Venue', '[\"rajkot\",\"party-plots\"]', 0, 0, 0, 0, 0, 0, 0, NULL, NULL, NULL, 4.40, 243, NULL, 0, NULL, NULL, NULL, NULL, NULL, NULL, NULL, 'active', 'pending', 0, NULL, NULL, '2025-11-29 01:54:36', '2025-11-29 01:54:36'),
(105, 'Kankotri Party Lawns', 'Kankotri Party Lawns is a well-known wedding venue located in Kothariya Main Road to Railway Crossing Road, Corner, Kotahriya Road, Rajkot, Gujarat 360022. It offers ample space, good ambience, and is suitable for weddings, receptions, parties, and social gatherings. With easy accessibility and essential amenities available, it serves as a reliable choice for hosting memorable events.', 'Kothariya Main Road to Railway Crossing Road, Corner, Kotahriya Road, Rajkot, Gujarat, 360022', 'Rajkot', 'Kothariya', 22.20758370, 70.81749490, 'kankotri-party-lawns', 3, 2, 0, 0, NULL, NULL, 'Kothariya', 'Kothariya', 'Wedding Venue', '[\"rajkot\",\"party-plots\"]', 0, 0, 0, 0, 0, 0, 0, NULL, NULL, NULL, 4.20, 61, NULL, 0, NULL, NULL, NULL, NULL, NULL, NULL, '9825775339', 'active', 'pending', 0, NULL, NULL, '2025-11-29 01:54:36', '2025-11-29 01:54:36'),
(106, 'RATNA VILAS PALACE', 'RATNA VILAS PALACE is a well-known banquet hall located in Kalawad Rd, near iskon temple, Rajkot, Gujarat 360005. It offers ample space, good ambience, and is suitable for weddings, receptions, parties, and social gatherings. With easy accessibility and essential amenities available, it serves as a reliable choice for hosting memorable events.', 'Kalawad Rd, near iskon temple, Rajkot, Gujarat, 360005', 'Rajkot', 'Kalawad', 22.27479530, 70.73569000, 'ratna-vilas-palace', 3, 1, 0, 0, NULL, NULL, 'Kalawad', 'Kalawad', 'Banquet Hall', '[\"rajkot\",\"party-plots\"]', 0, 0, 0, 0, 0, 0, 0, NULL, NULL, NULL, 4.50, 618, NULL, 0, NULL, NULL, NULL, NULL, 'http://www.ratnavilaspalace.com/', NULL, '9709690096', 'active', 'pending', 0, NULL, NULL, '2025-11-29 01:54:36', '2025-11-29 01:54:36'),
(107, 'Axar Party Lounge', 'Axar Party Lounge is a well-known event venue,party planner located in Rajkot - Morbi Highwaymorbi Road, near Setalight Chowk, Rajkot, Gujarat 360003. It offers ample space, good ambience, and is suitable for weddings, receptions, parties, and social gatherings. With easy accessibility and essential amenities available, it serves as a reliable choice for hosting memorable events.', 'Rajkot - Morbi Highwaymorbi Road, near Setalight Chowk, Rajkot, Gujarat, 360003', 'Rajkot', NULL, 22.32964530, 70.82685410, 'axar-party-lounge', 3, 3, 0, 0, NULL, NULL, NULL, NULL, 'Event Venue, Party Plot', '[\"rajkot\",\"party-plots\"]', 0, 0, 0, 0, 0, 0, 0, NULL, NULL, NULL, 4.30, 24, NULL, 0, NULL, NULL, NULL, NULL, NULL, NULL, '9825935719', 'active', 'pending', 0, NULL, NULL, '2025-11-29 01:54:36', '2025-11-29 01:54:36'),
(108, 'Harmony Party Lawns', 'Harmony Party Lawns is a well-known wedding venue located in 759, Victoria Gardens Rd, Mota Mava, Rajkot, Gujarat 360005. It offers ample space, good ambience, and is suitable for weddings, receptions, parties, and social gatherings. With easy accessibility and essential amenities available, it serves as a reliable choice for hosting memorable events.', '759, Victoria Gardens Rd, Mota Mava, Rajkot, Gujarat, 360005', 'Rajkot', 'Mota Mava', 22.26066300, 70.74298720, 'harmony-party-lawns', 3, 2, 0, 0, NULL, NULL, 'Mota Mava', 'Mota Mava', 'Wedding Venue', '[\"rajkot\",\"party-plots\"]', 0, 0, 0, 0, 0, 0, 0, NULL, NULL, NULL, 4.30, 36, NULL, 0, NULL, NULL, NULL, NULL, NULL, NULL, NULL, 'active', 'pending', 0, NULL, NULL, '2025-11-29 01:54:36', '2025-11-29 01:54:36'),
(109, 'Gopal Party Plot', 'Gopal Party Plot is a well-known wedding venue located in Targhadiya, village, Rajkot, Gujarat 360023. It offers ample space, good ambience, and is suitable for weddings, receptions, parties, and social gatherings. With easy accessibility and essential amenities available, it serves as a reliable choice for hosting memorable events.', 'Targhadiya, village, Rajkot, Gujarat, 360023', 'Rajkot', NULL, 22.32847110, 70.91743030, 'gopal-party-plot', 3, 2, 0, 0, NULL, NULL, NULL, NULL, 'Wedding Venue', '[\"rajkot\",\"party-plots\"]', 0, 0, 0, 0, 0, 0, 0, NULL, NULL, NULL, 4.50, 81, NULL, 0, NULL, NULL, NULL, NULL, NULL, NULL, '9879695390', 'active', 'pending', 0, NULL, NULL, '2025-11-29 01:54:36', '2025-11-29 01:54:36'),
(110, 'Radius Lawns', 'Radius Lawns is a well-known event venue,lodging located in Ring Rd, Rajkot, Gujarat 360005. It offers ample space, good ambience, and is suitable for weddings, receptions, parties, and social gatherings. With easy accessibility and essential amenities available, it serves as a reliable choice for hosting memorable events.', 'Ring Rd, Rajkot, Gujarat, 360005', 'Rajkot', NULL, 22.29798020, 70.72750700, 'radius-lawns', 3, 3, 0, 0, NULL, NULL, NULL, NULL, 'Event Venue, Hotel', '[\"rajkot\",\"party-plots\"]', 0, 0, 0, 0, 0, 0, 0, NULL, NULL, NULL, 4.60, 99, NULL, 0, NULL, NULL, NULL, NULL, NULL, NULL, '7567485674', 'active', 'pending', 0, NULL, NULL, '2025-11-29 01:54:36', '2025-11-29 01:54:36'),
(111, 'Om Party Lawns', 'Om Party Lawns is a well-known wedding venue located in F3P, Sokhada, Gujarat 360003. It offers ample space, good ambience, and is suitable for weddings, receptions, parties, and social gatherings. With easy accessibility and essential amenities available, it serves as a reliable choice for hosting memorable events.', 'F3P, Sokhada, Gujarat, 360003', 'Rajkot', NULL, 22.32370890, 70.86519970, 'om-party-lawns', 3, 2, 0, 0, NULL, NULL, NULL, NULL, 'Wedding Venue', '[\"rajkot\",\"party-plots\"]', 0, 0, 0, 0, 0, 0, 0, NULL, NULL, NULL, 4.50, 31, NULL, 0, NULL, NULL, NULL, NULL, NULL, NULL, NULL, 'active', 'pending', 0, NULL, NULL, '2025-11-29 01:54:36', '2025-11-29 01:54:36'),
(112, 'Khodal Party Lawns', 'Khodal Party Lawns is a well-known wedding venue located in V3H, Pal, Jashvantpur, Gujarat 360004. It offers ample space, good ambience, and is suitable for weddings, receptions, parties, and social gatherings. With easy accessibility and essential amenities available, it serves as a reliable choice for hosting memorable events.', 'V3H, Pal, Jashvantpur, Gujarat, 360004', 'Rajkot', NULL, 22.22470000, 70.76024650, 'khodal-party-lawns', 3, 2, 0, 0, NULL, NULL, NULL, NULL, 'Wedding Venue', '[\"rajkot\",\"party-plots\"]', 0, 0, 0, 0, 0, 0, 0, NULL, NULL, NULL, 4.50, 63, NULL, 0, NULL, NULL, NULL, NULL, NULL, NULL, NULL, 'active', 'pending', 0, NULL, NULL, '2025-11-29 01:54:36', '2025-11-29 01:54:36'),
(113, 'Saraza | Best Banquet Hall & Restaurant In Rajkot', 'Saraza | Best Banquet Hall & Restaurant In Rajkot is a well-known banquet hall,bakery and cake shop,coffee shop,fast food restaurant,restaurant,wedding venue located in Saraza, Kalawad Rd, opp. Cosmoplex Cinema, Rajkot, Gujarat 360005. It offers ample space, good ambience, and is suitable for weddings, receptions, parties, and social gatherings. With easy accessibility and essential amenities available, it serves as a reliable choice for hosting memorable events.', 'Saraza, Kalawad Rd, opp. Cosmoplex Cinema, Rajkot, Gujarat, 360005', 'Rajkot', 'Kalawad', 22.26984750, 70.74134970, 'saraza-best-banquet-hall-restaurant-in-rajkot', 3, 1, 0, 0, NULL, NULL, 'Kalawad', 'Kalawad', 'Banquet Hall, Restaurant, Wedding Venue', '[\"rajkot\",\"party-plots\"]', 0, 0, 0, 0, 0, 0, 0, NULL, NULL, NULL, 4.30, 3688, NULL, 1, 'https://www.instagram.com/sarazarajkot/', 'https://www.facebook.com/Saraza-Rajkot-337895170224952/', NULL, NULL, 'https://www.saraza.in/', NULL, '7272872727', 'active', 'pending', 0, NULL, NULL, '2025-11-29 01:54:36', '2025-11-30 00:39:34'),
(114, 'Celebration Place', 'Celebration Place is a well-known event venue located in Near Rangoli Restaurant, Sadguru Nagar, Mota Mava, Rajkot, Gujarat 360005. It offers ample space, good ambience, and is suitable for weddings, receptions, parties, and social gatherings. With easy accessibility and essential amenities available, it serves as a reliable choice for hosting memorable events.', 'Near Rangoli Restaurant, Sadguru Nagar, Mota Mava, Rajkot, Gujarat, 360005', 'Rajkot', 'Mota Mava', 22.27122710, 70.74960320, 'celebration-place', 3, 3, 0, 0, NULL, NULL, 'Mota Mava', 'Mota Mava', 'Event Venue', '[\"rajkot\",\"party-plots\"]', 0, 0, 0, 0, 0, 0, 0, NULL, NULL, NULL, 4.20, 48, NULL, 3, NULL, NULL, NULL, NULL, NULL, NULL, NULL, 'active', 'pending', 0, NULL, NULL, '2025-11-29 01:54:36', '2025-11-29 23:51:09'),
(115, 'Sagar Community Hall', 'Sagar Community Hall is a well-known community center located in Ground Floor, Gokul Dham Main Rd, Haridwar Society, Panchsheel Wadi, Samrat Industrial Area, Rajkot, Gujarat 360004. It offers ample space, good ambience, and is suitable for weddings, receptions, parties, and social gatherings. With easy accessibility and essential amenities available, it serves as a reliable choice for hosting memorable events.', 'Ground Floor, Gokul Dham Main Rd, Haridwar Society, Panchsheel Wadi, Samrat Industrial Area, Rajkot, Gujarat, 360004', 'Rajkot', NULL, 22.26216630, 70.79515820, 'sagar-community-hall', 3, 8, 0, 0, NULL, NULL, NULL, NULL, 'Community Center', '[\"rajkot\",\"party-plots\"]', 0, 0, 0, 0, 0, 0, 0, NULL, NULL, NULL, 3.90, 489, NULL, 5, NULL, NULL, NULL, NULL, NULL, NULL, NULL, 'active', 'pending', 0, NULL, NULL, '2025-11-29 01:54:36', '2025-11-30 00:35:03'),
(116, 'Phoenix Resort | Best Destination Wedding Venue, Top Banquet Hall, Restaurant In Rajkot', 'Phoenix Resort | Best Destination Wedding Venue, Top Banquet Hall, Restaurant In Rajkot is a well-known event venue,banquet hall,event planner,resort hotel,hotel,restaurant located in Kalawad Road, Ishwariya Main Rd, Corner, Rajkot, Gujarat 360021. It offers ample space, good ambience, and is suitable for weddings, receptions, parties, and social gatherings. With easy accessibility and essential amenities available, it serves as a reliable choice for hosting memorable events.', 'Kalawad Road, Ishwariya Main Rd, Corner, Rajkot, Gujarat, 360021', 'Rajkot', 'Kalawad', 22.25844530, 70.69029550, 'phoenix-resort-best-destination-wedding-venue-top-banquet-hall-restaurant-in-rajkot', 3, 3, 0, 0, NULL, NULL, 'Kalawad', 'Kalawad', 'Event Venue, Banquet Hall, Resort, Hotel, Restaurant', '[\"rajkot\",\"party-plots\"]', 0, 0, 0, 0, 0, 0, 0, NULL, NULL, NULL, 4.50, 4053, NULL, 0, 'https://www.instagram.com/phoenixresortrajkot/?hl=en', 'https://www.facebook.com/PhoenixResortRajkot/', NULL, 'https://www.youtube.com/@phoenixresortrajkot5533', 'https://phoenixresortrajkot.com/', 'info@phoenixresortrajkot.com', '7490045000', 'active', 'pending', 0, NULL, NULL, '2025-11-29 01:54:36', '2025-11-29 01:54:36'),
(117, 'Dulhan Party Lawns', 'Dulhan Party Lawns is a well-known wedding venue located in Nyari-1 dam, Gujarat 360005. It offers ample space, good ambience, and is suitable for weddings, receptions, parties, and social gatherings. With easy accessibility and essential amenities available, it serves as a reliable choice for hosting memorable events.', 'Nyari-1 dam, Gujarat, 360005', 'Rajkot', NULL, 22.24683490, 70.71930190, 'dulhan-party-lawns', 3, 2, 0, 0, NULL, NULL, NULL, NULL, 'Wedding Venue', '[\"rajkot\",\"party-plots\"]', 0, 0, 0, 0, 0, 0, 0, NULL, NULL, NULL, 4.40, 102, NULL, 0, NULL, NULL, NULL, NULL, NULL, NULL, NULL, 'active', 'pending', 0, NULL, NULL, '2025-11-29 01:54:36', '2025-11-29 01:54:36'),
(118, 'Nandnavan Hall', 'Nandnavan Hall is a well-known banquet hall located in 57M, Panchayat Nagar, Rajkot, Gujarat 360005. It offers ample space, good ambience, and is suitable for weddings, receptions, parties, and social gatherings. With easy accessibility and essential amenities available, it serves as a reliable choice for hosting memorable events.', '57M, Panchayat Nagar, Rajkot, Gujarat, 360005', 'Rajkot', NULL, 22.28545930, 70.76565750, 'nandnavan-hall', 3, 1, 0, 0, NULL, NULL, NULL, NULL, 'Banquet Hall', '[\"rajkot\",\"party-plots\"]', 0, 0, 0, 0, 0, 0, 0, NULL, NULL, NULL, 4.00, 86, NULL, 0, NULL, NULL, NULL, NULL, NULL, NULL, NULL, 'active', 'pending', 0, NULL, NULL, '2025-11-29 01:54:36', '2025-11-29 01:54:36');
INSERT INTO `party_plots` (`id`, `name`, `description`, `full_address`, `city`, `area`, `latitude`, `longitude`, `slug`, `creator_user_id`, `category_id`, `capacity_min`, `capacity_max`, `price_range_min`, `price_range_max`, `area_lawn`, `area_banquet`, `suitable_events`, `tags`, `parking`, `rooms`, `dj_allowed`, `decoration_allowed`, `catering_allowed`, `generator_backup`, `ac_available`, `featured_image`, `gallery_images`, `video_links`, `google_rating`, `google_review_count`, `google_review_text`, `visitors`, `instagram`, `facebook`, `twitter`, `youtube`, `website`, `email`, `phone`, `status`, `listing_status`, `verified`, `claimed_by_user_id`, `place_id`, `created_at`, `updated_at`) VALUES
(119, 'Krishna Park Resort', 'Krishna Park Resort is a well-known hotel,banquet hall,resort hotel,restaurant located in Krishna Park, Rajkot Gondal Road, near, Gondal Chokadi, Vavdi, Rajkot, Gujarat 360004. It offers ample space, good ambience, and is suitable for weddings, receptions, parties, and social gatherings. With easy accessibility and essential amenities available, it serves as a reliable choice for hosting memorable events.', 'Krishna Park, Rajkot Gondal Road, near, Gondal Chokadi, Vavdi, Rajkot, Gujarat, 360004', 'Rajkot', 'Vavdi', 22.23798690, 70.80000140, 'krishna-park-resort', 3, 9, 0, 0, NULL, NULL, 'Vavdi', 'Vavdi', 'Hotel, Banquet Hall, Resort, Restaurant', '[\"rajkot\",\"party-plots\"]', 0, 0, 0, 0, 0, 0, 0, NULL, NULL, NULL, 4.10, 3681, NULL, 0, NULL, NULL, NULL, NULL, 'https://hotelkrishnapark.in/', NULL, '9033051510', 'active', 'pending', 0, NULL, NULL, '2025-11-29 01:54:36', '2025-11-29 01:54:36'),
(120, 'rokadiya decoration', 'rokadiya decoration is a premier party equipment rental service situated in Swati Park, Rajkot, Kotharia, Gujarat 360022. This highly-rated venue in Kotharia is perfectly designed to host a variety of events, including grand weddings, corporate seminars, anniversary parties, and festive social gatherings. The property boasts a spacious layout with a beautiful ambience, ensuring a memorable experience for all guests. Equipped with essential modern amenities and strategically located for easy accessibility, rokadiya decoration stands out as one of the best choices for event hosting in the Rajkot region. Whether you are planning an intimate family function or a large-scale celebration, this venue provides the perfect backdrop.', 'Swati Park, Rajkot, Kotharia, Gujarat 360022', 'Rajkot', 'Kotharia', 22.23843620, 70.81724750, 'rokadiya-decoration', 3, 10, 0, 0, NULL, NULL, 'Kotharia', 'Kotharia', 'Party equipment rental service', '[\"rajkot\",\"party-plots\"]', 0, 0, 0, 0, 0, 0, 0, NULL, NULL, NULL, NULL, NULL, NULL, 0, NULL, NULL, NULL, NULL, NULL, NULL, NULL, 'active', 'pending', 0, NULL, NULL, '2025-12-20 01:39:41', '2025-12-20 01:39:41'),
(121, 'Green Apple Party Lown', 'Green Apple Party Lown is a premier event venue situated in Khokhaddad - Kotdasangani Rd, Gujarat 360022. This highly-rated venue in Khokhaddad is perfectly designed to host a variety of events, including grand weddings, corporate seminars, anniversary parties, and festive social gatherings. The property boasts a spacious layout with a beautiful ambience, ensuring a memorable experience for all guests. Equipped with essential modern amenities and strategically located for easy accessibility, Green Apple Party Lown stands out as one of the best choices for event hosting in the Rajkot region. Whether you are planning an intimate family function or a large-scale celebration, this venue provides the perfect backdrop.', 'Khokhaddad - Kotdasangani Rd, Gujarat 360022', 'Rajkot', 'Khokhaddad', 22.20130220, 70.82253070, 'green-apple-party-lown', 3, 3, 0, 0, NULL, NULL, 'Khokhaddad', 'Khokhaddad', 'Event venue', '[\"rajkot\",\"party-plots\"]', 0, 0, 0, 0, 0, 0, 0, NULL, NULL, NULL, 4.20, 86, NULL, 0, NULL, NULL, NULL, NULL, NULL, NULL, NULL, 'active', 'pending', 0, NULL, NULL, '2025-12-20 01:39:41', '2025-12-20 01:39:41'),
(122, 'Madhav Party Lawns', 'Madhav Party Lawns is a premier party equipment rental service situated in Mahika Rd, Mahika, Rajkot, Gujarat 360002. This highly-rated venue in Rajkot is perfectly designed to host a variety of events, including grand weddings, corporate seminars, anniversary parties, and festive social gatherings. The property boasts a spacious layout with a beautiful ambience, ensuring a memorable experience for all guests. Equipped with essential modern amenities and strategically located for easy accessibility, Madhav Party Lawns stands out as one of the best choices for event hosting in the Rajkot region. Whether you are planning an intimate family function or a large-scale celebration, this venue provides the perfect backdrop.', 'Mahika Rd, Mahika, Rajkot, Gujarat 360002', 'Rajkot', NULL, 22.27224010, 70.87654380, 'madhav-party-lawns', 3, 10, 0, 0, NULL, NULL, NULL, NULL, 'Party equipment rental service', '[\"rajkot\",\"party-plots\"]', 0, 0, 0, 0, 0, 0, 0, NULL, NULL, NULL, 4.40, 80, NULL, 0, NULL, NULL, NULL, NULL, NULL, NULL, '9998036137', 'active', 'pending', 0, NULL, NULL, '2025-12-20 01:39:41', '2025-12-20 01:39:41'),
(123, 'Bhakti Hall', 'Bhakti Hall is a premier wedding venue situated in Opp. Komal Pushpam, Pardi Rd & Sahkar Main Rd, Rajkot, Gujarat 360002. This highly-rated venue in Rajkot is perfectly designed to host a variety of events, including grand weddings, corporate seminars, anniversary parties, and festive social gatherings. The property boasts a spacious layout with a beautiful ambience, ensuring a memorable experience for all guests. Equipped with essential modern amenities and strategically located for easy accessibility, Bhakti Hall stands out as one of the best choices for event hosting in the Rajkot region. Whether you are planning an intimate family function or a large-scale celebration, this venue provides the perfect backdrop.', 'Opp. Komal Pushpam, Pardi Rd & Sahkar Main Rd, Rajkot, Gujarat 360002', 'Rajkot', NULL, 22.26968200, 70.80539000, 'bhakti-hall', 3, 2, 0, 0, NULL, NULL, NULL, NULL, 'Wedding venue', '[\"rajkot\",\"party-plots\"]', 0, 0, 0, 0, 0, 0, 0, NULL, NULL, NULL, 3.90, 251, NULL, 0, NULL, NULL, NULL, NULL, NULL, NULL, NULL, 'active', 'pending', 0, NULL, NULL, '2025-12-20 01:39:41', '2025-12-20 01:39:41'),
(124, 'Ranchhoddas Bapu RMC COMMUNITY HALL', 'Ranchhoddas Bapu RMC COMMUNITY HALL is a premier community center situated in Geetanjali Park, Bhakti Nagar, Rajkot, Gujarat 360002. This highly-rated venue in Rajkot is perfectly designed to host a variety of events, including grand weddings, corporate seminars, anniversary parties, and festive social gatherings. The property boasts a spacious layout with a beautiful ambience, ensuring a memorable experience for all guests. Equipped with essential modern amenities and strategically located for easy accessibility, Ranchhoddas Bapu RMC COMMUNITY HALL stands out as one of the best choices for event hosting in the Rajkot region. Whether you are planning an intimate family function or a large-scale celebration, this venue provides the perfect backdrop.', 'Geetanjali Park, Bhakti Nagar, Rajkot, Gujarat 360002', 'Rajkot', NULL, 22.27545800, 70.80673660, 'ranchhoddas-bapu-rmc-community-hall', 3, 8, 0, 0, NULL, NULL, NULL, NULL, 'Community center', '[\"rajkot\",\"party-plots\"]', 0, 0, 0, 0, 0, 0, 0, NULL, NULL, NULL, 4.20, 1155, NULL, 0, NULL, 'https://www.facebook.com/RajkotMunicipalCorporation', 'https://twitter.com/smartcityrajkot', 'https://www.youtube.com/channel/UCa_uIV5RyCRFSafRupuGjOA', 'http://www.rmc.gov.in/rmcwebsite/hall_booking.aspx', 'mc_rmc@rmc.gov.in', '2812450077', 'active', 'pending', 0, NULL, NULL, '2025-12-20 01:39:41', '2025-12-20 01:39:41'),
(125, 'Hattrick cricket box', 'Hattrick cricket box is a premier sports bar,sports club situated in bilipatra party plot, Near, Khokhaddad - Kotdasangani Rd, behind shivgatrad hotel, Kothariya, Kotharia, Gujarat 360022. This highly-rated venue in Kotharia is perfectly designed to host a variety of events, including grand weddings, corporate seminars, anniversary parties, and festive social gatherings. The property boasts a spacious layout with a beautiful ambience, ensuring a memorable experience for all guests. Equipped with essential modern amenities and strategically located for easy accessibility, Hattrick cricket box stands out as one of the best choices for event hosting in the Rajkot region. Whether you are planning an intimate family function or a large-scale celebration, this venue provides the perfect backdrop.', 'bilipatra party plot, Near, Khokhaddad - Kotdasangani Rd, behind shivgatrad hotel, Kothariya, Kotharia, Gujarat 360022', 'Rajkot', 'Kotharia', 22.21273200, 70.81881260, 'hattrick-cricket-box', 3, 11, 0, 0, NULL, NULL, 'Kotharia', 'Kotharia', 'Sports bar, Sports club', '[\"rajkot\",\"party-plots\"]', 0, 0, 0, 0, 0, 0, 0, NULL, NULL, NULL, 5.00, 14, NULL, 0, NULL, NULL, NULL, NULL, NULL, NULL, NULL, 'active', 'pending', 0, NULL, NULL, '2025-12-20 01:39:41', '2025-12-20 01:39:41'),
(126, 'Radha Palace (   )', 'Radha Palace (   ) is a premier condominium complex situated in Sardar chowk, Radha Palace, 80 Feet Road, opp. side Diamond Party Plot, Rajkot, Kotharia, Gujarat 360022. This highly-rated venue in Kotharia is perfectly designed to host a variety of events, including grand weddings, corporate seminars, anniversary parties, and festive social gatherings. The property boasts a spacious layout with a beautiful ambience, ensuring a memorable experience for all guests. Equipped with essential modern amenities and strategically located for easy accessibility, Radha Palace (   ) stands out as one of the best choices for event hosting in the Rajkot region. Whether you are planning an intimate family function or a large-scale celebration, this venue provides the perfect backdrop.', 'Sardar chowk, Radha Palace, 80 Feet Road, opp. side Diamond Party Plot, Rajkot, Kotharia, Gujarat 360022', 'Rajkot', 'Kotharia', 22.23314550, 70.81096510, 'radha-palace', 3, 12, 0, 0, NULL, NULL, 'Kotharia', 'Kotharia', 'Condominium complex', '[\"rajkot\",\"party-plots\"]', 0, 0, 0, 0, 0, 0, 0, NULL, NULL, NULL, 5.00, 1, NULL, 0, NULL, NULL, NULL, NULL, NULL, NULL, NULL, 'active', 'pending', 0, NULL, NULL, '2025-12-20 01:39:41', '2025-12-20 01:39:41'),
(127, 'Khodaldham Farm & Party Plot', 'Khodaldham Farm & Party Plot is a premier community center situated in Rajkot, Gujarat 360022. This highly-rated venue in Rajkot is perfectly designed to host a variety of events, including grand weddings, corporate seminars, anniversary parties, and festive social gatherings. The property boasts a spacious layout with a beautiful ambience, ensuring a memorable experience for all guests. Equipped with essential modern amenities and strategically located for easy accessibility, Khodaldham Farm & Party Plot stands out as one of the best choices for event hosting in the Rajkot region. Whether you are planning an intimate family function or a large-scale celebration, this venue provides the perfect backdrop.', 'Rajkot, Gujarat 360022', 'Rajkot', NULL, 22.18645530, 70.83496820, 'khodaldham-farm-party-plot', 3, 8, 0, 0, NULL, NULL, NULL, NULL, 'Community center', '[\"rajkot\",\"party-plots\"]', 0, 0, 0, 0, 0, 0, 0, NULL, NULL, NULL, NULL, NULL, NULL, 0, NULL, NULL, NULL, NULL, NULL, NULL, NULL, 'active', 'pending', 0, NULL, NULL, '2025-12-20 01:39:41', '2025-12-20 01:39:41'),
(128, 'Sandberry Garden', 'Sandberry Garden is a premier wedding service situated in Mavdi pal, road, Rajkot, Gujarat 360004. This highly-rated venue in Rajkot is perfectly designed to host a variety of events, including grand weddings, corporate seminars, anniversary parties, and festive social gatherings. The property boasts a spacious layout with a beautiful ambience, ensuring a memorable experience for all guests. Equipped with essential modern amenities and strategically located for easy accessibility, Sandberry Garden stands out as one of the best choices for event hosting in the Rajkot region. Whether you are planning an intimate family function or a large-scale celebration, this venue provides the perfect backdrop.', 'Mavdi pal, road, Rajkot, Gujarat 360004', 'Rajkot', NULL, 22.23568870, 70.76643030, 'sandberry-garden', 3, 13, 0, 0, NULL, NULL, NULL, NULL, 'Wedding service', '[\"rajkot\",\"party-plots\"]', 0, 0, 0, 0, 0, 0, 0, NULL, NULL, NULL, 4.40, 90, NULL, 0, NULL, NULL, NULL, NULL, NULL, NULL, '8849177030', 'active', 'pending', 0, NULL, NULL, '2025-12-20 01:39:41', '2025-12-20 01:39:41'),
(129, 'Bilipatra Party Lawns', 'Bilipatra Party Lawns is a premier wedding venue situated in Kothariya Main Rd, Kotharia, Gujarat 360022. This highly-rated venue in Kotharia is perfectly designed to host a variety of events, including grand weddings, corporate seminars, anniversary parties, and festive social gatherings. The property boasts a spacious layout with a beautiful ambience, ensuring a memorable experience for all guests. Equipped with essential modern amenities and strategically located for easy accessibility, Bilipatra Party Lawns stands out as one of the best choices for event hosting in the Rajkot region. Whether you are planning an intimate family function or a large-scale celebration, this venue provides the perfect backdrop.', 'Kothariya Main Rd, Kotharia, Gujarat 360022', 'Rajkot', 'Kotharia', 22.21361940, 70.81866500, 'bilipatra-party-lawns', 3, 2, 0, 0, NULL, NULL, 'Kotharia', 'Kotharia', 'Wedding venue', '[\"rajkot\",\"party-plots\"]', 0, 0, 0, 0, 0, 0, 0, NULL, NULL, NULL, 4.40, 291, NULL, 0, NULL, NULL, NULL, NULL, NULL, NULL, '9909281257', 'active', 'pending', 0, NULL, NULL, '2025-12-20 01:39:41', '2025-12-20 01:39:41'),
(130, 'Celebration Tree Farm', 'Celebration Tree Farm is a premier marriage celebrant,party equipment rental service situated in Kothariya Main Rd, nr. Riverside school, Rajkot, Kotharia, Gujarat 360022. This highly-rated venue in Kotharia is perfectly designed to host a variety of events, including grand weddings, corporate seminars, anniversary parties, and festive social gatherings. The property boasts a spacious layout with a beautiful ambience, ensuring a memorable experience for all guests. Equipped with essential modern amenities and strategically located for easy accessibility, Celebration Tree Farm stands out as one of the best choices for event hosting in the Rajkot region. Whether you are planning an intimate family function or a large-scale celebration, this venue provides the perfect backdrop.', 'Kothariya Main Rd, nr. Riverside school, Rajkot, Kotharia, Gujarat 360022', 'Rajkot', 'Kotharia', 22.20837930, 70.81844240, 'celebration-tree-farm', 3, 14, 0, 0, NULL, NULL, 'Kotharia', 'Kotharia', 'Marriage celebrant, Party equipment rental service', '[\"rajkot\",\"party-plots\"]', 0, 0, 0, 0, 0, 0, 0, NULL, NULL, NULL, 4.40, 240, NULL, 0, NULL, NULL, NULL, NULL, NULL, NULL, '8849650090', 'active', 'pending', 0, NULL, NULL, '2025-12-20 01:39:41', '2025-12-20 01:39:41'),
(131, 'Ashirwaad Farm', 'Ashirwaad Farm is a premier party planner situated in Kothariya Main Rd, behind sunny paji dhaba, near shandar residency, Rajkot, Kotharia, Gujarat 360022. This highly-rated venue in Kotharia is perfectly designed to host a variety of events, including grand weddings, corporate seminars, anniversary parties, and festive social gatherings. The property boasts a spacious layout with a beautiful ambience, ensuring a memorable experience for all guests. Equipped with essential modern amenities and strategically located for easy accessibility, Ashirwaad Farm stands out as one of the best choices for event hosting in the Rajkot region. Whether you are planning an intimate family function or a large-scale celebration, this venue provides the perfect backdrop.', 'Kothariya Main Rd, behind sunny paji dhaba, near shandar residency, Rajkot, Kotharia, Gujarat 360022', 'Rajkot', 'Kotharia', 22.21996420, 70.81594270, 'ashirwaad-farm', 3, 15, 0, 0, NULL, NULL, 'Kotharia', 'Kotharia', 'Party planner', '[\"rajkot\",\"party-plots\"]', 0, 0, 0, 0, 0, 0, 0, NULL, NULL, NULL, 4.30, 32, NULL, 0, NULL, NULL, NULL, NULL, NULL, NULL, NULL, 'active', 'pending', 0, NULL, NULL, '2025-12-20 01:39:41', '2025-12-20 01:39:41'),
(132, 'Shreeji Event Place', 'Shreeji Event Place is a premier event venue situated in Kothariya Main Rd, Rajkot, Kotharia, Gujarat 360022. This highly-rated venue in Kotharia is perfectly designed to host a variety of events, including grand weddings, corporate seminars, anniversary parties, and festive social gatherings. The property boasts a spacious layout with a beautiful ambience, ensuring a memorable experience for all guests. Equipped with essential modern amenities and strategically located for easy accessibility, Shreeji Event Place stands out as one of the best choices for event hosting in the Rajkot region. Whether you are planning an intimate family function or a large-scale celebration, this venue provides the perfect backdrop.', 'Kothariya Main Rd, Rajkot, Kotharia, Gujarat 360022', 'Rajkot', 'Kotharia', 22.21031500, 70.81813310, 'shreeji-event-place', 3, 3, 0, 0, NULL, NULL, 'Kotharia', 'Kotharia', 'Event venue', '[\"rajkot\",\"party-plots\"]', 0, 0, 0, 0, 0, 0, 0, NULL, NULL, NULL, 4.60, 48, NULL, 0, NULL, NULL, NULL, NULL, NULL, NULL, '7990235421', 'active', 'pending', 0, NULL, NULL, '2025-12-20 01:39:41', '2025-12-20 01:39:41'),
(133, 'The Grand Florence', 'The Grand Florence is a premier wedding venue situated in Kothariya Main Rd, Kotharia, Gujarat 360022. This highly-rated venue in Kotharia is perfectly designed to host a variety of events, including grand weddings, corporate seminars, anniversary parties, and festive social gatherings. The property boasts a spacious layout with a beautiful ambience, ensuring a memorable experience for all guests. Equipped with essential modern amenities and strategically located for easy accessibility, The Grand Florence stands out as one of the best choices for event hosting in the Rajkot region. Whether you are planning an intimate family function or a large-scale celebration, this venue provides the perfect backdrop.', 'Kothariya Main Rd, Kotharia, Gujarat 360022', 'Rajkot', 'Kotharia', 22.22351490, 70.81789080, 'the-grand-florence', 3, 2, 0, 0, NULL, NULL, 'Kotharia', 'Kotharia', 'Wedding venue', '[\"rajkot\",\"party-plots\"]', 0, 0, 0, 0, 0, 0, 0, NULL, NULL, NULL, 4.40, 48, NULL, 0, NULL, NULL, NULL, NULL, NULL, NULL, NULL, 'active', 'pending', 0, NULL, NULL, '2025-12-20 01:39:42', '2025-12-20 01:39:42'),
(134, 'Lilavanti Community Hall', 'Lilavanti Community Hall is a premier banquet hall situated in Rameshwar Park, Near Omkar School, 80 Feet Rd, Kotharia, Gujarat 360022. This highly-rated venue in Kotharia is perfectly designed to host a variety of events, including grand weddings, corporate seminars, anniversary parties, and festive social gatherings. The property boasts a spacious layout with a beautiful ambience, ensuring a memorable experience for all guests. Equipped with essential modern amenities and strategically located for easy accessibility, Lilavanti Community Hall stands out as one of the best choices for event hosting in the Rajkot region. Whether you are planning an intimate family function or a large-scale celebration, this venue provides the perfect backdrop.', 'Rameshwar Park, Near Omkar School, 80 Feet Rd, Kotharia, Gujarat 360022', 'Rajkot', 'Kotharia', 22.23696430, 70.81144150, 'lilavanti-community-hall', 3, 1, 0, 0, NULL, NULL, 'Kotharia', 'Kotharia', 'Banquet hall', '[\"rajkot\",\"party-plots\"]', 0, 0, 0, 0, 0, 0, 0, NULL, NULL, NULL, 4.10, 282, NULL, 0, NULL, NULL, NULL, NULL, NULL, NULL, '9909333434', 'active', 'pending', 0, NULL, NULL, '2025-12-20 01:39:42', '2025-12-20 01:39:42'),
(135, 'Shangar Hall', 'Shangar Hall is a premier banquet hall,hall situated in Kothariya Main Rd, Balaji Park, Rajkot, Kotharia, Gujarat 360022. This highly-rated venue in Kotharia is perfectly designed to host a variety of events, including grand weddings, corporate seminars, anniversary parties, and festive social gatherings. The property boasts a spacious layout with a beautiful ambience, ensuring a memorable experience for all guests. Equipped with essential modern amenities and strategically located for easy accessibility, Shangar Hall stands out as one of the best choices for event hosting in the Rajkot region. Whether you are planning an intimate family function or a large-scale celebration, this venue provides the perfect backdrop.', 'Kothariya Main Rd, Balaji Park, Rajkot, Kotharia, Gujarat 360022', 'Rajkot', 'Kotharia', 22.24645450, 70.81685650, 'shangar-hall', 3, 1, 0, 0, NULL, NULL, 'Kotharia', 'Kotharia', 'Banquet hall, Hall', '[\"rajkot\",\"party-plots\"]', 0, 0, 0, 0, 0, 0, 0, NULL, NULL, NULL, 4.10, 198, NULL, 0, NULL, NULL, NULL, NULL, NULL, NULL, NULL, 'active', 'pending', 0, NULL, NULL, '2025-12-20 01:39:42', '2025-12-20 01:39:42'),
(136, 'Shree Somnath Party Plot', 'Shree Somnath Party Plot is a premier wedding venue situated in Swaminarayan Chowk, Krishna Nagar, Sardar Nagar, Rajkot, Gujarat 360004. This highly-rated venue in Rajkot is perfectly designed to host a variety of events, including grand weddings, corporate seminars, anniversary parties, and festive social gatherings. The property boasts a spacious layout with a beautiful ambience, ensuring a memorable experience for all guests. Equipped with essential modern amenities and strategically located for easy accessibility, Shree Somnath Party Plot stands out as one of the best choices for event hosting in the Rajkot region. Whether you are planning an intimate family function or a large-scale celebration, this venue provides the perfect backdrop.', 'Swaminarayan Chowk, Krishna Nagar, Sardar Nagar, Rajkot, Gujarat 360004', 'Rajkot', NULL, 22.26754900, 70.79362290, 'shree-somnath-party-plot', 3, 2, 0, 0, NULL, NULL, NULL, NULL, 'Wedding venue', '[\"rajkot\",\"party-plots\"]', 0, 0, 0, 0, 0, 0, 0, NULL, NULL, NULL, 4.00, 81, NULL, 0, NULL, NULL, NULL, NULL, NULL, NULL, NULL, 'active', 'pending', 0, NULL, NULL, '2025-12-20 01:39:42', '2025-12-20 01:39:42'),
(137, 'Balkrushna Party Lawns', 'Balkrushna Party Lawns is a premier marriage celebrant situated in Shriji Hight, B/H, 80 Feet road, Vavdi, Kangsiyali, Rajkot, Gujarat 360022. This highly-rated venue in Rajkot is perfectly designed to host a variety of events, including grand weddings, corporate seminars, anniversary parties, and festive social gatherings. The property boasts a spacious layout with a beautiful ambience, ensuring a memorable experience for all guests. Equipped with essential modern amenities and strategically located for easy accessibility, Balkrushna Party Lawns stands out as one of the best choices for event hosting in the Rajkot region. Whether you are planning an intimate family function or a large-scale celebration, this venue provides the perfect backdrop.', 'Shriji Hight, B/H, 80 Feet road, Vavdi, Kangsiyali, Rajkot, Gujarat 360022', 'Rajkot', NULL, 22.20863200, 70.79740960, 'balkrushna-party-lawns', 3, 14, 0, 0, NULL, NULL, NULL, NULL, 'Marriage celebrant', '[\"rajkot\",\"party-plots\"]', 0, 0, 0, 0, 0, 0, 0, NULL, NULL, NULL, 5.00, 84, NULL, 0, NULL, NULL, NULL, NULL, NULL, NULL, '9265491385', 'active', 'pending', 0, NULL, NULL, '2025-12-20 01:39:42', '2025-12-20 01:39:42'),
(138, 'Bombay restaurant and party plot.', 'Bombay restaurant and party plot. is a premier family restaurant situated in Gondal Rd, opp. parin furniture. Kothariya solvant, Rajkot, fatak, Gujarat 360022. This highly-rated venue in Rajkot is perfectly designed to host a variety of events, including grand weddings, corporate seminars, anniversary parties, and festive social gatherings. The property boasts a spacious layout with a beautiful ambience, ensuring a memorable experience for all guests. Equipped with essential modern amenities and strategically located for easy accessibility, Bombay restaurant and party plot. stands out as one of the best choices for event hosting in the Rajkot region. Whether you are planning an intimate family function or a large-scale celebration, this venue provides the perfect backdrop.', 'Gondal Rd, opp. parin furniture. Kothariya solvant, Rajkot, fatak, Gujarat 360022', 'Rajkot', NULL, 22.22458800, 70.80183800, 'bombay-restaurant-and-party-plot', 3, 16, 0, 0, NULL, NULL, NULL, NULL, 'Family restaurant', '[\"rajkot\",\"party-plots\"]', 0, 0, 0, 0, 0, 0, 0, NULL, NULL, NULL, 4.00, 1, NULL, 0, NULL, NULL, NULL, NULL, NULL, NULL, NULL, 'active', 'pending', 0, NULL, NULL, '2025-12-20 01:39:42', '2025-12-20 01:39:42'),
(139, 'Shri Gurjar Suthar Pragati Mandal, Rajkot', 'Shri Gurjar Suthar Pragati Mandal, Rajkot is a premier community center situated in Balaji Industrial Park, Street No. - 2, Gondal Rd, Nr. Jakat Naka, Rajkot, Gujarat 360004. This highly-rated venue in Rajkot is perfectly designed to host a variety of events, including grand weddings, corporate seminars, anniversary parties, and festive social gatherings. The property boasts a spacious layout with a beautiful ambience, ensuring a memorable experience for all guests. Equipped with essential modern amenities and strategically located for easy accessibility, Shri Gurjar Suthar Pragati Mandal, Rajkot stands out as one of the best choices for event hosting in the Rajkot region. Whether you are planning an intimate family function or a large-scale celebration, this venue provides the perfect backdrop.', 'Balaji Industrial Park, Street No. - 2, Gondal Rd, Nr. Jakat Naka, Rajkot, Gujarat 360004', 'Rajkot', NULL, 22.25222600, 70.79870170, 'shri-gurjar-suthar-pragati-mandal-rajkot', 3, 8, 0, 0, NULL, NULL, NULL, NULL, 'Community center', '[\"rajkot\",\"party-plots\"]', 0, 0, 0, 0, 0, 0, 0, NULL, NULL, NULL, 4.40, 274, NULL, 0, NULL, 'https://www.facebook.com/groups/117343165646810', NULL, NULL, 'https://www.shreegurjarsutarpragatimandal.org/', 'info@shreegurjarsutarpragatimandal.org', '9426473506', 'active', 'pending', 0, NULL, NULL, '2025-12-20 01:39:42', '2025-12-20 01:39:42'),
(140, 'Rangmahel Party Lawns', 'Rangmahel Party Lawns is a premier park situated in Kotharia, Gujarat 360022. This highly-rated venue in Kotharia is perfectly designed to host a variety of events, including grand weddings, corporate seminars, anniversary parties, and festive social gatherings. The property boasts a spacious layout with a beautiful ambience, ensuring a memorable experience for all guests. Equipped with essential modern amenities and strategically located for easy accessibility, Rangmahel Party Lawns stands out as one of the best choices for event hosting in the Rajkot region. Whether you are planning an intimate family function or a large-scale celebration, this venue provides the perfect backdrop.', 'Kotharia, Gujarat 360022', 'Rajkot', 'Kotharia', 22.20683780, 70.81594860, 'rangmahel-party-lawns', 3, 17, 0, 0, NULL, NULL, 'Kotharia', 'Kotharia', 'Park', '[\"rajkot\",\"party-plots\"]', 0, 0, 0, 0, 0, 0, 0, NULL, NULL, NULL, 4.20, 5, NULL, 0, NULL, NULL, NULL, NULL, NULL, NULL, NULL, 'active', 'pending', 0, NULL, NULL, '2025-12-20 01:39:42', '2025-12-20 01:39:42'),
(141, 'Back door of party plot', 'Back door of party plot is a premier playground situated in Kotharia, Gujarat 360022. This highly-rated venue in Kotharia is perfectly designed to host a variety of events, including grand weddings, corporate seminars, anniversary parties, and festive social gatherings. The property boasts a spacious layout with a beautiful ambience, ensuring a memorable experience for all guests. Equipped with essential modern amenities and strategically located for easy accessibility, Back door of party plot stands out as one of the best choices for event hosting in the Rajkot region. Whether you are planning an intimate family function or a large-scale celebration, this venue provides the perfect backdrop.', 'Kotharia, Gujarat 360022', 'Rajkot', 'Kotharia', 22.23383100, 70.81050780, 'back-door-of-party-plot', 3, 18, 0, 0, NULL, NULL, 'Kotharia', 'Kotharia', 'Playground', '[\"rajkot\",\"party-plots\"]', 0, 0, 0, 0, 0, 0, 0, NULL, NULL, NULL, NULL, NULL, NULL, 0, NULL, NULL, NULL, NULL, NULL, NULL, NULL, 'active', 'pending', 0, NULL, NULL, '2025-12-20 01:39:42', '2025-12-20 01:39:42'),
(142, 'Vinodbhai Sheth Community Hall', 'Vinodbhai Sheth Community Hall is a premier banquet hall situated in Aravindbhai, Kothariya Main Rd, Devpara Shak Market, Anand Nagar Colony, Anand Nagar, Rajkot, Gujarat 360002. This highly-rated venue in Rajkot is perfectly designed to host a variety of events, including grand weddings, corporate seminars, anniversary parties, and festive social gatherings. The property boasts a spacious layout with a beautiful ambience, ensuring a memorable experience for all guests. Equipped with essential modern amenities and strategically located for easy accessibility, Vinodbhai Sheth Community Hall stands out as one of the best choices for event hosting in the Rajkot region. Whether you are planning an intimate family function or a large-scale celebration, this venue provides the perfect backdrop.', 'Aravindbhai, Kothariya Main Rd, Devpara Shak Market, Anand Nagar Colony, Anand Nagar, Rajkot, Gujarat 360002', 'Rajkot', NULL, 22.26084850, 70.81467470, 'vinodbhai-sheth-community-hall', 3, 1, 0, 0, NULL, NULL, NULL, NULL, 'Banquet hall', '[\"rajkot\",\"party-plots\"]', 0, 0, 0, 0, 0, 0, 0, NULL, NULL, NULL, 4.10, 274, NULL, 0, NULL, NULL, NULL, NULL, NULL, NULL, NULL, 'active', 'pending', 0, NULL, NULL, '2025-12-20 01:39:42', '2025-12-20 01:39:42'),
(143, 'Shree Gokulesh Party Plot', 'Shree Gokulesh Party Plot is a premier wedding venue situated in Gokulnagar 2, Gokul Nagar, Rajkot, Gujarat 360004. This highly-rated venue in Rajkot is perfectly designed to host a variety of events, including grand weddings, corporate seminars, anniversary parties, and festive social gatherings. The property boasts a spacious layout with a beautiful ambience, ensuring a memorable experience for all guests. Equipped with essential modern amenities and strategically located for easy accessibility, Shree Gokulesh Party Plot stands out as one of the best choices for event hosting in the Rajkot region. Whether you are planning an intimate family function or a large-scale celebration, this venue provides the perfect backdrop.', 'Gokulnagar 2, Gokul Nagar, Rajkot, Gujarat 360004', 'Rajkot', NULL, 22.25997900, 70.79383610, 'shree-gokulesh-party-plot', 3, 2, 0, 0, NULL, NULL, NULL, NULL, 'Wedding venue', '[\"rajkot\",\"party-plots\"]', 0, 0, 0, 0, 0, 0, 0, NULL, NULL, NULL, 5.00, 1, NULL, 0, NULL, NULL, NULL, NULL, NULL, NULL, NULL, 'active', 'pending', 0, NULL, NULL, '2025-12-20 01:39:42', '2025-12-20 01:39:42'),
(144, 'Jay bholenath decoration', 'Jay bholenath decoration is a premier wedding service situated in Gokul Nagar, Sardar Nagar, Rajkot, Gujarat 360004. This highly-rated venue in Rajkot is perfectly designed to host a variety of events, including grand weddings, corporate seminars, anniversary parties, and festive social gatherings. The property boasts a spacious layout with a beautiful ambience, ensuring a memorable experience for all guests. Equipped with essential modern amenities and strategically located for easy accessibility, Jay bholenath decoration stands out as one of the best choices for event hosting in the Rajkot region. Whether you are planning an intimate family function or a large-scale celebration, this venue provides the perfect backdrop.', 'Gokul Nagar, Sardar Nagar, Rajkot, Gujarat 360004', 'Rajkot', NULL, 22.25944510, 70.79586790, 'jay-bholenath-decoration', 3, 13, 0, 0, NULL, NULL, NULL, NULL, 'Wedding service', '[\"rajkot\",\"party-plots\"]', 0, 0, 0, 0, 0, 0, 0, NULL, NULL, NULL, 4.80, 11, NULL, 0, NULL, NULL, NULL, NULL, NULL, NULL, '9824249158', 'active', 'pending', 0, NULL, NULL, '2025-12-20 01:39:42', '2025-12-20 01:39:42'),
(145, 'Sardar Smarak Bhavan, Rajkot', 'Sardar Smarak Bhavan, Rajkot is a premier auditorium situated in Sardar Chowk, Near, Swaminarayan Chowk, Sardar Nagar, Rajkot, Gujarat 360004. This highly-rated venue in Rajkot is perfectly designed to host a variety of events, including grand weddings, corporate seminars, anniversary parties, and festive social gatherings. The property boasts a spacious layout with a beautiful ambience, ensuring a memorable experience for all guests. Equipped with essential modern amenities and strategically located for easy accessibility, Sardar Smarak Bhavan, Rajkot stands out as one of the best choices for event hosting in the Rajkot region. Whether you are planning an intimate family function or a large-scale celebration, this venue provides the perfect backdrop.', 'Sardar Chowk, Near, Swaminarayan Chowk, Sardar Nagar, Rajkot, Gujarat 360004', 'Rajkot', NULL, 22.26620500, 70.79462610, 'sardar-smarak-bhavan-rajkot', 3, 19, 0, 0, NULL, NULL, NULL, NULL, 'Auditorium', '[\"rajkot\",\"party-plots\"]', 0, 0, 0, 0, 0, 0, 0, NULL, NULL, NULL, 4.40, 137, NULL, 0, NULL, NULL, NULL, NULL, NULL, NULL, '2812371220', 'active', 'pending', 0, NULL, NULL, '2025-12-20 01:39:42', '2025-12-20 01:39:42'),
(146, 'Shri Somnath Party Plot', 'Shri Somnath Party Plot is a premier wedding venue situated in Sardar Nagar Main Rd, sardar Nagar, Rajkot, Gujarat 360004. This highly-rated venue in Rajkot is perfectly designed to host a variety of events, including grand weddings, corporate seminars, anniversary parties, and festive social gatherings. The property boasts a spacious layout with a beautiful ambience, ensuring a memorable experience for all guests. Equipped with essential modern amenities and strategically located for easy accessibility, Shri Somnath Party Plot stands out as one of the best choices for event hosting in the Rajkot region. Whether you are planning an intimate family function or a large-scale celebration, this venue provides the perfect backdrop.', 'Sardar Nagar Main Rd, sardar Nagar, Rajkot, Gujarat 360004', 'Rajkot', NULL, 22.26760940, 70.79354020, 'shri-somnath-party-plot', 3, 2, 0, 0, NULL, NULL, NULL, NULL, 'Wedding venue', '[\"rajkot\",\"party-plots\"]', 0, 0, 0, 0, 0, 0, 0, NULL, NULL, NULL, 3.90, 30, NULL, 0, NULL, NULL, NULL, NULL, NULL, NULL, '9825413340', 'active', 'pending', 0, NULL, NULL, '2025-12-20 01:39:42', '2025-12-20 01:39:42'),
(147, 'Madhulaxmi party plot', 'Madhulaxmi party plot is a premier event venue situated in opp. pashu mela, Vavdi, Rajkot, Gujarat 360004. This highly-rated venue in Vavdi is perfectly designed to host a variety of events, including grand weddings, corporate seminars, anniversary parties, and festive social gatherings. The property boasts a spacious layout with a beautiful ambience, ensuring a memorable experience for all guests. Equipped with essential modern amenities and strategically located for easy accessibility, Madhulaxmi party plot stands out as one of the best choices for event hosting in the Rajkot region. Whether you are planning an intimate family function or a large-scale celebration, this venue provides the perfect backdrop.', 'opp. pashu mela, Vavdi, Rajkot, Gujarat 360004', 'Rajkot', 'Vavdi', 22.23595100, 70.79093840, 'madhulaxmi-party-plot', 3, 3, 0, 0, NULL, NULL, 'Vavdi', 'Vavdi', 'Event venue', '[\"rajkot\",\"party-plots\"]', 0, 0, 0, 0, 0, 0, 0, NULL, NULL, NULL, 4.20, 66, NULL, 0, NULL, NULL, NULL, NULL, NULL, NULL, NULL, 'active', 'pending', 0, NULL, NULL, '2025-12-20 01:39:42', '2025-12-20 01:39:42'),
(148, 'Yash Party Plot', 'Yash Party Plot is a premier wedding venue situated in 80 Foot Rd, behind sbi bank, Rajkot, Gujarat 360002. This highly-rated venue in Rajkot is perfectly designed to host a variety of events, including grand weddings, corporate seminars, anniversary parties, and festive social gatherings. The property boasts a spacious layout with a beautiful ambience, ensuring a memorable experience for all guests. Equipped with essential modern amenities and strategically located for easy accessibility, Yash Party Plot stands out as one of the best choices for event hosting in the Rajkot region. Whether you are planning an intimate family function or a large-scale celebration, this venue provides the perfect backdrop.', '80 Foot Rd, behind sbi bank, Rajkot, Gujarat 360002', 'Rajkot', NULL, 22.26443400, 70.81467470, 'yash-party-plot', 3, 2, 0, 0, NULL, NULL, NULL, NULL, 'Wedding venue', '[\"rajkot\",\"party-plots\"]', 0, 0, 0, 0, 0, 0, 0, NULL, NULL, NULL, 4.10, 333, NULL, 0, NULL, NULL, NULL, NULL, NULL, NULL, NULL, 'active', 'pending', 0, NULL, NULL, '2025-12-20 01:39:42', '2025-12-20 01:39:42'),
(149, 'Sahyog Community Hall', 'Sahyog Community Hall is a premier community center situated in Kotharia, Gujarat 360022. This highly-rated venue in Kotharia is perfectly designed to host a variety of events, including grand weddings, corporate seminars, anniversary parties, and festive social gatherings. The property boasts a spacious layout with a beautiful ambience, ensuring a memorable experience for all guests. Equipped with essential modern amenities and strategically located for easy accessibility, Sahyog Community Hall stands out as one of the best choices for event hosting in the Rajkot region. Whether you are planning an intimate family function or a large-scale celebration, this venue provides the perfect backdrop.', 'Kotharia, Gujarat 360022', 'Rajkot', 'Kotharia', 22.22237930, 70.81702740, 'sahyog-community-hall', 3, 8, 0, 0, NULL, NULL, 'Kotharia', 'Kotharia', 'Community center', '[\"rajkot\",\"party-plots\"]', 0, 0, 0, 0, 0, 0, 0, NULL, NULL, NULL, NULL, NULL, NULL, 0, NULL, NULL, NULL, NULL, NULL, NULL, NULL, 'active', 'pending', 0, NULL, NULL, '2025-12-20 01:39:42', '2025-12-20 01:39:42'),
(150, 'Silver Green Party Plot', 'Silver Green Party Plot is a premier wedding venue situated in 150 Feet Ring Rd, Nr. Mavdi Chowk, Rajkot, Gujarat 360004. This highly-rated venue in Rajkot is perfectly designed to host a variety of events, including grand weddings, corporate seminars, anniversary parties, and festive social gatherings. The property boasts a spacious layout with a beautiful ambience, ensuring a memorable experience for all guests. Equipped with essential modern amenities and strategically located for easy accessibility, Silver Green Party Plot stands out as one of the best choices for event hosting in the Rajkot region. Whether you are planning an intimate family function or a large-scale celebration, this venue provides the perfect backdrop.', '150 Feet Ring Rd, Nr. Mavdi Chowk, Rajkot, Gujarat 360004', 'Rajkot', NULL, 22.25678000, 70.77123400, 'silver-green-party-plot', 3, 2, 0, 0, NULL, NULL, NULL, NULL, 'Wedding venue', '[\"rajkot\",\"party-plots\"]', 0, 0, 0, 0, 0, 0, 0, NULL, NULL, NULL, 4.30, 45, NULL, 0, NULL, NULL, NULL, NULL, NULL, NULL, NULL, 'active', 'pending', 0, NULL, NULL, '2025-12-20 01:39:42', '2025-12-20 01:39:42'),
(151, 'Royal Green Party Plot', 'Royal Green Party Plot is a premier wedding venue situated in 150 Feet Ring Rd, Mavdi, Rajkot, Gujarat 360004. This highly-rated venue in Rajkot is perfectly designed to host a variety of events, including grand weddings, corporate seminars, anniversary parties, and festive social gatherings. The property boasts a spacious layout with a beautiful ambience, ensuring a memorable experience for all guests. Equipped with essential modern amenities and strategically located for easy accessibility, Royal Green Party Plot stands out as one of the best choices for event hosting in the Rajkot region. Whether you are planning an intimate family function or a large-scale celebration, this venue provides the perfect backdrop.', '150 Feet Ring Rd, Mavdi, Rajkot, Gujarat 360004', 'Rajkot', NULL, 22.25123400, 70.77567800, 'royal-green-party-plot', 3, 2, 0, 0, NULL, NULL, NULL, NULL, 'Wedding venue', '[\"rajkot\",\"party-plots\"]', 0, 0, 0, 0, 0, 0, 0, NULL, NULL, NULL, 4.10, 22, NULL, 0, NULL, NULL, NULL, NULL, NULL, NULL, NULL, 'active', 'pending', 0, NULL, NULL, '2025-12-20 01:39:42', '2025-12-20 01:39:42'),
(152, 'Vandana Hall', 'Vandana Hall is a premier banquet hall situated in 80 Feet Rd, Nr. Sorathiyawadi, Rajkot, Gujarat 360002. This highly-rated venue in Rajkot is perfectly designed to host a variety of events, including grand weddings, corporate seminars, anniversary parties, and festive social gatherings. The property boasts a spacious layout with a beautiful ambience, ensuring a memorable experience for all guests. Equipped with essential modern amenities and strategically located for easy accessibility, Vandana Hall stands out as one of the best choices for event hosting in the Rajkot region. Whether you are planning an intimate family function or a large-scale celebration, this venue provides the perfect backdrop.', '80 Feet Rd, Nr. Sorathiyawadi, Rajkot, Gujarat 360002', 'Rajkot', NULL, 22.27123400, 70.81567800, 'vandana-hall', 3, 1, 0, 0, NULL, NULL, NULL, NULL, 'Banquet hall', '[\"rajkot\",\"party-plots\"]', 0, 0, 0, 0, 0, 0, 0, NULL, NULL, NULL, 4.00, 125, NULL, 0, NULL, NULL, NULL, NULL, NULL, NULL, NULL, 'active', 'pending', 0, NULL, NULL, '2025-12-20 01:39:42', '2025-12-20 01:39:42'),
(153, 'Swaminarayan Hall', 'Swaminarayan Hall is a premier banquet hall situated in Kalawad Rd, Rajkot, Gujarat 360005. This highly-rated venue in Rajkot is perfectly designed to host a variety of events, including grand weddings, corporate seminars, anniversary parties, and festive social gatherings. The property boasts a spacious layout with a beautiful ambience, ensuring a memorable experience for all guests. Equipped with essential modern amenities and strategically located for easy accessibility, Swaminarayan Hall stands out as one of the best choices for event hosting in the Rajkot region. Whether you are planning an intimate family function or a large-scale celebration, this venue provides the perfect backdrop.', 'Kalawad Rd, Rajkot, Gujarat 360005', 'Rajkot', 'Kalawad Rd', 22.28123400, 70.75123400, 'swaminarayan-hall', 3, 1, 0, 0, NULL, NULL, 'Kalawad Rd', 'Kalawad Rd', 'Banquet hall', '[\"rajkot\",\"party-plots\"]', 0, 0, 0, 0, 0, 0, 0, NULL, NULL, NULL, 4.30, 95, NULL, 0, NULL, NULL, NULL, NULL, NULL, NULL, NULL, 'active', 'pending', 0, NULL, NULL, '2025-12-20 01:39:42', '2025-12-20 01:39:42'),
(154, 'Shanti party plot', 'Shanti party plot is a renowned party store located in Hapa Industrial Area, Jamnagar, Gujarat. This venue is perfect for weddings, receptions, birthday parties, and corporate events. Highly rated at 4.5 stars by 4+ satisfied customers on Google, it stands out as one of the top choices in Jamnagar. The venue features ample parking space, modern amenities, and beautiful dcor suitable for grand celebrations. Book Shanti party plot for your upcoming celebration and experience exceptional hospitality.', 'Hapa Industrial Area, Jamnagar, Gujarat 361120', 'Jamnagar', 'Hapa Industrial Area', 22.48046550, 70.11896080, 'shanti-party-plot-1', 3, 20, 0, 0, NULL, NULL, 'Hapa Industrial Area', 'Hapa Industrial Area', 'Party store', '[\"jamnagar\",\"party-plots\"]', 0, 0, 0, 0, 0, 0, 0, NULL, NULL, NULL, 4.50, 4, NULL, 0, NULL, NULL, NULL, NULL, NULL, NULL, NULL, 'active', 'pending', 0, NULL, 'ChIJudWl6TBrVzkR_5pl4VJV5js', '2025-12-20 05:59:13', '2025-12-20 05:59:13'),
(155, 'Tulsi Avenue (More Than A Party Plot)', 'Tulsi Avenue (More Than A Party Plot) is a renowned wedding venue located in Airport Road, Jamnagar, Gujarat. This venue offers excellent facilities for wedding ceremonies. With an impressive 4.4-star rating from 432+ Google reviews, guests consistently praise its excellent service and ambience. The venue features ample parking space, modern amenities, and beautiful dcor suitable for grand celebrations. Contact Tulsi Avenue (More Than A Party Plot) today to book your next event and create unforgettable memories.', 'Airport Road, Jamnagar, Gujarat 361006', 'Jamnagar', 'Airport Road', 22.45119770, 70.01804980, 'tulsi-avenue-more-than-a-party-plot', 3, 2, 0, 0, NULL, NULL, 'Airport Road', 'Airport Road', 'Wedding venue, Marriage celebrant', '[\"jamnagar\",\"party-plots\"]', 0, 0, 0, 0, 0, 0, 0, NULL, NULL, NULL, 4.40, 432, NULL, 0, NULL, NULL, NULL, NULL, NULL, NULL, '098252 10119', 'active', 'pending', 0, NULL, 'ChIJI2lkzBMVVzkRqGn9YRiob48', '2025-12-20 05:59:13', '2025-12-20 05:59:13'),
(156, 'VDB The Party Lawns', 'VDB The Party Lawns is a spacious party lawns venue located in Ranjit Sagar, Jamnagar, Gujarat. This venue offers excellent facilities for wedding ceremonies. Highly rated at 4.8 stars by 356+ satisfied customers on Google, it stands out as one of the top choices in Jamnagar. The venue features ample parking space, modern amenities, and beautiful dcor suitable for grand celebrations. Contact VDB The Party Lawns today to book your next event and create unforgettable memories.', 'Before Dhorivav, Ranjit Sagar Rd, nr. Lalpur Bypass, Jamnagar, Gujarat 361006', 'Jamnagar', 'Ranjit Sagar', 22.41442000, 70.07501250, 'vdb-the-party-lawns', 3, 2, 0, 0, NULL, NULL, 'Ranjit Sagar', 'Ranjit Sagar', 'Wedding venue', '[\"jamnagar\",\"party-plots\"]', 0, 0, 0, 0, 0, 0, 0, NULL, NULL, NULL, 4.80, 356, NULL, 0, NULL, NULL, NULL, NULL, NULL, NULL, '094298 06217', 'active', 'pending', 0, NULL, 'ChIJ6Wx37ahrVzkRd2hQ15AybcQ', '2025-12-20 05:59:13', '2025-12-20 05:59:13'),
(157, 'Padam Banquets & Lawn', 'Padam Banquets & Lawn is a distinguished banquet hall located in Padam Banquet & Lawns, Jamnagar, Gujarat. This venue offers excellent facilities for banquet services. Highly rated at 4.7 stars by 302+ satisfied customers on Google, it stands out as one of the top choices in Jamnagar. The venue features ample parking space, modern amenities, and beautiful dcor suitable for grand celebrations. Contact Padam Banquets & Lawn today to book your next event and create unforgettable memories.', 'Padam Banquet & Lawns, Airport Rd, near RTO office, Jamnagar, Gujarat 361006', 'Jamnagar', 'Padam Banquet & Lawns', 22.45189790, 70.01194910, 'padam-banquets-lawn', 3, 1, 0, 0, NULL, NULL, 'Padam Banquet & Lawns', 'Padam Banquet & Lawns', 'Banquet hall', '[\"jamnagar\",\"party-plots\"]', 0, 0, 0, 0, 0, 0, 0, NULL, NULL, NULL, 4.70, 302, NULL, 0, NULL, NULL, NULL, NULL, NULL, NULL, '088663 03033', 'active', 'pending', 0, NULL, 'ChIJ04AYms8VVzkRkDxhd_bMC7I', '2025-12-20 05:59:13', '2025-12-20 05:59:13'),
(158, 'Sanskaar Party Lawns', 'Sanskaar Party Lawns is a spacious party lawns venue located in Near madhav baug 6 Opp. Apna rajdhani hotel Jamnagar bye road Kansumra, Jamnagar, Gujarat. This venue offers excellent facilities for wedding ceremonies. With an impressive 4.4-star rating from 65+ Google reviews, guests consistently praise its excellent service and ambience. The venue features ample parking space, modern amenities, and beautiful dcor suitable for grand celebrations. Book Sanskaar Party Lawns for your upcoming celebration and experience exceptional hospitality.', 'Near madhav baug 6 Opp. Apna rajdhani hotel Jamnagar bye road Kansumra, patiya, Jamnagar, Gujarat 361006', 'Jamnagar', 'Near madhav baug 6 Opp. Apna rajdhani hotel Jamnagar bye road Kansumra', 22.43467210, 70.04515780, 'sanskaar-party-lawns', 3, 2, 0, 0, NULL, NULL, 'Near madhav baug 6 Opp. Apna rajdhani hotel Jamnagar bye road Kansumra', 'Near madhav baug 6 Opp. Apna rajdhani hotel Jamnagar bye road Kansumra', 'Wedding venue', '[\"jamnagar\",\"party-plots\"]', 0, 0, 0, 0, 0, 0, 0, NULL, NULL, NULL, 4.40, 65, NULL, 0, NULL, NULL, NULL, NULL, NULL, NULL, NULL, 'active', 'pending', 0, NULL, 'ChIJzb2onYsVVzkRrzChYPpa_rg', '2025-12-20 05:59:13', '2025-12-20 05:59:13'),
(159, 'Avsar party plot', 'Avsar party plot is a renowned wedding venue located in Mayur Nagar, Jamnagar, Gujarat. This venue offers excellent facilities for wedding ceremonies. With an impressive 4.1-star rating from 148+ Google reviews, guests consistently praise its excellent service and ambience. The venue features ample parking space, modern amenities, and beautiful dcor suitable for grand celebrations. Book Avsar party plot for your upcoming celebration and experience exceptional hospitality.', 'Ketivadi Farmers Colony, Mayur Nagar, Jamnagar, Gujarat 361006', 'Jamnagar', 'Mayur Nagar', 22.46313190, 70.03365350, 'avsar-party-plot', 3, 2, 0, 0, NULL, NULL, 'Mayur Nagar', 'Mayur Nagar', 'Wedding venue', '[\"jamnagar\",\"party-plots\"]', 0, 0, 0, 0, 0, 0, 0, NULL, NULL, NULL, 4.10, 148, NULL, 0, NULL, NULL, NULL, NULL, NULL, NULL, NULL, 'active', 'pending', 0, NULL, 'ChIJ999Ho0YVVzkR_z3E-CXRS8c', '2025-12-20 05:59:13', '2025-12-20 05:59:13'),
(160, 'Jamnagar Municipal Corporation Party Plot', 'Jamnagar Municipal Corporation Party Plot is a distinguished banquet hall located in Jamnagar, Gujarat. This venue offers excellent facilities for banquet services. With an impressive 4.2-star rating from 33+ Google reviews, guests consistently praise its excellent service and ambience. The venue features ample parking space, modern amenities, and beautiful dcor suitable for grand celebrations. Book Jamnagar Municipal Corporation Party Plot for your upcoming celebration and experience exceptional hospitality.', 'Jamnagar, Gujarat 361012', 'Jamnagar', NULL, 22.38459250, 70.10362530, 'jamnagar-municipal-corporation-party-plot', 3, 1, 0, 0, NULL, NULL, NULL, NULL, 'Banquet hall', '[\"jamnagar\",\"party-plots\"]', 0, 0, 0, 0, 0, 0, 0, NULL, NULL, NULL, 4.20, 33, NULL, 0, NULL, NULL, NULL, NULL, NULL, NULL, NULL, 'active', 'pending', 0, NULL, 'ChIJYZyTjVhtVzkRlsl-pb8r3ac', '2025-12-20 05:59:13', '2025-12-20 05:59:13');
INSERT INTO `party_plots` (`id`, `name`, `description`, `full_address`, `city`, `area`, `latitude`, `longitude`, `slug`, `creator_user_id`, `category_id`, `capacity_min`, `capacity_max`, `price_range_min`, `price_range_max`, `area_lawn`, `area_banquet`, `suitable_events`, `tags`, `parking`, `rooms`, `dj_allowed`, `decoration_allowed`, `catering_allowed`, `generator_backup`, `ac_available`, `featured_image`, `gallery_images`, `video_links`, `google_rating`, `google_review_count`, `google_review_text`, `visitors`, `instagram`, `facebook`, `twitter`, `youtube`, `website`, `email`, `phone`, `status`, `listing_status`, `verified`, `claimed_by_user_id`, `place_id`, `created_at`, `updated_at`) VALUES
(161, 'Bhanu Party Plot', 'Bhanu Party Plot is a well-established community hall located in Ajanta Society, Jamnagar, Gujarat. This venue is perfect for weddings, receptions, birthday parties, and corporate events. Highly rated at 4.5 stars by 45+ satisfied customers on Google, it stands out as one of the top choices in Jamnagar. The venue features ample parking space, modern amenities, and beautiful dcor suitable for grand celebrations. Book Bhanu Party Plot for your upcoming celebration and experience exceptional hospitality.', 'Airforce2 Rd, near underpass, Ajanta Society, Jamnagar, Gujarat 361006', 'Jamnagar', 'Ajanta Society', 22.46025220, 70.03910980, 'bhanu-party-plot', 3, 8, 0, 0, NULL, NULL, 'Ajanta Society', 'Ajanta Society', 'Community center', '[\"jamnagar\",\"party-plots\"]', 0, 0, 0, 0, 0, 0, 0, NULL, NULL, NULL, 4.50, 45, NULL, 0, NULL, NULL, NULL, NULL, NULL, NULL, NULL, 'active', 'pending', 0, NULL, 'ChIJtTAQ92UVVzkRJAAXNwenmhk', '2025-12-20 05:59:13', '2025-12-20 05:59:13'),
(162, 'Starlight Party Lawns', 'Starlight Party Lawns is a spacious party lawns venue located in Rajkot, Gujarat. This venue offers excellent facilities for wedding ceremonies. With an impressive 4.4-star rating from 76+ Google reviews, guests consistently praise its excellent service and ambience. The venue features ample parking space, modern amenities, and beautiful dcor suitable for grand celebrations. Book Starlight Party Lawns for your upcoming celebration and experience exceptional hospitality.', 'Jamnagar - Rajkot Hwy, Raj Park, Jamnagar, Gujarat 361001', 'Rajkot', NULL, 22.47447390, 70.09021900, 'starlight-party-lawns', 3, 2, 0, 0, NULL, NULL, NULL, NULL, 'Wedding venue', '[\"jamnagar\",\"party-plots\"]', 0, 0, 0, 0, 0, 0, 0, NULL, NULL, NULL, 4.40, 76, NULL, 0, NULL, NULL, NULL, NULL, NULL, NULL, NULL, 'active', 'pending', 0, NULL, 'ChIJZ3siQeprVzkRswYXGF1gmTo', '2025-12-20 05:59:13', '2025-12-20 05:59:13'),
(163, 'Radhika Party Plot', 'Radhika Party Plot is a distinguished banquet hall located in Hapa Industrial Area, Jamnagar, Gujarat. This venue offers excellent facilities for banquet services. Rated 3.9 stars by 64+ visitors on Google, offering reliable service for your special occasions. The venue features ample parking space, modern amenities, and beautiful dcor suitable for grand celebrations. Book Radhika Party Plot for your upcoming celebration and experience exceptional hospitality.', 'Hapa Industrial Area, Jamnagar, Gujarat 361120', 'Jamnagar', 'Hapa Industrial Area', 22.47934930, 70.11732500, 'radhika-party-plot', 3, 1, 0, 0, NULL, NULL, 'Hapa Industrial Area', 'Hapa Industrial Area', 'Banquet hall', '[\"jamnagar\",\"party-plots\"]', 0, 0, 0, 0, 0, 0, 0, NULL, NULL, NULL, 3.90, 64, NULL, 0, NULL, NULL, NULL, NULL, NULL, NULL, NULL, 'active', 'pending', 0, NULL, 'ChIJcVzRkm1qVzkRcDOlDr4pH8g', '2025-12-20 05:59:13', '2025-12-20 05:59:13'),
(164, 'Real Pearl Party Plot', 'Real Pearl Party Plot is a renowned wedding venue located in Rajkot, Gujarat. This venue offers excellent facilities for wedding ceremonies. With an impressive 4.3-star rating from 198+ Google reviews, guests consistently praise its excellent service and ambience. The venue features ample parking space, modern amenities, and beautiful dcor suitable for grand celebrations. Contact Real Pearl Party Plot today to book your next event and create unforgettable memories.', 'OPP B A DANGAR COLLEGE, AHEAD GHANTESHWAR VILLAGE, JAMNAGAR HIGHWAY, Jamnagar Road, Rajkot, Gujarat 360006', 'Rajkot', NULL, 22.34242680, 70.74073990, 'real-pearl-party-plot-1', 3, 2, 0, 0, NULL, NULL, NULL, NULL, 'Wedding venue', '[\"jamnagar\",\"party-plots\"]', 0, 0, 0, 0, 0, 0, 0, NULL, NULL, NULL, 4.30, 198, NULL, 0, NULL, 'https://www.facebook.com/HelloIndiaYP', 'https://twitter.com/helloindiayp', NULL, 'http://www.helloindia.co/Rajkot/REAL-PEARL-PARTY-PLOT/Jamnagar-Road', NULL, '099247 87502', 'active', 'pending', 0, NULL, 'ChIJbSsiCuDIWTkRjFsGw4a94q8', '2025-12-20 05:59:13', '2025-12-20 05:59:13'),
(165, 'Vejuma Party Plot', 'Vejuma Party Plot is a renowned event venue located in Ajanta Society, Jamnagar, Gujarat. This venue is perfect for weddings, receptions, birthday parties, and corporate events. With an impressive 4.4-star rating from 33+ Google reviews, guests consistently praise its excellent service and ambience. The venue features ample parking space, modern amenities, and beautiful dcor suitable for grand celebrations. Book Vejuma Party Plot for your upcoming celebration and experience exceptional hospitality.', 'Vejuma Party Plot, Samarpan Circle, Sant Kabir St, Ajanta Society, Jamnagar, Gujarat 361006', 'Jamnagar', 'Ajanta Society', 22.45593440, 70.03475890, 'vejuma-party-plot', 3, 3, 0, 0, NULL, NULL, 'Ajanta Society', 'Ajanta Society', 'Event venue', '[\"jamnagar\",\"party-plots\"]', 0, 0, 0, 0, 0, 0, 0, NULL, NULL, NULL, 4.40, 33, NULL, 0, NULL, NULL, NULL, NULL, NULL, NULL, NULL, 'active', 'pending', 0, NULL, 'ChIJG15NEQAVVzkRnlKZFaRyBQQ', '2025-12-20 05:59:13', '2025-12-20 05:59:13'),
(166, 'Sarva Mangal Party Plot', 'Sarva Mangal Party Plot is a renowned playground located in Patel Colony, Jamnagar, Gujarat. This venue is perfect for weddings, receptions, birthday parties, and corporate events. With an impressive 4.1-star rating from 25+ Google reviews, guests consistently praise its excellent service and ambience. The venue features ample parking space, modern amenities, and beautiful dcor suitable for grand celebrations. Book Sarva Mangal Party Plot for your upcoming celebration and experience exceptional hospitality.', 'Rd Number 3, Momai Nagar, Patel Colony, Jamnagar, Gujarat 361008', 'Jamnagar', 'Patel Colony', 22.49002440, 70.05747290, 'sarva-mangal-party-plot', 3, 18, 0, 0, NULL, NULL, 'Patel Colony', 'Patel Colony', 'Playground', '[\"jamnagar\",\"party-plots\"]', 0, 0, 0, 0, 0, 0, 0, NULL, NULL, NULL, 4.10, 25, NULL, 0, NULL, NULL, NULL, NULL, NULL, NULL, NULL, 'active', 'pending', 0, NULL, 'ChIJLcLc6RxBVzkR7qshCHJAEa4', '2025-12-20 05:59:13', '2025-12-20 05:59:13'),
(167, 'Vipul Greens', 'Vipul Greens is a renowned wedding venue located in Jamnagar, Gujarat. This venue offers excellent facilities for wedding ceremonies. With an impressive 4.2-star rating from 160+ Google reviews, guests consistently praise its excellent service and ambience. The venue features ample parking space, modern amenities, and beautiful dcor suitable for grand celebrations. Book Vipul Greens for your upcoming celebration and experience exceptional hospitality.', 'Jamnagar, Gujarat 361006', 'Jamnagar', NULL, 22.45871370, 70.03324300, 'vipul-greens', 3, 2, 0, 0, NULL, NULL, NULL, NULL, 'Wedding venue', '[\"jamnagar\",\"party-plots\"]', 0, 0, 0, 0, 0, 0, 0, NULL, NULL, NULL, 4.20, 160, NULL, 0, NULL, NULL, NULL, NULL, NULL, NULL, NULL, 'active', 'pending', 0, NULL, 'ChIJKam6WkcVVzkR9Gs7MGfTmyY', '2025-12-20 05:59:13', '2025-12-20 05:59:13'),
(168, 'Vrajbhoomi Party Plot & Vadi', 'Vrajbhoomi Party Plot & Vadi is a distinguished banquet hall located in Gokul Nagar, Jamnagar, Gujarat. This venue offers excellent facilities for banquet services, in-house catering. Rated 3.9 stars by 29+ visitors on Google, offering reliable service for your special occasions. The venue features ample parking space, modern amenities, and beautiful dcor suitable for grand celebrations. Contact Vrajbhoomi Party Plot & Vadi today to book your next event and create unforgettable memories.', 'Gokul Nagar, Jamnagar, Gujarat 361006', 'Jamnagar', 'Gokul Nagar', 22.44462990, 70.03765110, 'vrajbhoomi-party-plot-vadi', 3, 21, 0, 0, NULL, NULL, 'Gokul Nagar', 'Gokul Nagar', 'Function room facility, Banquet hall, Caterer, Interior Decorator, Party planner', '[\"jamnagar\",\"party-plots\"]', 0, 0, 0, 0, 0, 0, 0, NULL, NULL, NULL, 3.90, 29, NULL, 0, NULL, NULL, NULL, NULL, NULL, NULL, '082599 99899', 'active', 'pending', 0, NULL, 'ChIJRzmYxFQVVzkRIM_dEcyStFg', '2025-12-20 05:59:13', '2025-12-20 05:59:13'),
(169, 'Ashirwad Club Resort', 'Ashirwad Club Resort is a premier resort and event destination located in Jamnagar Bypass, Jamnagar, Gujarat. This venue offers excellent facilities for wedding ceremonies, banquet services, in-house catering. With an impressive 4.2-star rating from 3708+ Google reviews, guests consistently praise its excellent service and ambience. The venue features ample parking space, modern amenities, and beautiful dcor suitable for grand celebrations. Contact Ashirwad Club Resort today to book your next event and create unforgettable memories.', 'Near Jamnagar Bypass Road, D.P.Road, opp. Podar International School, Naghedi, Jamnagar, Gujarat 361006', 'Jamnagar', 'Jamnagar Bypass', 22.44550590, 70.02540980, 'ashirwad-club-resort', 3, 22, 0, 0, NULL, NULL, 'Jamnagar Bypass', 'Jamnagar Bypass', 'Resort hotel, Banquet hall, Cafe, Hotel, Restaurant, Wedding venue', '[\"jamnagar\",\"party-plots\"]', 0, 0, 0, 0, 0, 0, 0, NULL, NULL, NULL, 4.20, 3708, NULL, 0, 'https://www.instagram.com/ashirwadclubresort_jamnagar?igsh=OHdyaDgxdDlqNmJw', 'https://www.facebook.com/share/1FH5FwVDxq/?mibextid=qi2Omg', NULL, 'https://www.youtube.com/embed/-T96O8FlHD0?si=u1zbeLwZdv5Wy5J1', 'http://www.ashirwadclubresort.com/', 'ashirwadclub@gmail.com,user@example.com', '090337 77999', 'active', 'pending', 0, NULL, 'ChIJB1ztGxgVVzkRIzrMAzyC5NQ', '2025-12-20 05:59:13', '2025-12-20 05:59:13'),
(170, 'Green villa farm and party lawns', 'Green villa farm and party lawns is a beautiful farmhouse venue located in Jamnagar Bypass, Jamnagar, Gujarat. This venue is perfect for weddings, receptions, birthday parties, and corporate events. Highly rated at 4.6 stars by 34+ satisfied customers on Google, it stands out as one of the top choices in Jamnagar. The venue features ample parking space, modern amenities, and beautiful dcor suitable for grand celebrations. Book Green villa farm and party lawns for your upcoming celebration and experience exceptional hospitality.', 'IN BEETWEEN KHIJADIYA BYE PASS TO THEBA CHOWKDI, BYE PASS ROAD, Jamnagar Bypass Rd, opp. SAMRAS HOSTEL, Jamnagar, Gujarat 361120', 'Jamnagar', 'Jamnagar Bypass', 22.47282260, 70.14087790, 'green-villa-farm-and-party-lawns', 3, 7, 0, 0, NULL, NULL, 'Jamnagar Bypass', 'Jamnagar Bypass', 'Farm', '[\"jamnagar\",\"party-plots\"]', 0, 0, 0, 0, 0, 0, 0, NULL, NULL, NULL, 4.60, 34, NULL, 0, NULL, NULL, NULL, NULL, NULL, NULL, NULL, 'active', 'pending', 0, NULL, 'ChIJkwREot5rVzkRbuTzHOi0TvQ', '2025-12-20 05:59:13', '2025-12-20 05:59:13'),
(171, 'Mayur Greens Party Plot', 'Mayur Greens Party Plot is a renowned party lawns located in Green City, Jamnagar, Gujarat. This venue is perfect for weddings, receptions, birthday parties, and corporate events. With an impressive 4.2-star rating from 6+ Google reviews, guests consistently praise its excellent service and ambience. The venue features ample parking space, modern amenities, and beautiful dcor suitable for grand celebrations. Book Mayur Greens Party Plot for your upcoming celebration and experience exceptional hospitality.', 'Ranjitsagar Rd, Green City, Jamnagar, Gujarat 361006', 'Jamnagar', 'Green City', 22.44511640, 70.07543970, 'mayur-greens-party-plot', 3, 23, 0, 0, NULL, NULL, 'Green City', 'Green City', 'Garden', '[\"jamnagar\",\"party-plots\"]', 0, 0, 0, 0, 0, 0, 0, NULL, NULL, NULL, 4.20, 6, NULL, 0, NULL, NULL, NULL, NULL, NULL, NULL, NULL, 'active', 'pending', 0, NULL, 'ChIJe8YKejNrVzkRVQgB22Ya8oc', '2025-12-20 05:59:13', '2025-12-20 05:59:13'),
(172, 'Mitthu farm the party plot', 'Mitthu farm the party plot is a beautiful farmhouse venue located in Ajanta Society, Jamnagar, Gujarat. This venue offers excellent facilities for wedding ceremonies. Highly rated at 5 stars by 8+ satisfied customers on Google, it stands out as one of the top choices in Jamnagar. The venue features ample parking space, modern amenities, and beautiful dcor suitable for grand celebrations. Contact Mitthu farm the party plot today to book your next event and create unforgettable memories.', 'Khambhaliya Rd, near Mehul Theatre, Ajanta Society, Jamnagar, Gujarat 361006', 'Jamnagar', 'Ajanta Society', 22.46199240, 70.03723980, 'mitthu-farm-the-party-plot', 3, 2, 0, 0, NULL, NULL, 'Ajanta Society', 'Ajanta Society', 'Wedding venue', '[\"jamnagar\",\"party-plots\"]', 0, 0, 0, 0, 0, 0, 0, NULL, NULL, NULL, 5.00, 8, NULL, 0, NULL, 'http://facebook.com/careers/?ref=pf', NULL, NULL, 'https://www.facebook.com/share/YvqkM7cNQrHHiSf1/?mibextid=LQQJ4d', NULL, '098796 68884', 'active', 'pending', 0, NULL, 'ChIJvwySr1UVVzkRM2zpIC1zK2Q', '2025-12-20 05:59:13', '2025-12-20 05:59:13'),
(173, 'Greenfield Party Plot', 'Greenfield Party Plot is a renowned indian restaurant located in Hapa Industrial Area, Jamnagar, Gujarat. This venue offers excellent facilities for in-house catering. With an impressive 4.3-star rating from 10+ Google reviews, guests consistently praise its excellent service and ambience. The venue features ample parking space, modern amenities, and beautiful dcor suitable for grand celebrations. Book Greenfield Party Plot for your upcoming celebration and experience exceptional hospitality.', 'near meldi mata temple, Hapa Industrial Area, Jamnagar, Gujarat 361120', 'Jamnagar', 'Hapa Industrial Area', 22.47854180, 70.11044260, 'greenfield-party-plot', 3, 24, 0, 0, NULL, NULL, 'Hapa Industrial Area', 'Hapa Industrial Area', 'Indian restaurant', '[\"jamnagar\",\"party-plots\"]', 0, 0, 0, 0, 0, 0, 0, NULL, NULL, NULL, 4.30, 10, NULL, 0, NULL, NULL, NULL, NULL, NULL, NULL, NULL, 'active', 'pending', 0, NULL, 'ChIJf_xYHgRrVzkRRMuSDzvds8I', '2025-12-20 05:59:13', '2025-12-20 05:59:13'),
(174, 'Heet Party Plot', 'Heet Party Plot is a renowned event venue located in Jamnagar, Gujarat. This venue is perfect for weddings, receptions, birthday parties, and corporate events. With an impressive 4-star rating from 9+ Google reviews, guests consistently praise its excellent service and ambience. The venue features ample parking space, modern amenities, and beautiful dcor suitable for grand celebrations. Contact Heet Party Plot today to book your next event and create unforgettable memories.', 'Main Road Mahavir Nagar, B/h Harshad Mill Chali, Gujarat 361006', 'Jamnagar', NULL, 22.44714650, 70.07229290, 'heet-party-plot', 3, 3, 0, 0, NULL, NULL, NULL, NULL, 'Event venue', '[\"jamnagar\",\"party-plots\"]', 0, 0, 0, 0, 0, 0, 0, NULL, NULL, NULL, 4.00, 9, NULL, 0, NULL, NULL, NULL, NULL, NULL, NULL, '063565 65671', 'active', 'pending', 0, NULL, 'ChIJi20rgnxrVzkR_43GbGcwybA', '2025-12-20 05:59:13', '2025-12-20 05:59:13'),
(175, 'Shiv Shakti Party Plot', 'Shiv Shakti Party Plot is a renowned event venue located in nr. Super Famaily Restaurant, Jamnagar, Gujarat. This venue is perfect for weddings, receptions, birthday parties, and corporate events. Highly rated at 5 stars by 4+ satisfied customers on Google, it stands out as one of the top choices in Jamnagar. The venue features ample parking space, modern amenities, and beautiful dcor suitable for grand celebrations. Book Shiv Shakti Party Plot for your upcoming celebration and experience exceptional hospitality.', 'nr. Super Famaily Restaurant, Chokdi, Theba, Jamnagar, Gujarat 361120', 'Jamnagar', 'nr. Super Famaily Restaurant', 22.43769200, 70.11044800, 'shiv-shakti-party-plot', 3, 3, 0, 0, NULL, NULL, 'nr. Super Famaily Restaurant', 'nr. Super Famaily Restaurant', 'Event venue', '[\"jamnagar\",\"party-plots\"]', 0, 0, 0, 0, 0, 0, 0, NULL, NULL, NULL, 5.00, 4, NULL, 0, NULL, NULL, NULL, NULL, NULL, NULL, NULL, 'active', 'pending', 0, NULL, 'ChIJJUUuDvJrVzkRX87-H9IR2BQ', '2025-12-20 05:59:13', '2025-12-20 05:59:13'),
(176, 'Rambha Party Plot', 'Rambha Party Plot is a renowned event venue located in Patel Colony, Jamnagar, Gujarat. This venue is perfect for weddings, receptions, birthday parties, and corporate events. Rated 2.6 stars by 14+ visitors on Google, offering reliable service for your special occasions. The venue features ample parking space, modern amenities, and beautiful dcor suitable for grand celebrations. Book Rambha Party Plot for your upcoming celebration and experience exceptional hospitality.', '9, Rd Number 2, Patel Colony, Jamnagar, Gujarat 361008', 'Jamnagar', 'Patel Colony', 22.48730640, 70.05819610, 'rambha-party-plot', 3, 3, 0, 0, NULL, NULL, 'Patel Colony', 'Patel Colony', 'Event venue', '[\"jamnagar\",\"party-plots\"]', 0, 0, 0, 0, 0, 0, 0, NULL, NULL, NULL, 2.60, 14, NULL, 0, NULL, NULL, NULL, NULL, NULL, NULL, NULL, 'active', 'pending', 0, NULL, 'ChIJL7JLhOdBVzkR-PNRDpLGBW8', '2025-12-20 05:59:13', '2025-12-20 05:59:13'),
(177, 'Kachhi Bhanushali Party Plot', 'Kachhi Bhanushali Party Plot is a renowned party plot located in Satyam Colony, Jamnagar, Gujarat. This venue is perfect for weddings, receptions, birthday parties, and corporate events. With an impressive 4.3-star rating from 3+ Google reviews, guests consistently praise its excellent service and ambience. The venue features ample parking space, modern amenities, and beautiful dcor suitable for grand celebrations. Book Kachhi Bhanushali Party Plot for your upcoming celebration and experience exceptional hospitality.', 'Under bridge, Satyam Colony, Jamnagar, Gujarat 361006', 'Jamnagar', 'Satyam Colony', 22.46051860, 70.03919900, 'kachhi-bhanushali-party-plot', 3, 15, 0, 0, NULL, NULL, 'Satyam Colony', 'Satyam Colony', 'Party planner', '[\"jamnagar\",\"party-plots\"]', 0, 0, 0, 0, 0, 0, 0, NULL, NULL, NULL, 4.30, 3, NULL, 0, NULL, NULL, NULL, NULL, NULL, NULL, NULL, 'active', 'pending', 0, NULL, 'ChIJs658E1AVVzkR1A_yPxKeF3w', '2025-12-20 05:59:13', '2025-12-20 05:59:13'),
(178, 'Oswal Centre', 'Oswal Centre is a well-established community hall located in Kamdar Colony, Jamnagar, Gujarat. This venue is perfect for weddings, receptions, birthday parties, and corporate events. Highly rated at 4.5 stars by 2320+ satisfied customers on Google, it stands out as one of the top choices in Jamnagar. The venue features ample parking space, modern amenities, and beautiful dcor suitable for grand celebrations. Contact Oswal Centre today to book your next event and create unforgettable memories.', 'Indira Gandhi Rd, Kamdar Colony, Jamnagar, Gujarat 361006', 'Jamnagar', 'Kamdar Colony', 22.46941760, 70.05384820, 'oswal-centre', 3, 8, 0, 0, NULL, NULL, 'Kamdar Colony', 'Kamdar Colony', 'Community center', '[\"jamnagar\",\"party-plots\"]', 0, 0, 0, 0, 0, 0, 0, NULL, NULL, NULL, 4.50, 2320, NULL, 0, NULL, 'http://www.facebook.com/groups/oshwal', NULL, NULL, 'https://www.oshwalindia.org/', NULL, '093771 40278', 'active', 'pending', 0, NULL, 'ChIJswf_orNqVzkRJ2Sw4lAWsD0', '2025-12-20 05:59:13', '2025-12-20 05:59:13'),
(179, 'Kavad farm house', 'Kavad farm house is a beautiful farmhouse venue located in Swaminarayan Nagar, Jamnagar, Gujarat. This venue offers excellent facilities for wedding ceremonies. With an impressive 4.1-star rating from 19+ Google reviews, guests consistently praise its excellent service and ambience. The venue features ample parking space, modern amenities, and beautiful dcor suitable for grand celebrations. Book Kavad farm house for your upcoming celebration and experience exceptional hospitality.', 'Jamnagar Bypass Rd, Swaminarayan Nagar, Jamnagar, Gujarat 361004', 'Jamnagar', 'Swaminarayan Nagar', 22.43080860, 70.04215710, 'kavad-farm-house', 3, 2, 0, 0, NULL, NULL, 'Swaminarayan Nagar', 'Swaminarayan Nagar', 'Wedding venue', '[\"jamnagar\",\"party-plots\"]', 0, 0, 0, 0, 0, 0, 0, NULL, NULL, NULL, 4.10, 19, NULL, 0, NULL, NULL, NULL, NULL, NULL, NULL, NULL, 'active', 'pending', 0, NULL, 'ChIJyVTdVywVVzkR1tObHvMNDGE', '2025-12-20 05:59:13', '2025-12-20 05:59:13'),
(180, '\"SHYAM\" Party Plot.', '\"SHYAM\" Party Plot. is a renowned wedding venue located in Hapa Industrial Area, Jamnagar, Gujarat. This venue offers excellent facilities for wedding ceremonies. With an impressive 4.1-star rating from 47+ Google reviews, guests consistently praise its excellent service and ambience. The venue features ample parking space, modern amenities, and beautiful dcor suitable for grand celebrations. Contact \"SHYAM\" Party Plot. today to book your next event and create unforgettable memories.', 'LALWADI, Shitvan society, Market Yard, Hapa Rd, Hapa Industrial Area, Jamnagar, Gujarat 361120', 'Jamnagar', 'Hapa Industrial Area', 22.46433430, 70.09918390, 'shyam-party-plot-1', 3, 2, 0, 0, NULL, NULL, 'Hapa Industrial Area', 'Hapa Industrial Area', 'Wedding venue', '[\"jamnagar\",\"party-plots\"]', 0, 0, 0, 0, 0, 0, 0, NULL, NULL, NULL, 4.10, 47, NULL, 0, NULL, NULL, NULL, NULL, NULL, NULL, '090990 94238', 'active', 'pending', 0, NULL, 'ChIJ2U7ZmV9qVzkRYQqVVCCEhCg', '2025-12-20 05:59:13', '2025-12-20 05:59:13'),
(181, 'Avsar PartyPlot', 'Avsar PartyPlot is a renowned business to business service located in Maharja Society, Jamnagar, Gujarat. This venue is perfect for weddings, receptions, birthday parties, and corporate events. Highly rated at 5 stars by 2+ satisfied customers on Google, it stands out as one of the top choices in Jamnagar. The venue features ample parking space, modern amenities, and beautiful dcor suitable for grand celebrations. Book Avsar PartyPlot for your upcoming celebration and experience exceptional hospitality.', 'Maharja Society, Jamnagar, Gujarat 361001', 'Jamnagar', 'Maharja Society', 22.45289440, 70.08911740, 'avsar-partyplot', 3, 25, 0, 0, NULL, NULL, 'Maharja Society', 'Maharja Society', 'Business to business service', '[\"jamnagar\",\"party-plots\"]', 0, 0, 0, 0, 0, 0, 0, NULL, NULL, NULL, 5.00, 2, NULL, 0, NULL, NULL, NULL, NULL, NULL, NULL, NULL, 'active', 'pending', 0, NULL, 'ChIJXe1pe-prVzkRLKO96cuZuXU', '2025-12-20 05:59:13', '2025-12-20 05:59:13'),
(182, 'SHIVAM PARTY PLOT', 'SHIVAM PARTY PLOT is a well-established community hall located in Ajanta Society, Jamnagar, Gujarat. This venue is perfect for weddings, receptions, birthday parties, and corporate events. Highly rated at 5 stars by 9+ satisfied customers on Google, it stands out as one of the top choices in Jamnagar. The venue features ample parking space, modern amenities, and beautiful dcor suitable for grand celebrations. Book SHIVAM PARTY PLOT for your upcoming celebration and experience exceptional hospitality.', 'Ajanta Society, Jamnagar, Gujarat 361006', 'Jamnagar', 'Ajanta Society', 22.45287870, 70.03431840, 'shivam-party-plot-1', 3, 8, 0, 0, NULL, NULL, 'Ajanta Society', 'Ajanta Society', 'Community center', '[\"jamnagar\",\"party-plots\"]', 0, 0, 0, 0, 0, 0, 0, NULL, NULL, NULL, 5.00, 9, NULL, 0, NULL, NULL, NULL, NULL, NULL, NULL, NULL, 'active', 'pending', 0, NULL, 'ChIJL0F7PgAVVzkRc1_IMwCZWRk', '2025-12-20 05:59:13', '2025-12-20 05:59:13'),
(183, 'Shreeji Hall', 'Shreeji Hall is a renowned event venue located in Kamdar Colony, Jamnagar, Gujarat. This venue is perfect for weddings, receptions, birthday parties, and corporate events. With an impressive 4-star rating from 392+ Google reviews, guests consistently praise its excellent service and ambience. The venue features ample parking space, modern amenities, and beautiful dcor suitable for grand celebrations. Book Shreeji Hall for your upcoming celebration and experience exceptional hospitality.', 'ATG St, Mahavir Park, Kamdar Colony, Jamnagar, Gujarat 361006', 'Jamnagar', 'Kamdar Colony', 22.46476640, 70.04260190, 'shreeji-hall', 3, 3, 0, 0, NULL, NULL, 'Kamdar Colony', 'Kamdar Colony', 'Event venue', '[\"jamnagar\",\"party-plots\"]', 0, 0, 0, 0, 0, 0, 0, NULL, NULL, NULL, 4.00, 392, NULL, 0, NULL, NULL, NULL, NULL, NULL, NULL, NULL, 'active', 'pending', 0, NULL, 'ChIJBRrhNEkVVzkR_rxjroRtbB8', '2025-12-20 05:59:13', '2025-12-20 05:59:13'),
(184, 'Shri Jamnagar Gurjar Suthar Samaj Gnati Vishwakarma Bagh Jamnagar', 'Shri Jamnagar Gurjar Suthar Samaj Gnati Vishwakarma Bagh Jamnagar is a well-established community hall located in Patel Colony, Jamnagar, Gujarat. This venue is perfect for weddings, receptions, birthday parties, and corporate events. With an impressive 4.1-star rating from 456+ Google reviews, guests consistently praise its excellent service and ambience. The venue features ample parking space, modern amenities, and beautiful dcor suitable for grand celebrations. Contact Shri Jamnagar Gurjar Suthar Samaj Gnati Vishwakarma Bagh Jamnagar today to book your next event and create unforgettable memories.', 'Patel Colony, Jamnagar, Gujarat 361008', 'Jamnagar', 'Patel Colony', 22.48840420, 70.05572910, 'shri-jamnagar-gurjar-suthar-samaj-gnati-vishwakarma-bagh-jamnagar', 3, 3, 0, 0, NULL, NULL, 'Patel Colony', 'Patel Colony', 'Event venue', '[\"jamnagar\",\"party-plots\"]', 0, 0, 0, 0, 0, 0, 0, NULL, NULL, NULL, 4.10, 456, NULL, 0, NULL, NULL, NULL, NULL, NULL, NULL, '0288 267 8617', 'active', 'pending', 0, NULL, 'ChIJj0GDWwFAVzkR5t1IdW_EVYg', '2025-12-20 05:59:13', '2025-12-20 05:59:13'),
(185, 'Hotel Highway Hari', 'Hotel Highway Hari is a distinguished banquet hall located in Rajkot - Dwarka Highway, after Jamnagar bye pass, 10 Kms before Reliance Ravalsir Patia, Rajkot, Gujarat. This venue offers excellent facilities for banquet services, corporate conferences, in-house catering. With an impressive 4.1-star rating from 1731+ Google reviews, guests consistently praise its excellent service and ambience. The venue features ample parking space, modern amenities, and beautiful dcor suitable for grand celebrations. Contact Hotel Highway Hari today to book your next event and create unforgettable memories.', 'Rajkot - Dwarka Highway, after Jamnagar bye pass, 10 Kms before Reliance Ravalsir Patia, next to Hyundai showroom, Jamnagar, Gujarat 361006', 'Rajkot', 'Rajkot - Dwarka Highway, after Jamnagar bye pass, 10 Kms before Reliance Ravalsir Patia', 22.43745710, 69.96367150, 'hotel-highway-hari', 3, 9, 0, 0, NULL, NULL, 'Rajkot - Dwarka Highway, after Jamnagar bye pass, 10 Kms before Reliance Ravalsir Patia', 'Rajkot - Dwarka Highway, after Jamnagar bye pass, 10 Kms before Reliance Ravalsir Patia', 'Hotel, Banquet hall, Breakfast restaurant, Chinese restaurant, Conference center, Continental restaurant, Fast food restaurant, Gujarati restaurant, Party planner, Punjabi restaurant, South Indian restaurant', '[\"jamnagar\",\"party-plots\"]', 0, 0, 0, 0, 0, 0, 0, NULL, NULL, NULL, 4.10, 1731, NULL, 0, NULL, NULL, NULL, NULL, 'http://www.highwayhari.in/', NULL, '098560 97777', 'active', 'pending', 0, NULL, 'ChIJGZcbh9AVVzkR4NVUAEBFnvA', '2025-12-20 05:59:13', '2025-12-20 05:59:13'),
(186, 'Pooja Party Lawns', 'Pooja Party Lawns is a spacious party lawns venue located in Ajanta Society, Jamnagar, Gujarat. This venue is perfect for weddings, receptions, birthday parties, and corporate events. Highly rated at 5 stars by 3+ satisfied customers on Google, it stands out as one of the top choices in Jamnagar. The venue features ample parking space, modern amenities, and beautiful dcor suitable for grand celebrations. Book Pooja Party Lawns for your upcoming celebration and experience exceptional hospitality.', 'bypass, beside keshwara\'s hotel, Ajanta Society, Jamnagar, Gujarat 361006', 'Jamnagar', 'Ajanta Society', 22.45031000, 70.02656220, 'pooja-party-lawns', 3, 10, 0, 0, NULL, NULL, 'Ajanta Society', 'Ajanta Society', 'Party equipment rental service', '[\"jamnagar\",\"party-plots\"]', 0, 0, 0, 0, 0, 0, 0, NULL, NULL, NULL, 5.00, 3, NULL, 0, NULL, NULL, NULL, NULL, NULL, NULL, NULL, 'active', 'pending', 0, NULL, 'ChIJdTqaYgAVVzkRxAEtOUpnfQc', '2025-12-20 05:59:13', '2025-12-20 05:59:13'),
(187, 'Rajmahel Party Plot', 'Rajmahel Party Plot is a renowned holiday apartment rental located in Patrakar Colony, Jamnagar, Gujarat. This venue is perfect for weddings, receptions, birthday parties, and corporate events. The venue features ample parking space, modern amenities, and beautiful dcor suitable for grand celebrations. Book Rajmahel Party Plot for your upcoming celebration and experience exceptional hospitality.', 'near Maharja Society, Patrakar Colony, Jamnagar, Gujarat 361006', 'Jamnagar', 'Patrakar Colony', 22.47104660, 70.05978090, 'rajmahel-party-plot', 3, 26, 0, 0, NULL, NULL, 'Patrakar Colony', 'Patrakar Colony', 'Holiday apartment rental', '[\"jamnagar\",\"party-plots\"]', 0, 0, 0, 0, 0, 0, 0, NULL, NULL, NULL, NULL, NULL, NULL, 0, NULL, NULL, NULL, NULL, NULL, NULL, NULL, 'active', 'pending', 0, NULL, 'ChIJ6blPWwBrVzkRQ9sAEffbYVc', '2025-12-20 05:59:13', '2025-12-20 05:59:13'),
(188, 'Party plot', 'Party plot is a renowned park located in Jamnagar, Gujarat. This venue is perfect for weddings, receptions, birthday parties, and corporate events. The venue features ample parking space, modern amenities, and beautiful dcor suitable for grand celebrations. Book Party plot for your upcoming celebration and experience exceptional hospitality.', 'near Khodiyar Temple, Dared, Chela, Jamnagar, Gujarat 361012', 'Jamnagar', NULL, 22.40419850, 70.06082360, 'party-plot', 3, 17, 0, 0, NULL, NULL, NULL, NULL, 'Park', '[\"jamnagar\",\"party-plots\"]', 0, 0, 0, 0, 0, 0, 0, NULL, NULL, NULL, NULL, NULL, NULL, 0, NULL, NULL, NULL, NULL, NULL, NULL, NULL, 'active', 'pending', 0, NULL, 'ChIJaZ_TS61rVzkRGDxGqCWNf98', '2025-12-20 05:59:13', '2025-12-20 05:59:13'),
(189, 'Amrut Wadi', 'Amrut Wadi is a distinguished banquet hall located in Nagnath Gate, Jamnagar, Gujarat. This venue offers excellent facilities for banquet services. With an impressive 4.4-star rating from 145+ Google reviews, guests consistently praise its excellent service and ambience. The venue features ample parking space, modern amenities, and beautiful dcor suitable for grand celebrations. Book Amrut Wadi for your upcoming celebration and experience exceptional hospitality.', 'Nr. three gates, opp Tamboli Market, Nr, Beside, Khand Bazar, Nagnath Gate, Jamnagar, Gujarat 361006', 'Jamnagar', 'Nagnath Gate', 22.47065260, 70.07816410, 'amrut-wadi', 3, 1, 0, 0, NULL, NULL, 'Nagnath Gate', 'Nagnath Gate', 'Banquet hall', '[\"jamnagar\",\"party-plots\"]', 0, 0, 0, 0, 0, 0, 0, NULL, NULL, NULL, 4.40, 145, NULL, 0, NULL, NULL, NULL, NULL, NULL, NULL, NULL, 'active', 'pending', 0, NULL, 'ChIJaXa-dcZrVzkRTmWDAMiOTN0', '2025-12-20 05:59:13', '2025-12-20 05:59:13'),
(190, 'Shree Krishna Marriage Hall', 'Shree Krishna Marriage Hall is a distinguished banquet hall located in Kamdar Colony, Jamnagar, Gujarat. This venue is perfect for weddings, receptions, birthday parties, and corporate events. Rated 3.9 stars by 167+ visitors on Google, offering reliable service for your special occasions. The venue features ample parking space, modern amenities, and beautiful dcor suitable for grand celebrations. Contact Shree Krishna Marriage Hall today to book your next event and create unforgettable memories.', 'Mahavir Park, Kamdar Colony, Jamnagar, Gujarat 361006', 'Jamnagar', 'Kamdar Colony', 22.46476560, 70.04139740, 'shree-krishna-marriage-hall', 3, 21, 0, 0, NULL, NULL, 'Kamdar Colony', 'Kamdar Colony', 'Function room facility', '[\"jamnagar\",\"party-plots\"]', 0, 0, 0, 0, 0, 0, 0, NULL, NULL, NULL, 3.90, 167, NULL, 0, NULL, NULL, NULL, NULL, NULL, NULL, '098980 04675', 'active', 'pending', 0, NULL, 'ChIJRZRpVRAVVzkR7twp5i3QL2g', '2025-12-20 05:59:13', '2025-12-20 05:59:13'),
(191, 'NAVAGAM PARTY PLOT', 'NAVAGAM PARTY PLOT is a renowned park located in Navagam Ghed, Jamnagar, Gujarat. This venue is perfect for weddings, receptions, birthday parties, and corporate events. The venue features ample parking space, modern amenities, and beautiful dcor suitable for grand celebrations. Book NAVAGAM PARTY PLOT for your upcoming celebration and experience exceptional hospitality.', 'Rameshwar Nagar, Navagam Ghed, Gujarat 361006', 'Jamnagar', 'Navagam Ghed', 22.48341040, 70.07206350, 'navagam-party-plot', 3, 17, 0, 0, NULL, NULL, 'Navagam Ghed', 'Navagam Ghed', 'Park', '[\"jamnagar\",\"party-plots\"]', 0, 0, 0, 0, 0, 0, 0, NULL, NULL, NULL, NULL, NULL, NULL, 0, NULL, NULL, NULL, NULL, NULL, NULL, NULL, 'active', 'pending', 0, NULL, 'ChIJ07bg7AVrVzkRxg_JDt0j9so', '2025-12-20 05:59:13', '2025-12-20 05:59:13'),
(192, 'Van Vihar The Tree Resort', 'Van Vihar The Tree Resort is a premier resort and event destination located in park society, Jamnagar, Gujarat. This venue offers excellent facilities for accommodation facilities. Highly rated at 4.5 stars by 909+ satisfied customers on Google, it stands out as one of the top choices in Jamnagar. The venue features ample parking space, modern amenities, and beautiful dcor suitable for grand celebrations. Book Van Vihar The Tree Resort for your upcoming celebration and experience exceptional hospitality.', 'park society, Nava Nagna Road, opp. Nageshwar, Nageshwar, Before, Nageshwar Colony, Juna Nagna, Jamnagar, Gujarat 361001', 'Jamnagar', 'park society', 22.48347030, 70.08063240, 'van-vihar-the-tree-resort', 3, 22, 0, 0, NULL, NULL, 'park society', 'park society', 'Resort hotel', '[\"jamnagar\",\"party-plots\"]', 0, 0, 0, 0, 0, 0, 0, NULL, NULL, NULL, 4.50, 909, NULL, 0, NULL, NULL, NULL, NULL, NULL, NULL, NULL, 'active', 'pending', 0, NULL, 'ChIJS9g0bxRrVzkRUKFqp9MDduw', '2025-12-20 05:59:13', '2025-12-20 05:59:13'),
(193, 'Shree Ahir samaj Jamnagar', 'Shree Ahir samaj Jamnagar is a well-established community hall located in Satyam Colony, Jamnagar, Gujarat. This venue offers excellent facilities for wedding ceremonies. With an impressive 4.3-star rating from 640+ Google reviews, guests consistently praise its excellent service and ambience. The venue features ample parking space, modern amenities, and beautiful dcor suitable for grand celebrations. Book Shree Ahir samaj Jamnagar for your upcoming celebration and experience exceptional hospitality.', 'Shivam Society, Satyam Colony, Jamnagar, Gujarat 361006', 'Jamnagar', 'Satyam Colony', 22.46022710, 70.04235460, 'shree-ahir-samaj-jamnagar', 3, 8, 0, 0, NULL, NULL, 'Satyam Colony', 'Satyam Colony', 'Community center, Wedding venue', '[\"jamnagar\",\"party-plots\"]', 0, 0, 0, 0, 0, 0, 0, NULL, NULL, NULL, 4.30, 640, NULL, 0, NULL, NULL, NULL, NULL, NULL, NULL, NULL, 'active', 'pending', 0, NULL, 'ChIJAYwwxEkVVzkR0AMjxms8JXg', '2025-12-20 05:59:13', '2025-12-20 05:59:13'),
(194, 'Kishan Party Lawns', 'Kishan Party Lawns is a spacious party lawns venue located in khandheri Cricket Stadium, Rajkot, Gujarat. This venue is perfect for weddings, receptions, birthday parties, and corporate events. Highly rated at 4.8 stars by 26+ satisfied customers on Google, it stands out as one of the top choices in Rajkot. The venue features ample parking space, modern amenities, and beautiful dcor suitable for grand celebrations. Book Kishan Party Lawns for your upcoming celebration and experience exceptional hospitality.', 'khandheri Cricket Stadium, Jamnagar - Rajkot Hwy, Rajkot, Naranka, Gujarat 360110', 'Rajkot', 'khandheri Cricket Stadium', 22.36521010, 70.71020990, 'kishan-party-lawns', 3, 3, 0, 0, NULL, NULL, 'khandheri Cricket Stadium', 'khandheri Cricket Stadium', 'Event venue', '[\"jamnagar\",\"party-plots\"]', 0, 0, 0, 0, 0, 0, 0, NULL, NULL, NULL, 4.80, 26, NULL, 0, NULL, NULL, NULL, NULL, NULL, NULL, NULL, 'active', 'pending', 0, NULL, 'ChIJk1UuWQDPWTkRmVlSzUJuOVw', '2025-12-20 05:59:13', '2025-12-20 05:59:13'),
(195, 'Raj party plot', 'Raj party plot is a renowned event venue located in Green City, Jamnagar, Gujarat. This venue is perfect for weddings, receptions, birthday parties, and corporate events. The venue features ample parking space, modern amenities, and beautiful dcor suitable for grand celebrations. Book Raj party plot for your upcoming celebration and experience exceptional hospitality.', 'Ranjit Sagar Rd, Nandanvan Park, Green City, Jamnagar, Gujarat 361006', 'Jamnagar', 'Green City', 22.44542010, 70.06817990, 'raj-party-plot', 3, 3, 0, 0, NULL, NULL, 'Green City', 'Green City', 'Event venue', '[\"jamnagar\",\"party-plots\"]', 0, 0, 0, 0, 0, 0, 0, NULL, NULL, NULL, NULL, NULL, NULL, 0, NULL, NULL, NULL, NULL, NULL, NULL, NULL, 'active', 'pending', 0, NULL, 'ChIJSaiqqt5qVzkRDYwZDiObk9A', '2025-12-20 05:59:13', '2025-12-20 05:59:13'),
(196, 'Maru Kansara Community Hall', 'Maru Kansara Community Hall is a well-established community hall located in Green City, Jamnagar, Gujarat. This venue is perfect for weddings, receptions, birthday parties, and corporate events. With an impressive 4.2-star rating from 867+ Google reviews, guests consistently praise its excellent service and ambience. The venue features ample parking space, modern amenities, and beautiful dcor suitable for grand celebrations. Book Maru Kansara Community Hall for your upcoming celebration and experience exceptional hospitality.', 'Maru kansara hall, Ranjit Sagar Rd, near Jamnagar, Green City, Jamnagar, Gujarat 361006', 'Jamnagar', 'Green City', 22.42903750, 70.06688240, 'maru-kansara-community-hall', 3, 8, 0, 0, NULL, NULL, 'Green City', 'Green City', 'Community center', '[\"jamnagar\",\"party-plots\"]', 0, 0, 0, 0, 0, 0, 0, NULL, NULL, NULL, 4.20, 867, NULL, 0, NULL, NULL, NULL, NULL, NULL, NULL, NULL, 'active', 'pending', 0, NULL, 'ChIJL30WtiRrVzkROaTDu9OKy8Q', '2025-12-20 05:59:13', '2025-12-20 05:59:13'),
(197, 'Shivam Party Plot', 'Shivam Party Plot is a renowned event venue located in Porbandar, Gujarat. This venue is perfect for weddings, receptions, birthday parties, and corporate events. Highly rated at 4.7 stars by 37+ satisfied customers on Google, it stands out as one of the top choices in Porbandar. The venue features ample parking space, modern amenities, and beautiful dcor suitable for grand celebrations. Book Shivam Party Plot for your upcoming celebration and experience exceptional hospitality.', 'HIGHWAY, Porbandar, JAMNAGAR, Gujarat 360579', 'Porbandar', NULL, 21.66673910, 69.60651010, 'shivam-party-plot-2', 3, 3, 0, 0, NULL, NULL, NULL, NULL, 'Event venue', '[\"jamnagar\",\"party-plots\"]', 0, 0, 0, 0, 0, 0, 0, NULL, NULL, NULL, 4.70, 37, NULL, 0, NULL, NULL, NULL, NULL, 'https://www.shivampartyplot.com/', 'shivampartyplot@gmail.com', NULL, 'active', 'pending', 0, NULL, 'ChIJOdY0mGo1VjkRnhrD3N8MCOk', '2025-12-20 05:59:13', '2025-12-20 05:59:13'),
(198, 'Welcome Water Resort', 'Welcome Water Resort is a premier resort and event destination located in Jambuda - Balachadi Road, Jamnagar, Gujarat. This venue is perfect for weddings, receptions, birthday parties, and corporate events. With an impressive 4-star rating from 979+ Google reviews, guests consistently praise its excellent service and ambience. The venue features ample parking space, modern amenities, and beautiful dcor suitable for grand celebrations. Book Welcome Water Resort for your upcoming celebration and experience exceptional hospitality.', 'Jambuda - Balachadi Road, GJ SH 6, Jamnagar, Gujarat 361230', 'Jamnagar', 'Jambuda - Balachadi Road', 22.54859800, 70.20448050, 'welcome-water-resort', 3, 27, 0, 0, NULL, NULL, 'Jambuda - Balachadi Road', 'Jambuda - Balachadi Road', 'Water park', '[\"jamnagar\",\"party-plots\"]', 0, 0, 0, 0, 0, 0, 0, NULL, NULL, NULL, 4.00, 979, NULL, 0, 'https://www.instagram.com/welcomewaterresort/?hl=en', 'https://www.facebook.com/welcomewaterpark/', NULL, NULL, 'https://welcomewaterresort.com/', 'welcomewaterresort@gmail.com', NULL, 'active', 'pending', 0, NULL, 'ChIJ6zJ2srBDVzkR30FWa2bik2c', '2025-12-20 05:59:13', '2025-12-20 05:59:13'),
(199, 'The Orange Club', 'The Orange Club is a renowned event venue located in Jamnagar - Rajkot Hwy, Rajkot, Gujarat. This venue offers excellent facilities for wedding ceremonies, corporate conferences. Highly rated at 4.5 stars by 75+ satisfied customers on Google, it stands out as one of the top choices in Rajkot. The venue features ample parking space, modern amenities, and beautiful dcor suitable for grand celebrations. Contact The Orange Club today to book your next event and create unforgettable memories.', 'Jamnagar - Rajkot Hwy, opp. Cricket Stadium, Rajkot, Gujarat 360110', 'Rajkot', 'Jamnagar - Rajkot Hwy', 22.36276900, 70.69662600, 'the-orange-club', 3, 3, 0, 0, NULL, NULL, 'Jamnagar - Rajkot Hwy', 'Jamnagar - Rajkot Hwy', 'Event venue, Conference center, Event management company, Event planner, Party planner, Wedding venue', '[\"jamnagar\",\"party-plots\"]', 0, 0, 0, 0, 0, 0, 0, NULL, NULL, NULL, 4.50, 75, NULL, 0, NULL, NULL, NULL, NULL, NULL, NULL, '098252 05591', 'active', 'pending', 0, NULL, 'ChIJNVAe1pvPWTkRsdmZPlS6AsI', '2025-12-20 05:59:13', '2025-12-20 05:59:13'),
(200, 'Royal Resort', 'Royal Resort is a premier resort and event destination located in Jamnagar, Gujarat. This venue offers excellent facilities for wedding ceremonies, accommodation facilities. With an impressive 4.3-star rating from 166+ Google reviews, guests consistently praise its excellent service and ambience. The venue features ample parking space, modern amenities, and beautiful dcor suitable for grand celebrations. Contact Royal Resort today to book your next event and create unforgettable memories.', 'khijadiya, bypass chowkadi, dhuvav, Jamnagar, Gujarat 361120', 'Jamnagar', NULL, 22.49632230, 70.15971930, 'royal-resort', 3, 22, 0, 0, NULL, NULL, NULL, NULL, 'Resort hotel, Wedding venue', '[\"jamnagar\",\"party-plots\"]', 0, 0, 0, 0, 0, 0, 0, NULL, NULL, NULL, 4.30, 166, NULL, 0, NULL, NULL, NULL, NULL, 'http://www.royalbanquetpartyhall.com/', NULL, '085111 71201', 'active', 'pending', 0, NULL, 'ChIJ8Zk8WHFpVzkR1zvZ0L1vISM', '2025-12-20 05:59:13', '2025-12-20 05:59:13'),
(201, 'Avasar party lawns', 'Avasar party lawns is a renowned event venue located in railway corssing, Rajkot, Gujarat. This venue is perfect for weddings, receptions, birthday parties, and corporate events. Highly rated at 4.9 stars by 17+ satisfied customers on Google, it stands out as one of the top choices in Rajkot. The venue features ample parking space, modern amenities, and beautiful dcor suitable for grand celebrations. Book Avasar party lawns for your upcoming celebration and experience exceptional hospitality.', 'railway corssing, Jamnagar - Rajkot Hwy, Nr, Para Pipaliya, Rajkot, Gujarat 360006', 'Rajkot', 'railway corssing', 22.34775130, 70.73717430, 'avasar-party-lawns', 3, 3, 0, 0, NULL, NULL, 'railway corssing', 'railway corssing', 'Event venue', '[\"jamnagar\",\"party-plots\"]', 0, 0, 0, 0, 0, 0, 0, NULL, NULL, NULL, 4.90, 17, NULL, 0, NULL, NULL, NULL, NULL, NULL, NULL, NULL, 'active', 'pending', 0, NULL, 'ChIJKVj8FWjJWTkR_7NAq18QcWQ', '2025-12-20 05:59:13', '2025-12-20 05:59:13'),
(202, 'Special\'s Restro & Cafe', 'Special\'s Restro & Cafe is a renowned north indian restaurant located in Airport Rd, Jamnagar, Gujarat. This venue offers excellent facilities for in-house catering. Highly rated at 4.6 stars by 1670+ satisfied customers on Google, it stands out as one of the top choices in Jamnagar. The venue features ample parking space, modern amenities, and beautiful dcor suitable for grand celebrations. Book Special\'s Restro & Cafe for your upcoming celebration and experience exceptional hospitality.', 'Airport Rd, near Padam Party Plot, Jamnagar, Gujarat 361006', 'Jamnagar', 'Airport Rd', 22.45143620, 70.01221390, 'specials-restro-cafe', 3, 28, 0, 0, 0.00, 0.00, 'Airport Rd', 'Airport Rd', 'North Indian restaurant, Cafe', '[\"jamnagar\",\"party-plots\"]', 0, 0, 0, 0, 0, 0, 0, NULL, NULL, NULL, 4.60, 1670, NULL, 0, NULL, NULL, NULL, NULL, NULL, NULL, NULL, 'active', 'pending', 0, NULL, 'ChIJdVwySgQVVzkRVV_OqK5xtbg', '2025-12-20 05:59:13', '2025-12-20 05:59:13'),
(203, 'Kitchen Age', 'Kitchen Age is a renowned restaurant located in Gokul Nagar, Jamnagar, Gujarat. This venue offers excellent facilities for in-house catering. With an impressive 4-star rating from 2263+ Google reviews, guests consistently praise its excellent service and ambience. The venue features ample parking space, modern amenities, and beautiful dcor suitable for grand celebrations. Contact Kitchen Age today to book your next event and create unforgettable memories.', 'Sanidhya Party Plot, near Khambhalia Bypass, Gokul Nagar, Jamnagar, Gujarat 361006', 'Jamnagar', 'Gokul Nagar', 22.44453150, 70.03139550, 'kitchen-age', 3, 29, 0, 0, 0.00, 0.00, 'Gokul Nagar', 'Gokul Nagar', 'Restaurant, Catering food and drink supplier, Caterer, Chinese restaurant, Continental restaurant, Indian restaurant, Punjabi restaurant, Restaurant supply store, South Indian restaurant, Vegetarian restaurant', '[\"jamnagar\",\"party-plots\"]', 0, 0, 0, 0, 0, 0, 0, NULL, NULL, NULL, 4.00, 2263, NULL, 0, NULL, 'https://www.facebook.com/kitchenage', NULL, NULL, 'https://www.kitchenage.in/', NULL, '063591 10000', 'active', 'pending', 0, NULL, 'ChIJhU62A4EVVzkRd_ylHvIhqqI', '2025-12-20 05:59:13', '2025-12-20 05:59:13'),
(204, 'Shubh Aarambh Party Plot', 'Shubh Aarambh Party Plot is a renowned wedding venue located in New, 150 Feet Ring Rd, Rajkot, Gujarat. This venue is perfect for weddings, receptions, birthday parties, and corporate events. Highly rated at 4.9 stars by 187+ satisfied customers on Google, it stands out as one of the top choices in Rajkot. The venue features ample parking space, modern amenities, and beautiful dcor suitable for grand celebrations. Contact Shubh Aarambh Party Plot today to book your next event and create unforgettable memories.', 'New, 150 Feet Ring Rd, near Atal Sarovar, Rajkot, Gujarat 360006', 'Rajkot', 'New, 150 Feet Ring Rd', 22.32414290, 70.73816740, 'shubh-aarambh-party-plot-1', 3, 14, 0, 0, NULL, NULL, 'New, 150 Feet Ring Rd', 'New, 150 Feet Ring Rd', 'Marriage celebrant', '[\"jamnagar\",\"party-plots\"]', 0, 0, 0, 0, 0, 0, 0, NULL, NULL, NULL, 4.90, 187, NULL, 0, NULL, NULL, NULL, NULL, NULL, NULL, '090810 80810', 'active', 'pending', 0, NULL, 'ChIJ1ZaOeC_JWTkRPAFiVFG7OZc', '2025-12-20 05:59:13', '2025-12-20 05:59:13'),
(205, 'Khodiyar Vadi', 'Khodiyar Vadi is a renowned wedding venue located in Gokul Nagar, Jamnagar, Gujarat. This venue offers excellent facilities for wedding ceremonies. Highly rated at 5 stars by 1+ satisfied customers on Google, it stands out as one of the top choices in Jamnagar. The venue features ample parking space, modern amenities, and beautiful dcor suitable for grand celebrations. Contact Khodiyar Vadi today to book your next event and create unforgettable memories.', 'Radar Rd, Gokul Nagar, Jamnagar, Gujarat 361006', 'Jamnagar', 'Gokul Nagar', 22.44383650, 70.04579400, 'khodiyar-vadi', 3, 2, 0, 0, NULL, NULL, 'Gokul Nagar', 'Gokul Nagar', 'Wedding venue', '[\"jamnagar\",\"party-plots\"]', 0, 0, 0, 0, 0, 0, 0, NULL, NULL, NULL, 5.00, 1, NULL, 0, NULL, NULL, NULL, NULL, NULL, NULL, '099792 55967', 'active', 'pending', 0, NULL, 'ChIJbQ28O3EVVzkRI7-tCJ-AyQY', '2025-12-20 05:59:13', '2025-12-20 05:59:13'),
(206, 'Ashapura Party Plot', 'Ashapura Party Plot is a renowned wedding venue located in Jamnagar Bypass, Jamnagar, Gujarat. This venue offers excellent facilities for wedding ceremonies. With an impressive 4.2-star rating from 313+ Google reviews, guests consistently praise its excellent service and ambience. The venue features ample parking space, modern amenities, and beautiful dcor suitable for grand celebrations. Contact Ashapura Party Plot today to book your next event and create unforgettable memories.', 'Jamnagar Bypass Rd, Jamnagar, Gujarat 361004', 'Jamnagar', 'Jamnagar Bypass', 22.43607860, 70.03594960, 'ashapura-party-plot', 3, 2, 0, 0, NULL, NULL, 'Jamnagar Bypass', 'Jamnagar Bypass', 'Wedding venue', '[\"jamnagar\",\"party-plots\"]', 0, 0, 0, 0, 0, 0, 0, NULL, NULL, NULL, 4.20, 313, NULL, 0, NULL, NULL, NULL, NULL, NULL, NULL, '098974 75699', 'active', 'pending', 0, NULL, 'ChIJGd27GxgVVzkRusON_SHoFpA', '2025-12-20 05:59:13', '2025-12-20 05:59:13'),
(207, 'Rushi Party Plot', 'Rushi Party Plot is a renowned wedding venue located in Jamnagar, Gujarat. This venue offers excellent facilities for wedding ceremonies. Rated 3.9 stars by 29+ visitors on Google, offering reliable service for your special occasions. The venue features ample parking space, modern amenities, and beautiful dcor suitable for grand celebrations. Book Rushi Party Plot for your upcoming celebration and experience exceptional hospitality.', 'Jamnagar, Gujarat 361006', 'Jamnagar', NULL, 22.42218980, 70.07385140, 'rushi-party-plot', 3, 2, 0, 0, NULL, NULL, NULL, NULL, 'Wedding venue', '[\"jamnagar\",\"party-plots\"]', 0, 0, 0, 0, 0, 0, 0, NULL, NULL, NULL, 3.90, 29, NULL, 0, NULL, NULL, NULL, NULL, NULL, NULL, NULL, 'active', 'pending', 0, NULL, 'ChIJZRJqnbVrVzkR5q7PtwRPIek', '2025-12-20 05:59:13', '2025-12-20 05:59:13');
INSERT INTO `party_plots` (`id`, `name`, `description`, `full_address`, `city`, `area`, `latitude`, `longitude`, `slug`, `creator_user_id`, `category_id`, `capacity_min`, `capacity_max`, `price_range_min`, `price_range_max`, `area_lawn`, `area_banquet`, `suitable_events`, `tags`, `parking`, `rooms`, `dj_allowed`, `decoration_allowed`, `catering_allowed`, `generator_backup`, `ac_available`, `featured_image`, `gallery_images`, `video_links`, `google_rating`, `google_review_count`, `google_review_text`, `visitors`, `instagram`, `facebook`, `twitter`, `youtube`, `website`, `email`, `phone`, `status`, `listing_status`, `verified`, `claimed_by_user_id`, `place_id`, `created_at`, `updated_at`) VALUES
(208, 'Shiv Party Plot', 'Shiv Party Plot is a renowned event venue located in Momai Nagar, Jamnagar, Gujarat. This venue is perfect for weddings, receptions, birthday parties, and corporate events. Highly rated at 4.5 stars by 4+ satisfied customers on Google, it stands out as one of the top choices in Jamnagar. The venue features ample parking space, modern amenities, and beautiful dcor suitable for grand celebrations. Book Shiv Party Plot for your upcoming celebration and experience exceptional hospitality.', 'Gandhi Nagar, Main Road, Momai Nagar, Jalaram Nagar, Jamnagar, Gujarat 361008', 'Jamnagar', 'Momai Nagar', 22.49683060, 70.06023720, 'shiv-party-plot', 3, 3, 0, 0, NULL, NULL, 'Momai Nagar', 'Momai Nagar', 'Event venue', '[\"jamnagar\",\"party-plots\"]', 0, 0, 0, 0, 0, 0, 0, NULL, NULL, NULL, 4.50, 4, NULL, 0, NULL, NULL, NULL, NULL, NULL, NULL, NULL, 'active', 'pending', 0, NULL, 'ChIJpfdk0PpBVzkRPf-B_XJwd3Q', '2025-12-20 05:59:13', '2025-12-20 05:59:13'),
(209, 'Kavad Party Plot', 'Kavad Party Plot is a renowned wedding venue located in Swaminarayan Nagar, Jamnagar, Gujarat. This venue is perfect for weddings, receptions, birthday parties, and corporate events. The venue features ample parking space, modern amenities, and beautiful dcor suitable for grand celebrations. Book Kavad Party Plot for your upcoming celebration and experience exceptional hospitality.', '107/1, opp. HOTEL APNA RAJDHANI, Swaminarayan Nagar, Jamnagar, Gujarat 361004', 'Jamnagar', 'Swaminarayan Nagar', 22.43085700, 70.04292690, 'kavad-party-plot', 3, 14, 0, 0, NULL, NULL, 'Swaminarayan Nagar', 'Swaminarayan Nagar', 'Marriage celebrant', '[\"jamnagar\",\"party-plots\"]', 0, 0, 0, 0, 0, 0, 0, NULL, NULL, NULL, NULL, NULL, NULL, 0, NULL, NULL, NULL, NULL, NULL, NULL, NULL, 'active', 'pending', 0, NULL, 'ChIJ3TEwGwAVVzkRi9WErY40ARs', '2025-12-20 05:59:13', '2025-12-20 05:59:13'),
(210, 'Motibaug Party Plot - SP Ring Road, Ahmedabad', 'Motibaug Party Plot - SP Ring Road, Ahmedabad is a renowned wedding venue located in Ambli, Ahmedabad, Gujarat. This venue offers excellent facilities for wedding ceremonies. With an impressive 4.2-star rating from 763+ Google reviews, guests consistently praise its excellent service and ambience. The venue features ample parking space, modern amenities, and beautiful dcor suitable for grand celebrations. Book Motibaug Party Plot - SP Ring Road, Ahmedabad for your upcoming celebration and experience exceptional hospitality.', 'Opp. The Raj Banquets & Hotels, Ambli shilaj Road, Sardar Patel Ring Rd, Ambli, Ahmedabad, Gujarat 380058', 'Ahmedabad', 'Ambli', 23.03904970, 72.48017050, 'motibaug-party-plot-sp-ring-road-ahmedabad', 3, 2, 0, 0, NULL, NULL, 'Ambli', 'Ambli', 'Wedding venue', '[\"ahmedabad\",\"party-plots\"]', 0, 0, 0, 0, 0, 0, 0, NULL, NULL, NULL, 4.20, 763, NULL, 0, NULL, NULL, NULL, NULL, 'http://www.qutoneceramic.com/', NULL, NULL, 'active', 'pending', 0, NULL, 'ChIJQ87bw3CbXjkRHDm5b-S2dRU', '2025-12-20 06:51:38', '2025-12-20 06:51:38'),
(211, 'Seven Seas Party Plot', 'Seven Seas Party Plot is a renowned wedding venue located in Sardar Patel Ring Rd, Ahmedabad, Gujarat. This venue offers excellent facilities for wedding ceremonies. Highly rated at 4.5 stars by 586+ satisfied customers on Google, it stands out as one of the top choices in Ahmedabad. The venue features ample parking space, modern amenities, and beautiful dcor suitable for grand celebrations. Book Seven Seas Party Plot for your upcoming celebration and experience exceptional hospitality.', 'Sardar Patel Ring Rd, near Science City Circle, Ahmedabad, Gujarat 382722', 'Ahmedabad', 'Sardar Patel Ring Rd', 23.08846840, 72.49365930, 'seven-seas-party-plot', 3, 2, 0, 0, NULL, NULL, 'Sardar Patel Ring Rd', 'Sardar Patel Ring Rd', 'Wedding venue', '[\"ahmedabad\",\"party-plots\"]', 0, 0, 0, 0, 0, 0, 0, NULL, NULL, NULL, 4.50, 586, NULL, 0, NULL, NULL, NULL, NULL, NULL, NULL, NULL, 'active', 'pending', 0, NULL, 'ChIJ5WfmO-acXjkRBjriAk3jgIg', '2025-12-20 06:51:38', '2025-12-20 06:51:38'),
(212, 'Blue Lagoon Party Plot', 'Blue Lagoon Party Plot is a renowned event venue located in Makarba, Ahmedabad, Gujarat. This venue is perfect for weddings, receptions, birthday parties, and corporate events. With an impressive 4.3-star rating from 1603+ Google reviews, guests consistently praise its excellent service and ambience. The venue features ample parking space, modern amenities, and beautiful dcor suitable for grand celebrations. Book Blue Lagoon Party Plot for your upcoming celebration and experience exceptional hospitality.', 'Sarkhej - Gandhinagar Hwy, opp. adani pump, Makarba, Ahmedabad, Gujarat 382210', 'Ahmedabad', 'Makarba', 22.99417130, 72.49498020, 'blue-lagoon-party-plot', 3, 3, 0, 0, NULL, NULL, 'Makarba', 'Makarba', 'Event venue', '[\"ahmedabad\",\"party-plots\"]', 0, 0, 0, 0, 0, 0, 0, NULL, NULL, NULL, 4.30, 1603, NULL, 0, NULL, NULL, NULL, NULL, NULL, NULL, NULL, 'active', 'pending', 0, NULL, 'ChIJO4ZrRuiaXjkR8oQ2g9j8nLM', '2025-12-20 06:51:38', '2025-12-20 06:51:38'),
(213, 'Saptapadi Party Plot', 'Saptapadi Party Plot is a renowned event venue located in Sola, Ahmedabad, Gujarat. This venue is perfect for weddings, receptions, birthday parties, and corporate events. Highly rated at 4.5 stars by 591+ satisfied customers on Google, it stands out as one of the top choices in Ahmedabad. The venue features ample parking space, modern amenities, and beautiful dcor suitable for grand celebrations. Contact Saptapadi Party Plot today to book your next event and create unforgettable memories.', 'Saptapadi party plot, opposite Sudarshan Homes, behind Bhagwat Vidyapith Road, Sola, Ahmedabad, Gujarat 380060', 'Ahmedabad', 'Sola', 23.08880450, 72.51845600, 'saptapadi-party-plot', 3, 3, 0, 0, NULL, NULL, 'Sola', 'Sola', 'Event venue', '[\"ahmedabad\",\"party-plots\"]', 0, 0, 0, 0, 0, 0, 0, NULL, NULL, NULL, 4.50, 591, NULL, 0, NULL, NULL, NULL, NULL, 'https://taplink.cc/saptapadipartyplot.com', NULL, '084019 35670', 'active', 'pending', 0, NULL, 'ChIJt69AXrCcXjkRvbc_Z1QcVTQ', '2025-12-20 06:51:38', '2025-12-20 06:51:38'),
(214, 'M G Farm & Party Plot', 'M G Farm & Party Plot is a beautiful farmhouse venue located in Satellite, Ahmedabad, Gujarat. This venue offers excellent facilities for wedding ceremonies. With an impressive 4.4-star rating from 923+ Google reviews, guests consistently praise its excellent service and ambience. The venue features ample parking space, modern amenities, and beautiful dcor suitable for grand celebrations. Contact M G Farm & Party Plot today to book your next event and create unforgettable memories.', 'Jodhpurgam circle, Satellite, Ahmedabad, Gujarat 380015', 'Ahmedabad', 'Satellite', 23.01724170, 72.52295040, 'm-g-farm-party-plot', 3, 2, 0, 0, NULL, NULL, 'Satellite', 'Satellite', 'Wedding venue', '[\"ahmedabad\",\"party-plots\"]', 0, 0, 0, 0, 0, 0, 0, NULL, NULL, NULL, 4.40, 923, NULL, 0, NULL, NULL, NULL, NULL, NULL, NULL, '088668 84455', 'active', 'pending', 0, NULL, 'ChIJD5i_e9OEXjkReRku6ANHRa8', '2025-12-20 06:51:38', '2025-12-20 06:51:38'),
(215, 'Evergreen Party Plot', 'Evergreen Party Plot is a renowned event venue located in Sarkhej, Ahmedabad, Gujarat. This venue is perfect for weddings, receptions, birthday parties, and corporate events. Highly rated at 4.5 stars by 321+ satisfied customers on Google, it stands out as one of the top choices in Ahmedabad. The venue features ample parking space, modern amenities, and beautiful dcor suitable for grand celebrations. Contact Evergreen Party Plot today to book your next event and create unforgettable memories.', 'Evergreen Party Plot Opposite Club Babylon, near Bhadaj - Science City S.P.Ring Road Bhadaj Sarkhej - Gandhinagar, Highway, Ahmedabad, Gujarat 382722', 'Ahmedabad', 'Sarkhej', 23.09052480, 72.49463390, 'evergreen-party-plot', 3, 3, 0, 0, NULL, NULL, 'Sarkhej', 'Sarkhej', 'Event venue', '[\"ahmedabad\",\"party-plots\"]', 0, 0, 0, 0, 0, 0, 0, NULL, NULL, NULL, 4.50, 321, NULL, 0, NULL, NULL, NULL, NULL, 'https://evergreenpartyplot.com/', NULL, '099795 51000', 'active', 'pending', 0, NULL, 'ChIJFabDV8mdXjkRHRXhKDsgXYs', '2025-12-20 06:51:38', '2025-12-20 06:51:38'),
(216, 'Sanidhya Party Plot', 'Sanidhya Party Plot is a renowned wedding venue located in Jodhpur Village, Ahmedabad, Gujarat. This venue offers excellent facilities for wedding ceremonies. With an impressive 4.3-star rating from 673+ Google reviews, guests consistently praise its excellent service and ambience. The venue features ample parking space, modern amenities, and beautiful dcor suitable for grand celebrations. Book Sanidhya Party Plot for your upcoming celebration and experience exceptional hospitality.', 'Jodhpur Gam Rd, near  , beside Riddhi Tower, Jodhpur Village, Ahmedabad, Gujarat 380015', 'Ahmedabad', 'Jodhpur Village', 23.01870630, 72.52313920, 'sanidhya-party-plot', 3, 2, 0, 0, NULL, NULL, 'Jodhpur Village', 'Jodhpur Village', 'Wedding venue', '[\"ahmedabad\",\"party-plots\"]', 0, 0, 0, 0, 0, 0, 0, NULL, NULL, NULL, 4.30, 673, NULL, 0, NULL, NULL, NULL, NULL, NULL, NULL, NULL, 'active', 'pending', 0, NULL, 'ChIJlwnZE9OEXjkRce8puZC3eZY', '2025-12-20 06:51:38', '2025-12-20 06:51:38'),
(217, 'GD Party Plot', 'GD Party Plot is a renowned wedding venue located in Sola, Ahmedabad, Gujarat. This venue offers excellent facilities for wedding ceremonies. With an impressive 4.3-star rating from 692+ Google reviews, guests consistently praise its excellent service and ambience. The venue features ample parking space, modern amenities, and beautiful dcor suitable for grand celebrations. Contact GD Party Plot today to book your next event and create unforgettable memories.', 'Ugati Lake View, GD Party Plot, Near, Science City Rd, opp. Saumya Residency Road, B/H, Sola, Ahmedabad, Gujarat 380060', 'Ahmedabad', 'Sola', 23.07985620, 72.50654920, 'gd-party-plot', 3, 2, 0, 0, NULL, NULL, 'Sola', 'Sola', 'Wedding venue', '[\"ahmedabad\",\"party-plots\"]', 0, 0, 0, 0, 0, 0, 0, NULL, NULL, NULL, 4.30, 692, NULL, 0, NULL, NULL, NULL, NULL, NULL, NULL, '098981 63316', 'active', 'pending', 0, NULL, 'ChIJ1cYwt8ecXjkRwCbtBqkKwQY', '2025-12-20 06:51:38', '2025-12-20 06:51:38'),
(218, 'Akash Aman Party Plot', 'Akash Aman Party Plot is a renowned event venue located in Paldi, Ahmedabad, Gujarat. This venue offers excellent facilities for wedding ceremonies. With an impressive 4.3-star rating from 3136+ Google reviews, guests consistently praise its excellent service and ambience. The venue features ample parking space, modern amenities, and beautiful dcor suitable for grand celebrations. Contact Akash Aman Party Plot today to book your next event and create unforgettable memories.', 'Vajubhai Dave Marg, Yashkamal Society, Paldi, Ahmedabad, Gujarat 380007', 'Ahmedabad', 'Paldi', 23.00956580, 72.53637150, 'akash-aman-party-plot', 3, 3, 0, 0, NULL, NULL, 'Paldi', 'Paldi', 'Event venue, Wedding venue', '[\"ahmedabad\",\"party-plots\"]', 0, 0, 0, 0, 0, 0, 0, NULL, NULL, NULL, 4.30, 3136, NULL, 0, NULL, NULL, NULL, NULL, 'http://www.amanaakash.in/', NULL, '079 2660 9185', 'active', 'pending', 0, NULL, 'ChIJu5PY0yaFXjkRdZMTxNLyDfg', '2025-12-20 06:51:38', '2025-12-20 06:51:38'),
(219, 'Merriment Party Plot', 'Merriment Party Plot is a renowned event venue located in Bodakdev, Ahmedabad, Gujarat. This venue is perfect for weddings, receptions, birthday parties, and corporate events. With an impressive 4.3-star rating from 2069+ Google reviews, guests consistently praise its excellent service and ambience. The venue features ample parking space, modern amenities, and beautiful dcor suitable for grand celebrations. Contact Merriment Party Plot today to book your next event and create unforgettable memories.', 'Off, Ramdas Rd, PRL Colony, Bodakdev, Ahmedabad, Gujarat 380059', 'Ahmedabad', 'Bodakdev', 23.04201310, 72.50723600, 'merriment-party-plot', 3, 3, 0, 0, NULL, NULL, 'Bodakdev', 'Bodakdev', 'Event venue', '[\"ahmedabad\",\"party-plots\"]', 0, 0, 0, 0, 0, 0, 0, NULL, NULL, NULL, 4.30, 2069, NULL, 0, NULL, NULL, NULL, NULL, NULL, NULL, '098250 76496', 'active', 'pending', 0, NULL, 'ChIJ76xbFkWbXjkRwWPZk8wRKiA', '2025-12-20 06:51:38', '2025-12-20 06:51:38'),
(220, 'Raspan Green Party Plot || Best Party Hall, Event Management, Marriage Hall', 'Raspan Green Party Plot || Best Party Hall, Event Management, Marriage Hall is a renowned wedding venue located in Nikol, Ahmedabad, Gujarat. This venue offers excellent facilities for wedding ceremonies. Highly rated at 4.5 stars by 658+ satisfied customers on Google, it stands out as one of the top choices in Ahmedabad. The venue features ample parking space, modern amenities, and beautiful dcor suitable for grand celebrations. Contact Raspan Green Party Plot || Best Party Hall, Event Management, Marriage Hall today to book your next event and create unforgettable memories.', 'RASPANGREEN PARTY PLOT, New India Colony, Nikol, Ahmedabad, Gujarat 380049', 'Ahmedabad', 'Nikol', 23.05482350, 72.66957870, 'raspan-green-party-plot-best-party-hall-event-management-marriage-hall', 3, 2, 0, 0, NULL, NULL, 'Nikol', 'Nikol', 'Wedding venue, Wedding planner', '[\"ahmedabad\",\"party-plots\"]', 0, 0, 0, 0, 0, 0, 0, NULL, NULL, NULL, 4.50, 658, NULL, 0, NULL, NULL, NULL, NULL, NULL, NULL, '094293 55355', 'active', 'pending', 0, NULL, 'ChIJZ2A-7SOHXjkRZInqtElvvHg', '2025-12-20 06:51:38', '2025-12-20 06:51:38'),
(221, 'Lavish Greens Party Plot', 'Lavish Greens Party Plot is a spacious party lawns venue located in Thaltej, Ahmedabad, Gujarat. This venue offers excellent facilities for wedding ceremonies. With an impressive 4.3-star rating from 2017+ Google reviews, guests consistently praise its excellent service and ambience. The venue features ample parking space, modern amenities, and beautiful dcor suitable for grand celebrations. Contact Lavish Greens Party Plot today to book your next event and create unforgettable memories.', '32, Off, Sindhu Bhavan Marg, opp. Shreyaa Atlanta, PRL Colony, Thaltej, Ahmedabad, Gujarat 380059', 'Ahmedabad', 'Thaltej', 23.04559890, 72.49634080, 'lavish-greens-party-plot', 3, 2, 0, 0, NULL, NULL, 'Thaltej', 'Thaltej', 'Wedding venue', '[\"ahmedabad\",\"party-plots\"]', 0, 0, 0, 0, 0, 0, 0, NULL, NULL, NULL, 4.30, 2017, NULL, 0, NULL, NULL, NULL, NULL, NULL, NULL, '099986 34380', 'active', 'pending', 0, NULL, 'ChIJ9f17fWebXjkRXtpkopBdPXY', '2025-12-20 06:51:38', '2025-12-20 06:51:38'),
(222, 'Upvan Party Plot', 'Upvan Party Plot is a renowned event venue located in Ognaj, Ahmedabad, Gujarat. This venue is perfect for weddings, receptions, birthday parties, and corporate events. With an impressive 4.4-star rating from 389+ Google reviews, guests consistently praise its excellent service and ambience. The venue features ample parking space, modern amenities, and beautiful dcor suitable for grand celebrations. Contact Upvan Party Plot today to book your next event and create unforgettable memories.', 'Sardar Patel Ring Rd, behind H P Petrol Pump, opposite green wood, Ognaj, Ahmedabad, Gujarat 380060', 'Ahmedabad', 'Ognaj', 23.13136800, 72.52598450, 'upvan-party-plot', 3, 3, 0, 0, NULL, NULL, 'Ognaj', 'Ognaj', 'Event venue', '[\"ahmedabad\",\"party-plots\"]', 0, 0, 0, 0, 0, 0, 0, NULL, NULL, NULL, 4.40, 389, NULL, 0, NULL, NULL, NULL, NULL, 'http://www.upvanpartyplot.com/', NULL, '098988 18283', 'active', 'pending', 0, NULL, 'ChIJnY_HoLaCXjkRlUPyvPKSxbc', '2025-12-20 06:51:38', '2025-12-20 06:51:38'),
(223, 'Shree Matrushree Party Plot', 'Shree Matrushree Party Plot is a renowned wedding venue located in Chandkheda, Ahmedabad, Gujarat. This venue offers excellent facilities for wedding ceremonies. With an impressive 4.3-star rating from 634+ Google reviews, guests consistently praise its excellent service and ambience. The venue features ample parking space, modern amenities, and beautiful dcor suitable for grand celebrations. Contact Shree Matrushree Party Plot today to book your next event and create unforgettable memories.', 'Visat Gandhinagar Highway, Chandkheda to Motera, Chandkheda Gam Rd, nr. Fullstop sociey, Nigam Nagar, Chandkheda, Ahmedabad, Gujarat 382424', 'Ahmedabad', 'Chandkheda', 23.11047930, 72.59659060, 'shree-matrushree-party-plot', 3, 2, 0, 0, NULL, NULL, 'Chandkheda', 'Chandkheda', 'Wedding venue', '[\"ahmedabad\",\"party-plots\"]', 0, 0, 0, 0, 0, 0, 0, NULL, NULL, NULL, 4.30, 634, NULL, 0, NULL, NULL, NULL, NULL, 'https://www.instagram.com/shree_matrushree_party_plot?igsh=cTJwMXZiN2FzYjB6', NULL, '088661 63553', 'active', 'pending', 0, NULL, 'ChIJn7THRMuDXjkRdugKMPqUZRo', '2025-12-20 06:51:38', '2025-12-20 06:51:38'),
(224, 'KANTAM PARTY PLOT', 'KANTAM PARTY PLOT is a renowned event venue located in Thaltej, Ahmedabad, Gujarat. This venue offers excellent facilities for wedding ceremonies. With an impressive 4.3-star rating from 1113+ Google reviews, guests consistently praise its excellent service and ambience. The venue features ample parking space, modern amenities, and beautiful dcor suitable for grand celebrations. Contact KANTAM PARTY PLOT today to book your next event and create unforgettable memories.', 'Sindhubhavan Road, PRL Colony, Thaltej, Ahmedabad, Gujarat 380058', 'Ahmedabad', 'Thaltej', 23.03807350, 72.48830800, 'kantam-party-plot', 3, 3, 0, 0, NULL, NULL, 'Thaltej', 'Thaltej', 'Event venue, Wedding venue', '[\"ahmedabad\",\"party-plots\"]', 0, 0, 0, 0, 0, 0, 0, NULL, NULL, NULL, 4.30, 1113, NULL, 0, NULL, NULL, NULL, NULL, NULL, NULL, '096387 57576', 'active', 'pending', 0, NULL, 'ChIJP4uJ-W6bXjkRIDLE7SnBIw4', '2025-12-20 06:51:38', '2025-12-20 06:51:38'),
(225, 'Radhika Party Plot', 'Radhika Party Plot is a renowned wedding venue located in Bodakdev, Ahmedabad, Gujarat. This venue offers excellent facilities for wedding ceremonies. With an impressive 4.1-star rating from 484+ Google reviews, guests consistently praise its excellent service and ambience. The venue features ample parking space, modern amenities, and beautiful dcor suitable for grand celebrations. Book Radhika Party Plot for your upcoming celebration and experience exceptional hospitality.', '203, Sindhu Bhavan Marg, PRL Colony, Bodakdev, Ahmedabad, Gujarat 380059', 'Ahmedabad', 'Bodakdev', 23.04097550, 72.50566750, 'radhika-party-plot-1', 3, 2, 0, 0, NULL, NULL, 'Bodakdev', 'Bodakdev', 'Wedding venue', '[\"ahmedabad\",\"party-plots\"]', 0, 0, 0, 0, 0, 0, 0, NULL, NULL, NULL, 4.10, 484, NULL, 0, NULL, NULL, NULL, NULL, NULL, NULL, NULL, 'active', 'pending', 0, NULL, 'ChIJkTmhWUSbXjkRv41Xul8-820', '2025-12-20 06:51:38', '2025-12-20 06:51:38'),
(226, 'Vrundavan Party Plot', 'Vrundavan Party Plot is a renowned wedding venue located in Ahmedabad, Gujarat. This venue offers excellent facilities for wedding ceremonies. With an impressive 4.4-star rating from 938+ Google reviews, guests consistently praise its excellent service and ambience. The venue features ample parking space, modern amenities, and beautiful dcor suitable for grand celebrations. Contact Vrundavan Party Plot today to book your next event and create unforgettable memories.', 'Hathijan Cir, Vinzol, Ahmedabad, Gujarat 382445', 'Ahmedabad', NULL, 22.95694950, 72.65451930, 'vrundavan-party-plot', 3, 2, 0, 0, NULL, NULL, NULL, NULL, 'Wedding venue', '[\"ahmedabad\",\"party-plots\"]', 0, 0, 0, 0, 0, 0, 0, NULL, NULL, NULL, 4.40, 938, NULL, 0, NULL, NULL, NULL, NULL, NULL, NULL, '094276 14060', 'active', 'pending', 0, NULL, 'ChIJ6aFKs4yIXjkRgACXnPzuCHU', '2025-12-20 06:51:38', '2025-12-20 06:51:38'),
(227, 'Jalsa Party Plot', 'Jalsa Party Plot is a renowned event venue located in Thaltej, Ahmedabad, Gujarat. This venue is perfect for weddings, receptions, birthday parties, and corporate events. With an impressive 4.1-star rating from 627+ Google reviews, guests consistently praise its excellent service and ambience. The venue features ample parking space, modern amenities, and beautiful dcor suitable for grand celebrations. Contact Jalsa Party Plot today to book your next event and create unforgettable memories.', 'Thaltej - Shilaj Rd, Bhaikakanagar, Thaltej, Ahmedabad, Gujarat 380059', 'Ahmedabad', 'Thaltej', 23.05526370, 72.51842920, 'jalsa-party-plot', 3, 3, 0, 0, NULL, NULL, 'Thaltej', 'Thaltej', 'Event venue', '[\"ahmedabad\",\"party-plots\"]', 0, 0, 0, 0, 0, 0, 0, NULL, NULL, NULL, 4.10, 627, NULL, 0, NULL, NULL, NULL, NULL, NULL, NULL, '099133 69919', 'active', 'pending', 0, NULL, 'ChIJBY1OE1WbXjkR8Mk4J3iCew8', '2025-12-20 06:51:38', '2025-12-20 06:51:38'),
(228, 'Nirvana Party Lawn', 'Nirvana Party Lawn is a renowned wedding venue located in Makarba, Ahmedabad, Gujarat. This venue offers excellent facilities for wedding ceremonies. Highly rated at 4.6 stars by 923+ satisfied customers on Google, it stands out as one of the top choices in Ahmedabad. The venue features ample parking space, modern amenities, and beautiful dcor suitable for grand celebrations. Contact Nirvana Party Lawn today to book your next event and create unforgettable memories.', 'SG Hwy Service Rd, opposite Divya Bhaskar, Makarba, Ahmedabad, Gujarat 380058', 'Ahmedabad', 'Makarba', 22.99907370, 72.49742250, 'nirvana-party-lawn', 3, 2, 0, 0, NULL, NULL, 'Makarba', 'Makarba', 'Wedding venue', '[\"ahmedabad\",\"party-plots\"]', 0, 0, 0, 0, 0, 0, 0, NULL, NULL, NULL, 4.60, 923, NULL, 0, NULL, NULL, NULL, NULL, NULL, NULL, '095371 80000', 'active', 'pending', 0, NULL, 'ChIJBcsy21ibXjkR1YqOKsUEWhw', '2025-12-20 06:51:38', '2025-12-20 06:51:38'),
(229, 'Gazala Party', 'Gazala Party is a renowned wedding venue located in Ahmedabad, Gujarat. This venue offers excellent facilities for wedding ceremonies. With an impressive 4.4-star rating from 788+ Google reviews, guests consistently praise its excellent service and ambience. The venue features ample parking space, modern amenities, and beautiful dcor suitable for grand celebrations. Book Gazala Party for your upcoming celebration and experience exceptional hospitality.', '100 Feet Rd, Bage Masira-2, Fatehwadi, Arshad Park, TP 85, Ahmedabad, Gujarat 380055', 'Ahmedabad', NULL, 22.98309530, 72.51227650, 'gazala-party', 3, 2, 0, 0, NULL, NULL, NULL, NULL, 'Wedding venue', '[\"ahmedabad\",\"party-plots\"]', 0, 0, 0, 0, 0, 0, 0, NULL, NULL, NULL, 4.40, 788, NULL, 0, NULL, NULL, NULL, NULL, NULL, NULL, NULL, 'active', 'pending', 0, NULL, 'ChIJYVVq7LaaXjkRa7fW78Amm2c', '2025-12-20 06:51:38', '2025-12-20 06:51:38'),
(230, 'Mewada Green Party Plot', 'Mewada Green Party Plot is a renowned event venue located in Nikol, Ahmedabad, Gujarat. This venue is perfect for weddings, receptions, birthday parties, and corporate events. With an impressive 4.2-star rating from 1506+ Google reviews, guests consistently praise its excellent service and ambience. The venue features ample parking space, modern amenities, and beautiful dcor suitable for grand celebrations. Contact Mewada Green Party Plot today to book your next event and create unforgettable memories.', 'Shree Ram Chowk, Nava Naroda Rd, Nikol, Ahmedabad, Gujarat 382330', 'Ahmedabad', 'Nikol', 23.06079240, 72.66078640, 'mewada-green-party-plot', 3, 3, 0, 0, NULL, NULL, 'Nikol', 'Nikol', 'Event venue, Party planner', '[\"ahmedabad\",\"party-plots\"]', 0, 0, 0, 0, 0, 0, 0, NULL, NULL, NULL, 4.20, 1506, NULL, 0, NULL, NULL, NULL, NULL, 'http://www.mewadagreen.com/', NULL, '070692 27732', 'active', 'pending', 0, NULL, 'ChIJh80BKtiGXjkRSNZG5lDWsYo', '2025-12-20 06:51:38', '2025-12-20 06:51:38'),
(231, 'Baghban Party Plot - Thaltej', 'Baghban Party Plot - Thaltej is a renowned event venue located in Thaltej, Ahmedabad, Gujarat. This venue offers excellent facilities for wedding ceremonies. With an impressive 4.3-star rating from 2965+ Google reviews, guests consistently praise its excellent service and ambience. The venue features ample parking space, modern amenities, and beautiful dcor suitable for grand celebrations. Contact Baghban Party Plot - Thaltej today to book your next event and create unforgettable memories.', 'Thaltej - Shilaj Rd, near Silver Square, Thaltej, Ahmedabad, Gujarat 380059', 'Ahmedabad', 'Thaltej', 23.05081910, 72.49885310, 'baghban-party-plot-thaltej', 3, 3, 0, 0, NULL, NULL, 'Thaltej', 'Thaltej', 'Event venue, Wedding venue', '[\"ahmedabad\",\"party-plots\"]', 0, 0, 0, 0, 0, 0, 0, NULL, NULL, NULL, 4.30, 2965, NULL, 0, NULL, NULL, NULL, NULL, 'https://www.urmingroup.com/hospitality.html', NULL, '098250 82645', 'active', 'pending', 0, NULL, 'ChIJH-WVTl6bXjkRX0OQyH6fn1s', '2025-12-20 06:51:38', '2025-12-20 06:51:38'),
(232, 'Ratnamani Farm & Party Plot', 'Ratnamani Farm & Party Plot is a beautiful farmhouse venue located in Jodhpur Village, Ahmedabad, Gujarat. This venue is perfect for weddings, receptions, birthday parties, and corporate events. Highly rated at 4.5 stars by 136+ satisfied customers on Google, it stands out as one of the top choices in Ahmedabad. The venue features ample parking space, modern amenities, and beautiful dcor suitable for grand celebrations. Contact Ratnamani Farm & Party Plot today to book your next event and create unforgettable memories.', '1, Vraj Vihar 3, Jodhpur Village, Ahmedabad, Gujarat 380015', 'Ahmedabad', 'Jodhpur Village', 23.02492060, 72.52093070, 'ratnamani-farm-party-plot', 3, 3, 0, 0, NULL, NULL, 'Jodhpur Village', 'Jodhpur Village', 'Event venue', '[\"ahmedabad\",\"party-plots\"]', 0, 0, 0, 0, 0, 0, 0, NULL, NULL, NULL, 4.50, 136, NULL, 0, NULL, NULL, NULL, NULL, NULL, NULL, '093282 89377', 'active', 'pending', 0, NULL, 'ChIJU3ziLM2EXjkRvauhf3Yy_3o', '2025-12-20 06:51:38', '2025-12-20 06:51:38'),
(233, 'Shiv Shakti Farm - Best Party Plot in Ahmedabad, Best Event Venue & Wedding Venue in Ahmedabad', 'Shiv Shakti Farm - Best Party Plot in Ahmedabad, Best Event Venue & Wedding Venue in Ahmedabad is a beautiful farmhouse venue located in Bhat, Ahmedabad, Gujarat. This venue offers excellent facilities for wedding ceremonies. With an impressive 4.1-star rating from 679+ Google reviews, guests consistently praise its excellent service and ambience. The venue features ample parking space, modern amenities, and beautiful dcor suitable for grand celebrations. Contact Shiv Shakti Farm - Best Party Plot in Ahmedabad, Best Event Venue & Wedding Venue in Ahmedabad today to book your next event and create unforgettable memories.', 'Plot, Bhatta, Paldi, Ahmedabad, Gujarat 380007', 'Ahmedabad', 'Bhat', 23.00503570, 72.55378910, 'shiv-shakti-farm-best-party-plot-in-ahmedabad-best-event-venue-wedding-venue-in-ahmedabad', 3, 3, 0, 0, NULL, NULL, 'Bhat', 'Bhat', 'Event venue, Wedding venue', '[\"ahmedabad\",\"party-plots\"]', 0, 0, 0, 0, 0, 0, 0, NULL, NULL, NULL, 4.10, 679, NULL, 0, NULL, NULL, NULL, NULL, NULL, NULL, '081540 02315', 'active', 'pending', 0, NULL, 'ChIJ____bxuFXjkRoUdfTxxgDhQ', '2025-12-20 06:51:38', '2025-12-20 06:51:38'),
(234, 'AVSAR PARTY PLOT', 'AVSAR PARTY PLOT is a renowned wedding venue located in Hansol, Ahmedabad, Gujarat. This venue offers excellent facilities for wedding ceremonies. With an impressive 4.1-star rating from 943+ Google reviews, guests consistently praise its excellent service and ambience. The venue features ample parking space, modern amenities, and beautiful dcor suitable for grand celebrations. Contact AVSAR PARTY PLOT today to book your next event and create unforgettable memories.', 'Hansol Rd, Sardarnagar, Hansol, Ahmedabad, Gujarat 382475', 'Ahmedabad', 'Hansol', 23.08578990, 72.62299690, 'avsar-party-plot-1', 3, 2, 0, 0, NULL, NULL, 'Hansol', 'Hansol', 'Wedding venue', '[\"ahmedabad\",\"party-plots\"]', 0, 0, 0, 0, 0, 0, 0, NULL, NULL, NULL, 4.10, 943, NULL, 0, NULL, NULL, NULL, NULL, NULL, NULL, '099134 82948', 'active', 'pending', 0, NULL, 'ChIJKZzocVyBXjkRN4kRJz5sO54', '2025-12-20 06:51:38', '2025-12-20 06:51:38'),
(235, 'Shayona Farm party plot', 'Shayona Farm party plot is a beautiful farmhouse venue located in Shayona farm party plot at nana chiloda, behind HP CNG pump , khotarpur, Ahmedabad, Gujarat. This venue offers excellent facilities for wedding ceremonies. Highly rated at 4.5 stars by 231+ satisfied customers on Google, it stands out as one of the top choices in Ahmedabad. The venue features ample parking space, modern amenities, and beautiful dcor suitable for grand celebrations. Contact Shayona Farm party plot today to book your next event and create unforgettable memories.', 'Shayona farm party plot at nana chiloda, behind HP CNG pump , khotarpur, Nana Chiloda, Gujarat 382330', 'Ahmedabad', 'Shayona farm party plot at nana chiloda, behind HP CNG pump , khotarpur', 23.10740160, 72.66764060, 'shayona-farm-party-plot', 3, 2, 0, 0, NULL, NULL, 'Shayona farm party plot at nana chiloda, behind HP CNG pump , khotarpur', 'Shayona farm party plot at nana chiloda, behind HP CNG pump , khotarpur', 'Wedding venue', '[\"ahmedabad\",\"party-plots\"]', 0, 0, 0, 0, 0, 0, 0, NULL, NULL, NULL, 4.50, 231, NULL, 0, NULL, NULL, NULL, NULL, NULL, NULL, '097231 44466', 'active', 'pending', 0, NULL, 'ChIJscjRUuOAXjkROt36DwmEqyE', '2025-12-20 06:51:38', '2025-12-20 06:51:38'),
(236, 'Sapphire Party Plot', 'Sapphire Party Plot is a renowned event venue located in Chandkheda, Ahmedabad, Gujarat. This venue is perfect for weddings, receptions, birthday parties, and corporate events. Highly rated at 4.5 stars by 222+ satisfied customers on Google, it stands out as one of the top choices in Ahmedabad. The venue features ample parking space, modern amenities, and beautiful dcor suitable for grand celebrations. Contact Sapphire Party Plot today to book your next event and create unforgettable memories.', 'Near Omkar Bunglows Opposite Vrundavan Pearl, Pramukh Swami Rd, Nigam Nagar, Chandkheda, Ahmedabad, Gujarat 382424', 'Ahmedabad', 'Chandkheda', 23.11313310, 72.60441820, 'sapphire-party-plot', 3, 3, 0, 0, NULL, NULL, 'Chandkheda', 'Chandkheda', 'Event venue', '[\"ahmedabad\",\"party-plots\"]', 0, 0, 0, 0, 0, 0, 0, NULL, NULL, NULL, 4.50, 222, NULL, 0, NULL, NULL, NULL, NULL, 'http://www.sapphirepartyplot.com/', NULL, '098257 68368', 'active', 'pending', 0, NULL, 'ChIJYVJORi2CXjkRXjONKUjNo1g', '2025-12-20 06:51:38', '2025-12-20 06:51:38'),
(237, 'Chanchal Baug Party Plot', 'Chanchal Baug Party Plot is a renowned wedding venue located in Bodakdev, Ahmedabad, Gujarat. This venue offers excellent facilities for wedding ceremonies. With an impressive 4.3-star rating from 377+ Google reviews, guests consistently praise its excellent service and ambience. The venue features ample parking space, modern amenities, and beautiful dcor suitable for grand celebrations. Contact Chanchal Baug Party Plot today to book your next event and create unforgettable memories.', 'Ramdas Rd, Bodakdev, Ahmedabad, Gujarat 380059', 'Ahmedabad', 'Bodakdev', 23.04346850, 72.50660980, 'chanchal-baug-party-plot', 3, 2, 0, 0, NULL, NULL, 'Bodakdev', 'Bodakdev', 'Wedding venue, Event venue, Party planner, Recreation center', '[\"ahmedabad\",\"party-plots\"]', 0, 0, 0, 0, 0, 0, 0, NULL, NULL, NULL, 4.30, 377, NULL, 0, NULL, NULL, NULL, NULL, NULL, NULL, '075750 60674', 'active', 'pending', 0, NULL, 'ChIJTaJJMkWbXjkRpkIYwU6qyo0', '2025-12-20 06:51:38', '2025-12-20 06:51:38'),
(238, 'Bodakdev AUDA Garden Party Plot', 'Bodakdev AUDA Garden Party Plot is a renowned wedding venue located in Bodakdev, Ahmedabad, Gujarat. This venue offers excellent facilities for wedding ceremonies. With an impressive 4.3-star rating from 1008+ Google reviews, guests consistently praise its excellent service and ambience. The venue features ample parking space, modern amenities, and beautiful dcor suitable for grand celebrations. Contact Bodakdev AUDA Garden Party Plot today to book your next event and create unforgettable memories.', 'Sindhubhavan Rd, Bodakdev, Ahmedabad, Gujarat 380059', 'Ahmedabad', 'Bodakdev', 23.04390630, 72.50855820, 'bodakdev-auda-garden-party-plot', 3, 2, 0, 0, NULL, NULL, 'Bodakdev', 'Bodakdev', 'Wedding venue', '[\"ahmedabad\",\"party-plots\"]', 0, 0, 0, 0, 0, 0, 0, NULL, NULL, NULL, 4.30, 1008, NULL, 0, NULL, NULL, NULL, NULL, NULL, NULL, '022 4942 3550', 'active', 'pending', 0, NULL, 'ChIJCdKXWEWbXjkREpDsgrptAFg', '2025-12-20 06:51:38', '2025-12-20 06:51:38'),
(239, 'Krystal Party Plot by Shakti Farm', 'Krystal Party Plot by Shakti Farm is a beautiful farmhouse venue located in Ognaj, Ahmedabad, Gujarat. This venue offers excellent facilities for wedding ceremonies. Highly rated at 4.5 stars by 151+ satisfied customers on Google, it stands out as one of the top choices in Ahmedabad. The venue features ample parking space, modern amenities, and beautiful dcor suitable for grand celebrations. Contact Krystal Party Plot by Shakti Farm today to book your next event and create unforgettable memories.', 'Plot No. 1449/1, 1454/1, 1454/2, Science city to Ognaj Circle, Nr. Sthaptya Hights, 200Ft, Sardar Patel Ring Rd, Ognaj, Ahmedabad, Gujarat 380060', 'Ahmedabad', 'Ognaj', 23.11706500, 72.50445500, 'krystal-party-plot-by-shakti-farm', 3, 2, 0, 0, NULL, NULL, 'Ognaj', 'Ognaj', 'Wedding venue, Event management company, Event planner, Event venue, Festival, Party planner', '[\"ahmedabad\",\"party-plots\"]', 0, 0, 0, 0, 0, 0, 0, NULL, NULL, NULL, 4.50, 151, NULL, 0, NULL, NULL, NULL, NULL, 'https://www.instagram.com/krystalpartyplot/', NULL, '093270 15094', 'active', 'pending', 0, NULL, 'ChIJZ9xesLacXjkRMwciQbT0Mbk', '2025-12-20 06:51:38', '2025-12-20 06:51:38'),
(240, 'Vandan Party Plot', 'Vandan Party Plot is a renowned event venue located in Jodhpur Village, Ahmedabad, Gujarat. This venue is perfect for weddings, receptions, birthday parties, and corporate events. Highly rated at 4.5 stars by 110+ satisfied customers on Google, it stands out as one of the top choices in Ahmedabad. The venue features ample parking space, modern amenities, and beautiful dcor suitable for grand celebrations. Contact Vandan Party Plot today to book your next event and create unforgettable memories.', 'Vandan Party Plot, Jodhpur Gam Rd, near agrawal tower, Jodhpur Village, Ahmedabad, Gujarat 380015', 'Ahmedabad', 'Jodhpur Village', 23.01608290, 72.51645610, 'vandan-party-plot', 3, 3, 0, 0, NULL, NULL, 'Jodhpur Village', 'Jodhpur Village', 'Event venue', '[\"ahmedabad\",\"party-plots\"]', 0, 0, 0, 0, 0, 0, 0, NULL, NULL, NULL, 4.50, 110, NULL, 0, NULL, NULL, NULL, NULL, NULL, NULL, '098250 10424', 'active', 'pending', 0, NULL, 'ChIJVb9xdiybXjkRUQyRdL7Z3So', '2025-12-20 06:51:38', '2025-12-20 06:51:38'),
(241, 'Kadri Party Plot', 'Kadri Party Plot is a renowned wedding venue located in Sarkhej, Ahmedabad, Gujarat. This venue offers excellent facilities for wedding ceremonies. With an impressive 4.4-star rating from 260+ Google reviews, guests consistently praise its excellent service and ambience. The venue features ample parking space, modern amenities, and beautiful dcor suitable for grand celebrations. Book Kadri Party Plot for your upcoming celebration and experience exceptional hospitality.', 'TP 85, Ahmedabad, Sarkhej-Okaf, Gujarat 380055', 'Ahmedabad', 'Sarkhej', 22.98528310, 72.51170150, 'kadri-party-plot', 3, 2, 0, 0, NULL, NULL, 'Sarkhej', 'Sarkhej', 'Wedding venue', '[\"ahmedabad\",\"party-plots\"]', 0, 0, 0, 0, 0, 0, 0, NULL, NULL, NULL, 4.40, 260, NULL, 0, NULL, NULL, NULL, NULL, NULL, NULL, NULL, 'active', 'pending', 0, NULL, 'ChIJq6pqNbaaXjkRcn6WcfScLec', '2025-12-20 06:51:38', '2025-12-20 06:51:38'),
(242, 'Pleasant Party Plot', 'Pleasant Party Plot is a renowned event venue located in Ognaj, Ahmedabad, Gujarat. This venue offers excellent facilities for wedding ceremonies, outdoor activities. Highly rated at 4.5 stars by 456+ satisfied customers on Google, it stands out as one of the top choices in Ahmedabad. The venue features ample parking space, modern amenities, and beautiful dcor suitable for grand celebrations. Contact Pleasant Party Plot today to book your next event and create unforgettable memories.', 'VEDANT KADAM BUNGALOWS, Sardar Patel Ring Rd, B/h, Ognaj, Ahmedabad, Gujarat 380060', 'Ahmedabad', 'Ognaj', 23.09930060, 72.50397070, 'pleasant-party-plot', 3, 3, 0, 0, NULL, NULL, 'Ognaj', 'Ognaj', 'Event venue, Cricket ground, Wedding venue', '[\"ahmedabad\",\"party-plots\"]', 0, 0, 0, 0, 0, 0, 0, NULL, NULL, NULL, 4.50, 456, NULL, 0, NULL, NULL, NULL, NULL, 'https://www.instagram.com/pleasantpartyplot?igsh=MXZ0MzUxZ2F2b3ZxMA==', NULL, '098987 66576', 'active', 'pending', 0, NULL, 'ChIJ8xQR3P2dXjkRnTi-8Pposrc', '2025-12-20 06:51:38', '2025-12-20 06:51:38'),
(243, 'SAVANNA Party Lawn', 'SAVANNA Party Lawn is a renowned event venue located in Shela, Ahmedabad, Gujarat. This venue is perfect for weddings, receptions, birthday parties, and corporate events. With an impressive 4.4-star rating from 442+ Google reviews, guests consistently praise its excellent service and ambience. The venue features ample parking space, modern amenities, and beautiful dcor suitable for grand celebrations. Contact SAVANNA Party Lawn today to book your next event and create unforgettable memories.', 'Nr applewoods, Sardar patel ring road, Shela Rd, Ahmedabad, Gujarat 380057', 'Ahmedabad', 'Shela', 22.99622420, 72.47205610, 'savanna-party-lawn', 3, 3, 0, 0, NULL, NULL, 'Shela', 'Shela', 'Event venue', '[\"ahmedabad\",\"party-plots\"]', 0, 0, 0, 0, 0, 0, 0, NULL, NULL, NULL, 4.40, 442, NULL, 0, NULL, NULL, NULL, NULL, NULL, NULL, '075740 00350', 'active', 'pending', 0, NULL, 'ChIJATUWbnmbXjkRjM5rU5zwjrQ', '2025-12-20 06:51:38', '2025-12-20 06:51:38'),
(244, 'LK Green Party Plot', 'LK Green Party Plot is a renowned event venue located in LK Farm Rd, Ahmedabad, Gujarat. This venue is perfect for weddings, receptions, birthday parties, and corporate events. Highly rated at 4.5 stars by 347+ satisfied customers on Google, it stands out as one of the top choices in Ahmedabad. The venue features ample parking space, modern amenities, and beautiful dcor suitable for grand celebrations. Contact LK Green Party Plot today to book your next event and create unforgettable memories.', 'LK Farm Rd, Ahmedabad, Gujarat 382501', 'Ahmedabad', 'LK Farm Rd', 23.14232260, 72.54953070, 'lk-green-party-plot', 3, 3, 0, 0, NULL, NULL, 'LK Farm Rd', 'LK Farm Rd', 'Event venue', '[\"ahmedabad\",\"party-plots\"]', 0, 0, 0, 0, 0, 0, 0, NULL, NULL, NULL, 4.50, 347, NULL, 0, NULL, NULL, NULL, NULL, NULL, NULL, '099982 98319', 'active', 'pending', 0, NULL, 'ChIJs201d_6DXjkRn-zpFyki9HY', '2025-12-20 06:51:38', '2025-12-20 06:51:38'),
(245, 'Blossom Party Lawn', 'Blossom Party Lawn is a renowned wedding venue located in Ognaj, Ahmedabad, Gujarat. This venue offers excellent facilities for wedding ceremonies. Highly rated at 4.6 stars by 312+ satisfied customers on Google, it stands out as one of the top choices in Ahmedabad. The venue features ample parking space, modern amenities, and beautiful dcor suitable for grand celebrations. Contact Blossom Party Lawn today to book your next event and create unforgettable memories.', 'New Science City Rd, Ognaj, Ahmedabad, Gujarat 380060', 'Ahmedabad', 'Ognaj', 23.09906770, 72.51896190, 'blossom-party-lawn', 3, 2, 0, 0, NULL, NULL, 'Ognaj', 'Ognaj', 'Wedding venue, Event venue', '[\"ahmedabad\",\"party-plots\"]', 0, 0, 0, 0, 0, 0, 0, NULL, NULL, NULL, 4.60, 312, NULL, 0, NULL, NULL, NULL, NULL, NULL, NULL, '084608 20640', 'active', 'pending', 0, NULL, 'ChIJ6fq4LWedXjkRf_dfZAQ9Esw', '2025-12-20 06:51:38', '2025-12-20 06:51:38'),
(246, 'Kamuba Party Plot', 'Kamuba Party Plot is a renowned event venue located in Ranip, Ahmedabad, Gujarat. This venue is perfect for weddings, receptions, birthday parties, and corporate events. With an impressive 4.3-star rating from 420+ Google reviews, guests consistently praise its excellent service and ambience. The venue features ample parking space, modern amenities, and beautiful dcor suitable for grand celebrations. Contact Kamuba Party Plot today to book your next event and create unforgettable memories.', 'Bank of Baroda, opp. Anmol Bungalows, New Ranip, Ahmedabad, Ranip, Gujarat 382470', 'Ahmedabad', 'Ranip', 23.09329680, 72.55640020, 'kamuba-party-plot', 3, 3, 0, 0, NULL, NULL, 'Ranip', 'Ranip', 'Event venue', '[\"ahmedabad\",\"party-plots\"]', 0, 0, 0, 0, 0, 0, 0, NULL, NULL, NULL, 4.30, 420, NULL, 0, NULL, NULL, NULL, NULL, NULL, NULL, '099986 12526', 'active', 'pending', 0, NULL, 'ChIJmyZn3w-DXjkRt_nUHxbEaeg', '2025-12-20 06:51:38', '2025-12-20 06:51:38'),
(247, 'Shree Hari Party Plot', 'Shree Hari Party Plot is a renowned wedding venue located in Ognaj, Ahmedabad, Gujarat. This venue offers excellent facilities for wedding ceremonies. With an impressive 4.3-star rating from 473+ Google reviews, guests consistently praise its excellent service and ambience. The venue features ample parking space, modern amenities, and beautiful dcor suitable for grand celebrations. Contact Shree Hari Party Plot today to book your next event and create unforgettable memories.', 'New Science City Rd, Ognaj, Ahmedabad, Gujarat 380060', 'Ahmedabad', 'Ognaj', 23.09847750, 72.52017860, 'shree-hari-party-plot', 3, 2, 0, 0, NULL, NULL, 'Ognaj', 'Ognaj', 'Wedding venue', '[\"ahmedabad\",\"party-plots\"]', 0, 0, 0, 0, 0, 0, 0, NULL, NULL, NULL, 4.30, 473, NULL, 0, NULL, NULL, NULL, NULL, NULL, NULL, '098985 71136', 'active', 'pending', 0, NULL, 'ChIJK0x2gHudXjkR7IPqZUoTQCs', '2025-12-20 06:51:38', '2025-12-20 06:51:38'),
(248, 'Preet Party Plot', 'Preet Party Plot is a renowned event venue located in Jivraj Park, Ahmedabad, Gujarat. This venue is perfect for weddings, receptions, birthday parties, and corporate events. With an impressive 4.3-star rating from 413+ Google reviews, guests consistently praise its excellent service and ambience. The venue features ample parking space, modern amenities, and beautiful dcor suitable for grand celebrations. Contact Preet Party Plot today to book your next event and create unforgettable memories.', '15, Malavtalav Lake Rd, Pavansut Society, Jivraj Park, Ahmedabad, Gujarat 380007', 'Ahmedabad', 'Jivraj Park', 23.00312450, 72.53952470, 'preet-party-plot', 3, 3, 0, 0, NULL, NULL, 'Jivraj Park', 'Jivraj Park', 'Event venue', '[\"ahmedabad\",\"party-plots\"]', 0, 0, 0, 0, 0, 0, 0, NULL, NULL, NULL, 4.30, 413, NULL, 0, NULL, NULL, NULL, NULL, NULL, NULL, '098250 22036', 'active', 'pending', 0, NULL, 'ChIJtVCHbCOFXjkR_oA9eqf0JVA', '2025-12-20 06:51:38', '2025-12-20 06:51:38'),
(249, 'Chandan Party Plot', 'Chandan Party Plot is a renowned event venue located in Sola, Ahmedabad, Gujarat. This venue is perfect for weddings, receptions, birthday parties, and corporate events. With an impressive 4.2-star rating from 672+ Google reviews, guests consistently praise its excellent service and ambience. The venue features ample parking space, modern amenities, and beautiful dcor suitable for grand celebrations. Contact Chandan Party Plot today to book your next event and create unforgettable memories.', '30, Sola Gam Rd, Sola, Ahmedabad, Gujarat 380060', 'Ahmedabad', 'Sola', 23.07941310, 72.51819310, 'chandan-party-plot', 3, 3, 0, 0, NULL, NULL, 'Sola', 'Sola', 'Event venue', '[\"ahmedabad\",\"party-plots\"]', 0, 0, 0, 0, 0, 0, 0, NULL, NULL, NULL, 4.20, 672, NULL, 0, NULL, NULL, NULL, NULL, NULL, NULL, '098984 49113', 'active', 'pending', 0, NULL, 'ChIJQa5AfbWcXjkROKPJolEnAcM', '2025-12-20 06:51:38', '2025-12-20 06:51:38'),
(250, 'Pooja Party Plot', 'Pooja Party Plot is a renowned event venue located in Satellite, Ahmedabad, Gujarat. This venue is perfect for weddings, receptions, birthday parties, and corporate events. With an impressive 4.1-star rating from 93+ Google reviews, guests consistently praise its excellent service and ambience. The venue features ample parking space, modern amenities, and beautiful dcor suitable for grand celebrations. Contact Pooja Party Plot today to book your next event and create unforgettable memories.', 'Opp Asopalav, Nr Keshavbaug Party plot, corner, Shivranjani Flyover, Shivranjani, Satellite, Ahmedabad, Gujarat 380015', 'Ahmedabad', 'Satellite', 23.02779350, 72.53122630, 'pooja-party-plot', 3, 3, 0, 0, NULL, NULL, 'Satellite', 'Satellite', 'Event venue', '[\"ahmedabad\",\"party-plots\"]', 0, 0, 0, 0, 0, 0, 0, NULL, NULL, NULL, 4.10, 93, NULL, 0, NULL, NULL, NULL, NULL, NULL, NULL, '098240 69265', 'active', 'pending', 0, NULL, 'ChIJJd20QM-EXjkRzNxwFqgrcqU', '2025-12-20 06:51:38', '2025-12-20 06:51:38'),
(251, 'Shreeji Party Plot', 'Shreeji Party Plot is a renowned wedding venue located in Sola, Ahmedabad, Gujarat. This venue offers excellent facilities for wedding ceremonies, banquet services. Highly rated at 4.5 stars by 456+ satisfied customers on Google, it stands out as one of the top choices in Ahmedabad. The venue features ample parking space, modern amenities, and beautiful dcor suitable for grand celebrations. Book Shreeji Party Plot for your upcoming celebration and experience exceptional hospitality.', 'Megh Malhar Bungalows, 24, New Science City Rd, Sola, Ahmedabad, Gujarat 380060', 'Ahmedabad', 'Sola', 23.09800200, 72.51995490, 'shreeji-party-plot', 3, 2, 0, 0, NULL, NULL, 'Sola', 'Sola', 'Wedding venue, Banquet hall', '[\"ahmedabad\",\"party-plots\"]', 0, 0, 0, 0, 0, 0, 0, NULL, NULL, NULL, 4.50, 456, NULL, 0, NULL, NULL, NULL, NULL, NULL, NULL, NULL, 'active', 'pending', 0, NULL, 'ChIJ5Vu-UiuDXjkR6x2OJAQFmS8', '2025-12-20 06:51:38', '2025-12-20 06:51:38'),
(252, 'Rameshwar Farm And Party Plot', 'Rameshwar Farm And Party Plot is a beautiful farmhouse venue located in Ambli, Ahmedabad, Gujarat. This venue offers excellent facilities for wedding ceremonies. With an impressive 4.3-star rating from 518+ Google reviews, guests consistently praise its excellent service and ambience. The venue features ample parking space, modern amenities, and beautiful dcor suitable for grand celebrations. Book Rameshwar Farm And Party Plot for your upcoming celebration and experience exceptional hospitality.', 'Opp:Pushpak Bunglow,Nr:Swagat Plaza -2 Complex,Ambali -Bopal Road,, Ambli Mumatpura Rd, Ambli, Ahmedabad, Gujarat 380058', 'Ahmedabad', 'Ambli', 23.02508260, 72.48377050, 'rameshwar-farm-and-party-plot', 3, 2, 0, 0, NULL, NULL, 'Ambli', 'Ambli', 'Wedding venue', '[\"ahmedabad\",\"party-plots\"]', 0, 0, 0, 0, 0, 0, 0, NULL, NULL, NULL, 4.30, 518, NULL, 0, NULL, NULL, NULL, NULL, NULL, NULL, NULL, 'active', 'pending', 0, NULL, 'ChIJtWDzwA2bXjkRSMfVKn-Rzak', '2025-12-20 06:51:38', '2025-12-20 06:51:38'),
(253, 'Party Plot in Nikol', 'Party Plot in Nikol is a renowned wedding venue located in Nikol, Ahmedabad, Gujarat. This venue offers excellent facilities for wedding ceremonies. With an impressive 4.2-star rating from 161+ Google reviews, guests consistently praise its excellent service and ambience. The venue features ample parking space, modern amenities, and beautiful dcor suitable for grand celebrations. Contact Party Plot in Nikol today to book your next event and create unforgettable memories.', 'Near, Nikol - Naroda Rd, Pulin Society Part 2, Naroda, Ahmedabad, Gujarat 382330', 'Ahmedabad', 'Nikol', 23.06999890, 72.65310170, 'party-plot-in-nikol', 3, 2, 0, 0, NULL, NULL, 'Nikol', 'Nikol', 'Wedding venue', '[\"ahmedabad\",\"party-plots\"]', 0, 0, 0, 0, 0, 0, 0, NULL, NULL, NULL, 4.20, 161, NULL, 0, NULL, NULL, NULL, NULL, 'https://weddingz.in/wedding-lawns/ahmedabad/nikol/?utm_source=Google_gmb&utm_medium=Organic&utm_campaign=LOC_Nikol', NULL, '022 4942 3550', 'active', 'pending', 0, NULL, 'ChIJS2GaP5uHXjkR4p-oCwDnqNY', '2025-12-20 06:51:38', '2025-12-20 06:51:38'),
(254, 'Chanchal Party Plot', 'Chanchal Party Plot is a renowned wedding venue located in Jivraj Park, Ahmedabad, Gujarat. This venue offers excellent facilities for wedding ceremonies. With an impressive 4.4-star rating from 315+ Google reviews, guests consistently praise its excellent service and ambience. The venue features ample parking space, modern amenities, and beautiful dcor suitable for grand celebrations. Book Chanchal Party Plot for your upcoming celebration and experience exceptional hospitality.', 'Jivraj Park Cross Road, Jivraj Park, Ahmedabad, Gujarat 380007', 'Ahmedabad', 'Jivraj Park', 23.00784960, 72.53787350, 'chanchal-party-plot', 3, 2, 0, 0, NULL, NULL, 'Jivraj Park', 'Jivraj Park', 'Wedding venue, Wedding planner', '[\"ahmedabad\",\"party-plots\"]', 0, 0, 0, 0, 0, 0, 0, NULL, NULL, NULL, 4.40, 315, NULL, 0, NULL, NULL, NULL, NULL, NULL, NULL, NULL, 'active', 'pending', 0, NULL, 'ChIJ6909MUWbXjkRan7G-3Khi0I', '2025-12-20 06:51:38', '2025-12-20 06:51:38');
INSERT INTO `party_plots` (`id`, `name`, `description`, `full_address`, `city`, `area`, `latitude`, `longitude`, `slug`, `creator_user_id`, `category_id`, `capacity_min`, `capacity_max`, `price_range_min`, `price_range_max`, `area_lawn`, `area_banquet`, `suitable_events`, `tags`, `parking`, `rooms`, `dj_allowed`, `decoration_allowed`, `catering_allowed`, `generator_backup`, `ac_available`, `featured_image`, `gallery_images`, `video_links`, `google_rating`, `google_review_count`, `google_review_text`, `visitors`, `instagram`, `facebook`, `twitter`, `youtube`, `website`, `email`, `phone`, `status`, `listing_status`, `verified`, `claimed_by_user_id`, `place_id`, `created_at`, `updated_at`) VALUES
(255, 'Pacific Greens Party Plot', 'Pacific Greens Party Plot is a spacious party lawns venue located in Ognaj, Ahmedabad, Gujarat. This venue offers excellent facilities for wedding ceremonies, outdoor activities. With an impressive 4.4-star rating from 188+ Google reviews, guests consistently praise its excellent service and ambience. The venue features ample parking space, modern amenities, and beautiful dcor suitable for grand celebrations. Contact Pacific Greens Party Plot today to book your next event and create unforgettable memories.', 'Vedant Kadam, 100 Feet Rd, Ognaj, Ahmedabad, Gujarat 380060', 'Ahmedabad', 'Ognaj', 23.09960820, 72.50764830, 'pacific-greens-party-plot', 3, 2, 0, 0, NULL, NULL, 'Ognaj', 'Ognaj', 'Wedding venue, Cricket ground, Event venue, Playground', '[\"ahmedabad\",\"party-plots\"]', 0, 0, 0, 0, 0, 0, 0, NULL, NULL, NULL, 4.40, 188, NULL, 0, NULL, NULL, NULL, NULL, NULL, NULL, '098982 79620', 'active', 'pending', 0, NULL, 'ChIJh0tQDQydXjkRgAXDO5e_RLM', '2025-12-20 06:51:38', '2025-12-20 06:51:38'),
(256, 'Tathastu Party Plot', 'Tathastu Party Plot is a renowned wedding venue located in Ognaj, Ahmedabad, Gujarat. This venue offers excellent facilities for wedding ceremonies. Highly rated at 4.6 stars by 579+ satisfied customers on Google, it stands out as one of the top choices in Ahmedabad. The venue features ample parking space, modern amenities, and beautiful dcor suitable for grand celebrations. Book Tathastu Party Plot for your upcoming celebration and experience exceptional hospitality.', 'Near Ognaj toll plaza, Sardar Patel Ring Rd, Ahmedabad, Gujarat 380060', 'Ahmedabad', 'Ognaj', 23.12917260, 72.52124800, 'tathastu-party-plot', 3, 2, 0, 0, NULL, NULL, 'Ognaj', 'Ognaj', 'Wedding venue', '[\"ahmedabad\",\"party-plots\"]', 0, 0, 0, 0, 0, 0, 0, NULL, NULL, NULL, 4.60, 579, NULL, 0, NULL, NULL, NULL, NULL, NULL, NULL, NULL, 'active', 'pending', 0, NULL, 'ChIJ8yNqqD2DXjkRwYnPAXkrxi0', '2025-12-20 06:51:38', '2025-12-20 06:51:38'),
(257, 'H.L.Patel Party Plot', 'H.L.Patel Party Plot is a renowned event venue located in Isanpur, Ahmedabad, Gujarat. This venue is perfect for weddings, receptions, birthday parties, and corporate events. With an impressive 4.1-star rating from 978+ Google reviews, guests consistently praise its excellent service and ambience. The venue features ample parking space, modern amenities, and beautiful dcor suitable for grand celebrations. Book H.L.Patel Party Plot for your upcoming celebration and experience exceptional hospitality.', 'A6, Isanpur Rd, Govindwadi, Jaymala, Isanpur, Ahmedabad, Gujarat 382443', 'Ahmedabad', 'Isanpur', 22.98550380, 72.59723820, 'hlpatel-party-plot', 3, 3, 0, 0, NULL, NULL, 'Isanpur', 'Isanpur', 'Event venue', '[\"ahmedabad\",\"party-plots\"]', 0, 0, 0, 0, 0, 0, 0, NULL, NULL, NULL, 4.10, 978, NULL, 0, NULL, NULL, NULL, NULL, NULL, NULL, NULL, 'active', 'pending', 0, NULL, 'ChIJmSZN_O2FXjkRXLQvImMKMpU', '2025-12-20 06:51:38', '2025-12-20 06:51:38'),
(258, 'Jeevan Saathi Party Plot', 'Jeevan Saathi Party Plot is a renowned wedding venue located in Bhadaj, Ahmedabad, Gujarat. This venue offers excellent facilities for wedding ceremonies. With an impressive 4.3-star rating from 571+ Google reviews, guests consistently praise its excellent service and ambience. The venue features ample parking space, modern amenities, and beautiful dcor suitable for grand celebrations. Contact Jeevan Saathi Party Plot today to book your next event and create unforgettable memories.', 'Sardar Patel Ring Rd, Bhadaj, Ahmedabad, Gujarat 382722', 'Ahmedabad', 'Bhadaj', 23.08788730, 72.49207910, 'jeevan-saathi-party-plot', 3, 2, 0, 0, NULL, NULL, 'Bhadaj', 'Bhadaj', 'Wedding venue, Party planner', '[\"ahmedabad\",\"party-plots\"]', 0, 0, 0, 0, 0, 0, 0, NULL, NULL, NULL, 4.30, 571, NULL, 0, NULL, NULL, NULL, NULL, NULL, NULL, '098981 23998', 'active', 'pending', 0, NULL, 'ChIJbT9qAPCcXjkRRGBE9o3GrYE', '2025-12-20 06:51:38', '2025-12-20 06:51:38'),
(259, 'Kapidhwaj Party Lawn', 'Kapidhwaj Party Lawn is a renowned event venue located in Ognaj, Ahmedabad, Gujarat. This venue is perfect for weddings, receptions, birthday parties, and corporate events. Highly rated at 4.5 stars by 216+ satisfied customers on Google, it stands out as one of the top choices in Ahmedabad. The venue features ample parking space, modern amenities, and beautiful dcor suitable for grand celebrations. Book Kapidhwaj Party Lawn for your upcoming celebration and experience exceptional hospitality.', 'tower, New Science City Rd, opp. Einfochips, Ognaj, Ahmedabad, Gujarat 380060', 'Ahmedabad', 'Ognaj', 23.10518500, 72.50628980, 'kapidhwaj-party-lawn', 3, 3, 0, 0, NULL, NULL, 'Ognaj', 'Ognaj', 'Event venue', '[\"ahmedabad\",\"party-plots\"]', 0, 0, 0, 0, 0, 0, 0, NULL, NULL, NULL, 4.50, 216, NULL, 0, NULL, NULL, NULL, NULL, NULL, NULL, NULL, 'active', 'pending', 0, NULL, 'ChIJ9Wr7gNadXjkRRulJ1JRUx1g', '2025-12-20 06:51:38', '2025-12-20 06:51:38'),
(260, 'Shreenath Party Plot', 'Shreenath Party Plot is a renowned event venue located in Nikol, Ahmedabad, Gujarat. This venue is perfect for weddings, receptions, birthday parties, and corporate events. With an impressive 4.1-star rating from 1057+ Google reviews, guests consistently praise its excellent service and ambience. The venue features ample parking space, modern amenities, and beautiful dcor suitable for grand celebrations. Book Shreenath Party Plot for your upcoming celebration and experience exceptional hospitality.', 'Dev Manek Complex, Nikol Rd, New India Colony, Nikol, Ahmedabad, Gujarat 382330', 'Ahmedabad', 'Nikol', 23.06320700, 72.66924540, 'shreenath-party-plot', 3, 3, 0, 0, NULL, NULL, 'Nikol', 'Nikol', 'Event venue', '[\"ahmedabad\",\"party-plots\"]', 0, 0, 0, 0, 0, 0, 0, NULL, NULL, NULL, 4.10, 1057, NULL, 0, NULL, NULL, NULL, NULL, NULL, NULL, NULL, 'active', 'pending', 0, NULL, 'ChIJA1ReRi-HXjkRiO1OO9e_iOo', '2025-12-20 06:51:38', '2025-12-20 06:51:38'),
(261, 'Ashirwad party plot', 'Ashirwad party plot is a renowned wedding venue located in Ashirwad party plot, Dastan Farm, Ahmedabad, Gujarat. This venue offers excellent facilities for wedding ceremonies. With an impressive 4.1-star rating from 376+ Google reviews, guests consistently praise its excellent service and ambience. The venue features ample parking space, modern amenities, and beautiful dcor suitable for grand celebrations. Book Ashirwad party plot for your upcoming celebration and experience exceptional hospitality.', 'Ashirwad party plot, Dastan Farm, Sardar Patel Ring Rd, Ahmedabad, Gujarat 382330', 'Ahmedabad', 'Ashirwad party plot, Dastan Farm', 23.05614210, 72.68588440, 'ashirwad-party-plot', 3, 2, 0, 0, NULL, NULL, 'Ashirwad party plot, Dastan Farm', 'Ashirwad party plot, Dastan Farm', 'Wedding venue', '[\"ahmedabad\",\"party-plots\"]', 0, 0, 0, 0, 0, 0, 0, NULL, NULL, NULL, 4.10, 376, NULL, 0, NULL, NULL, NULL, NULL, 'http://www.f9dayevents.com/', NULL, NULL, 'active', 'pending', 0, NULL, 'ChIJiTxInUCHXjkRsTQcGSqrSg8', '2025-12-20 06:51:38', '2025-12-20 06:51:38'),
(262, 'Sangath party plot', 'Sangath party plot is a renowned wedding venue located in Nikol, Ahmedabad, Gujarat. This venue offers excellent facilities for wedding ceremonies. With an impressive 4.4-star rating from 211+ Google reviews, guests consistently praise its excellent service and ambience. The venue features ample parking space, modern amenities, and beautiful dcor suitable for grand celebrations. Book Sangath party plot for your upcoming celebration and experience exceptional hospitality.', 'Opp. Sabri Vatika Appartment, Gangotri Cir Rd, nr. Domino\'s Pizza, Nikol, Ahmedabad, Gujarat 380049', 'Ahmedabad', 'Nikol', 23.04372850, 72.66994880, 'sangath-party-plot', 3, 2, 0, 0, NULL, NULL, 'Nikol', 'Nikol', 'Wedding venue', '[\"ahmedabad\",\"party-plots\"]', 0, 0, 0, 0, 0, 0, 0, NULL, NULL, NULL, 4.40, 211, NULL, 0, NULL, NULL, NULL, NULL, NULL, NULL, NULL, 'active', 'pending', 0, NULL, 'ChIJqXLbt62HXjkRA_geQiuDg08', '2025-12-20 06:51:38', '2025-12-20 06:51:38'),
(263, 'Picnic Party Plot', 'Picnic Party Plot is a renowned wedding venue located in Kuber Nagar, Ahmedabad, Gujarat. This venue offers excellent facilities for wedding ceremonies. Rated 3.8 stars by 304+ visitors on Google, offering reliable service for your special occasions. The venue features ample parking space, modern amenities, and beautiful dcor suitable for grand celebrations. Contact Picnic Party Plot today to book your next event and create unforgettable memories.', 'Indiquip, ITI Rd, Kuber Nagar, Ahmedabad, Gujarat 382340', 'Ahmedabad', 'Kuber Nagar', 23.08557480, 72.64914670, 'picnic-party-plot', 3, 2, 0, 0, NULL, NULL, 'Kuber Nagar', 'Kuber Nagar', 'Wedding venue', '[\"ahmedabad\",\"party-plots\"]', 0, 0, 0, 0, 0, 0, 0, NULL, NULL, NULL, 3.80, 304, NULL, 0, NULL, NULL, NULL, NULL, 'http://picnicpartyplot.com/', NULL, '098792 60033', 'active', 'pending', 0, NULL, 'ChIJPeBn4TqBXjkRzB1qv5K69D0', '2025-12-20 06:51:38', '2025-12-20 06:51:38'),
(264, 'Umiya Farm Party Plot', 'Umiya Farm Party Plot is a beautiful farmhouse venue located in SGVP Circle, Ahmedabad, Gujarat. This venue offers excellent facilities for outdoor activities. With an impressive 4.4-star rating from 682+ Google reviews, guests consistently praise its excellent service and ambience. The venue features ample parking space, modern amenities, and beautiful dcor suitable for grand celebrations. Book Umiya Farm Party Plot for your upcoming celebration and experience exceptional hospitality.', 'SGVP Circle, Near, Sardar Patel Ring Rd, Ahmedabad, Gujarat 380060', 'Ahmedabad', 'SGVP Circle', 23.13151330, 72.52292770, 'umiya-farm-party-plot', 3, 3, 0, 0, NULL, NULL, 'SGVP Circle', 'SGVP Circle', 'Event venue, Cricket ground', '[\"ahmedabad\",\"party-plots\"]', 0, 0, 0, 0, 0, 0, 0, NULL, NULL, NULL, 4.40, 682, NULL, 0, NULL, NULL, NULL, NULL, NULL, NULL, NULL, 'active', 'pending', 0, NULL, 'ChIJ6VzBxEqdXjkRDRIFGNAI-HQ', '2025-12-20 06:51:38', '2025-12-20 06:51:38'),
(265, 'Vivah Party Plot', 'Vivah Party Plot is a renowned wedding venue located in Ognaj, Ahmedabad, Gujarat. This venue offers excellent facilities for wedding ceremonies. With an impressive 4.2-star rating from 384+ Google reviews, guests consistently praise its excellent service and ambience. The venue features ample parking space, modern amenities, and beautiful dcor suitable for grand celebrations. Book Vivah Party Plot for your upcoming celebration and experience exceptional hospitality.', 'Ognaj, Ahmedabad, Gujarat 380060', 'Ahmedabad', 'Ognaj', 23.12146160, 72.50947400, 'vivah-party-plot', 3, 2, 0, 0, NULL, NULL, 'Ognaj', 'Ognaj', 'Wedding venue', '[\"ahmedabad\",\"party-plots\"]', 0, 0, 0, 0, 0, 0, 0, NULL, NULL, NULL, 4.20, 384, NULL, 0, NULL, NULL, NULL, NULL, NULL, NULL, NULL, 'active', 'pending', 0, NULL, 'ChIJzRk0DTedXjkRo_0qBmjmM6E', '2025-12-20 06:51:38', '2025-12-20 06:51:38'),
(266, 'Rasleela partyplot 1', 'Rasleela partyplot 1 is a renowned wedding venue located in Kathwada, Ahmedabad, Gujarat. This venue offers excellent facilities for wedding ceremonies. With an impressive 4.3-star rating from 819+ Google reviews, guests consistently praise its excellent service and ambience. The venue features ample parking space, modern amenities, and beautiful dcor suitable for grand celebrations. Book Rasleela partyplot 1 for your upcoming celebration and experience exceptional hospitality.', 'near Rolex circle, Ahmedabad, Kathwada, Gujarat 382430', 'Ahmedabad', 'Kathwada', 23.05251160, 72.69050020, 'rasleela-partyplot-1', 3, 2, 0, 0, NULL, NULL, 'Kathwada', 'Kathwada', 'Wedding venue', '[\"ahmedabad\",\"party-plots\"]', 0, 0, 0, 0, 0, 0, 0, NULL, NULL, NULL, 4.30, 819, NULL, 0, NULL, NULL, NULL, NULL, NULL, NULL, NULL, 'active', 'pending', 0, NULL, 'ChIJNY5q0ECHXjkR4lFuSglrAuQ', '2025-12-20 06:51:38', '2025-12-20 06:51:38'),
(267, 'Empire Party Plot', 'Empire Party Plot is a renowned wedding venue located in Sarkhej, Ahmedabad, Gujarat. This venue offers excellent facilities for wedding ceremonies. With an impressive 4.4-star rating from 296+ Google reviews, guests consistently praise its excellent service and ambience. The venue features ample parking space, modern amenities, and beautiful dcor suitable for grand celebrations. Contact Empire Party Plot today to book your next event and create unforgettable memories.', 'Empire party plot, M.M, M.M road, nr. Al Burooj, opp. Nayara petrol pump, Al Asbab Society, flats, Sarkhej, Ahmedabad, Gujarat 380055', 'Ahmedabad', 'Sarkhej', 22.99079310, 72.51445650, 'empire-party-plot', 3, 2, 0, 0, NULL, NULL, 'Sarkhej', 'Sarkhej', 'Wedding venue', '[\"ahmedabad\",\"party-plots\"]', 0, 0, 0, 0, 0, 0, 0, NULL, NULL, NULL, 4.40, 296, NULL, 0, NULL, NULL, NULL, NULL, NULL, NULL, '094383 88787', 'active', 'pending', 0, NULL, 'ChIJ-QG1ZcmaXjkRu6mP6-4Xi4U', '2025-12-20 06:51:38', '2025-12-20 06:51:38'),
(268, 'Shagun Party Plot.', 'Shagun Party Plot. is a renowned wedding venue located in Nikol, Ahmedabad, Gujarat. This venue offers excellent facilities for wedding ceremonies. With an impressive 4.2-star rating from 495+ Google reviews, guests consistently praise its excellent service and ambience. The venue features ample parking space, modern amenities, and beautiful dcor suitable for grand celebrations. Book Shagun Party Plot. for your upcoming celebration and experience exceptional hospitality.', 'Sardar Patel Ring Rd, near DASTAN CIRCLE, New India Colony, Nikol, Ahmedabad, Gujarat 382330', 'Ahmedabad', 'Nikol', 23.05801120, 72.68639220, 'shagun-party-plot', 3, 2, 0, 0, NULL, NULL, 'Nikol', 'Nikol', 'Wedding venue, Event planner', '[\"ahmedabad\",\"party-plots\"]', 0, 0, 0, 0, 0, 0, 0, NULL, NULL, NULL, 4.20, 495, NULL, 0, NULL, NULL, NULL, NULL, 'http://www.f9dayevents.com/', NULL, NULL, 'active', 'pending', 0, NULL, 'ChIJbRY8uUCHXjkRqTHYAuLSmz4', '2025-12-20 06:51:38', '2025-12-20 06:51:38'),
(269, 'Ramkrishna Party Plot, Ahmedabad', 'Ramkrishna Party Plot, Ahmedabad is a well-established community hall located in Maninagar, Ahmedabad, Gujarat. This venue is perfect for weddings, receptions, birthday parties, and corporate events. With an impressive 4.1-star rating from 521+ Google reviews, guests consistently praise its excellent service and ambience. The venue features ample parking space, modern amenities, and beautiful dcor suitable for grand celebrations. Book Ramkrishna Party Plot, Ahmedabad for your upcoming celebration and experience exceptional hospitality.', '57, Maninagar Rd, Jagabhai Park, Khokhra, Ahmedabad, Gujarat 380008', 'Ahmedabad', 'Maninagar', 22.99986480, 72.60210370, 'ramkrishna-party-plot-ahmedabad', 3, 8, 0, 0, NULL, NULL, 'Maninagar', 'Maninagar', 'Community center', '[\"ahmedabad\",\"party-plots\"]', 0, 0, 0, 0, 0, 0, 0, NULL, NULL, NULL, 4.10, 521, NULL, 0, NULL, NULL, NULL, NULL, NULL, NULL, NULL, 'active', 'pending', 0, NULL, 'ChIJ_SWXJsOFXjkRbXC2HRcmAoY', '2025-12-20 06:51:38', '2025-12-20 06:51:38'),
(270, 'Chanchalba Party Plot', 'Chanchalba Party Plot is a renowned wedding venue located in Shilaj, Ahmedabad, Gujarat. This venue offers excellent facilities for wedding ceremonies. Highly rated at 4.5 stars by 259+ satisfied customers on Google, it stands out as one of the top choices in Ahmedabad. The venue features ample parking space, modern amenities, and beautiful dcor suitable for grand celebrations. Contact Chanchalba Party Plot today to book your next event and create unforgettable memories.', 'Shilaj Rd, opp. Ramdevpir Temple, Shilaj, Gujarat 380059', 'Ahmedabad', 'Shilaj', 23.05302000, 72.47207120, 'chanchalba-party-plot', 3, 2, 0, 0, NULL, NULL, 'Shilaj', 'Shilaj', 'Wedding venue', '[\"ahmedabad\",\"party-plots\"]', 0, 0, 0, 0, 0, 0, 0, NULL, NULL, NULL, 4.50, 259, NULL, 0, NULL, NULL, NULL, NULL, NULL, NULL, '098243 93352', 'active', 'pending', 0, NULL, 'ChIJ0xd3vX6cXjkRx61c4fmPTDQ', '2025-12-20 06:51:38', '2025-12-20 06:51:38'),
(271, 'Zarna Party Plot', 'Zarna Party Plot is a renowned wedding venue located in vadi, Ahmedabad, Gujarat. This venue offers excellent facilities for wedding ceremonies. With an impressive 4.2-star rating from 462+ Google reviews, guests consistently praise its excellent service and ambience. The venue features ample parking space, modern amenities, and beautiful dcor suitable for grand celebrations. Contact Zarna Party Plot today to book your next event and create unforgettable memories.', 'vadi, Gebanshah pir canal road near kanta ben me, Ahmedabad, Gujarat 382443', 'Ahmedabad', 'vadi', 22.96433170, 72.60660480, 'zarna-party-plot', 3, 2, 0, 0, NULL, NULL, 'vadi', 'vadi', 'Wedding venue', '[\"ahmedabad\",\"party-plots\"]', 0, 0, 0, 0, 0, 0, 0, NULL, NULL, NULL, 4.20, 462, NULL, 0, NULL, NULL, NULL, NULL, 'https://www.facebook.com/ZarnaPartyPlot/', NULL, '098981 73223', 'active', 'pending', 0, NULL, 'ChIJ98awy1GPXjkRsl6YqjaxMTo', '2025-12-20 06:51:38', '2025-12-20 06:51:38'),
(272, 'THE DAYAVAN PARTY PLOT', 'THE DAYAVAN PARTY PLOT is a renowned event venue located in Nikol, Ahmedabad, Gujarat. This venue is perfect for weddings, receptions, birthday parties, and corporate events. With an impressive 4.2-star rating from 545+ Google reviews, guests consistently praise its excellent service and ambience. The venue features ample parking space, modern amenities, and beautiful dcor suitable for grand celebrations. Book THE DAYAVAN PARTY PLOT for your upcoming celebration and experience exceptional hospitality.', 'THE DAYAVAN PARTY PLOT, Sardar Patel Ring Rd, Nikol, Ahmedabad, Gujarat 382430', 'Ahmedabad', 'Nikol', 23.04620950, 72.68585780, 'the-dayavan-party-plot', 3, 3, 0, 0, NULL, NULL, 'Nikol', 'Nikol', 'Event venue', '[\"ahmedabad\",\"party-plots\"]', 0, 0, 0, 0, 0, 0, 0, NULL, NULL, NULL, 4.20, 545, NULL, 0, NULL, NULL, NULL, NULL, NULL, NULL, NULL, 'active', 'pending', 0, NULL, 'ChIJCzTfteGHXjkRyoY3IDyX1KU', '2025-12-20 06:51:38', '2025-12-20 06:51:38'),
(273, 'Thaltej Party Plot', 'Thaltej Party Plot is a renowned event venue located in Thaltej, Ahmedabad, Gujarat. This venue is perfect for weddings, receptions, birthday parties, and corporate events. Highly rated at 4.8 stars by 68+ satisfied customers on Google, it stands out as one of the top choices in Ahmedabad. The venue features ample parking space, modern amenities, and beautiful dcor suitable for grand celebrations. Book Thaltej Party Plot for your upcoming celebration and experience exceptional hospitality.', 'Sindhu Bhavan Rd, , Thaltej, Ahmedabad, Gujarat 380059', 'Ahmedabad', 'Thaltej', 23.04344700, 72.48400200, 'thaltej-party-plot', 3, 3, 0, 0, NULL, NULL, 'Thaltej', 'Thaltej', 'Event venue', '[\"ahmedabad\",\"party-plots\"]', 0, 0, 0, 0, 0, 0, 0, NULL, NULL, NULL, 4.80, 68, NULL, 0, NULL, NULL, NULL, NULL, NULL, NULL, NULL, 'active', 'pending', 0, NULL, 'ChIJ12o4LwCbXjkRFYv1sYE9Gfs', '2025-12-20 06:51:38', '2025-12-20 06:51:38'),
(274, 'Madhav Farm Party Plot', 'Madhav Farm Party Plot is a beautiful farmhouse venue located in Vastral, Ahmedabad, Gujarat. This venue offers excellent facilities for wedding ceremonies. With an impressive 4.3-star rating from 888+ Google reviews, guests consistently praise its excellent service and ambience. The venue features ample parking space, modern amenities, and beautiful dcor suitable for grand celebrations. Contact Madhav Farm Party Plot today to book your next event and create unforgettable memories.', 'Opposite Honest Restaurant, Vastral, Ahmedabad, Gujarat 382415', 'Ahmedabad', 'Vastral', 23.00809590, 72.67249390, 'madhav-farm-party-plot', 3, 14, 0, 0, NULL, NULL, 'Vastral', 'Vastral', 'Marriage celebrant, Wedding venue', '[\"ahmedabad\",\"party-plots\"]', 0, 0, 0, 0, 0, 0, 0, NULL, NULL, NULL, 4.30, 888, NULL, 0, NULL, NULL, NULL, NULL, NULL, NULL, '096383 14959', 'active', 'pending', 0, NULL, 'ChIJkWJ5DLeHXjkR0hhegRcbMV8', '2025-12-20 06:51:38', '2025-12-20 06:51:38'),
(275, 'Party Plots in Bopal, Ahmedabad', 'Party Plots in Bopal, Ahmedabad is a renowned wedding venue located in Bopal, Ahmedabad, Gujarat. This venue offers excellent facilities for wedding ceremonies. Rated 3.5 stars by 8+ visitors on Google, offering reliable service for your special occasions. The venue features ample parking space, modern amenities, and beautiful dcor suitable for grand celebrations. Contact Party Plots in Bopal, Ahmedabad today to book your next event and create unforgettable memories.', 'Bopal, Ahmedabad, Gujarat 380058', 'Ahmedabad', 'Bopal', 23.03040520, 72.45458380, 'party-plots-in-bopal-ahmedabad', 3, 2, 0, 0, NULL, NULL, 'Bopal', 'Bopal', 'Wedding venue', '[\"ahmedabad\",\"party-plots\"]', 0, 0, 0, 0, 0, 0, 0, NULL, NULL, NULL, 3.50, 8, NULL, 0, NULL, NULL, NULL, NULL, 'https://weddingz.in/banquet-halls/ahmedabad/bopal/?utm_source=Google_gmb&utm_medium=Organic&utm_campaign=LOC_Bopal', NULL, '022 4942 3550', 'active', 'pending', 0, NULL, 'ChIJGbOhVh2bXjkRooFqK0rEEB4', '2025-12-20 06:51:38', '2025-12-20 06:51:38'),
(276, 'Radhe Party Plot', 'Radhe Party Plot is a renowned event venue located in Isanpur, Ahmedabad, Gujarat. This venue is perfect for weddings, receptions, birthday parties, and corporate events. With an impressive 4-star rating from 403+ Google reviews, guests consistently praise its excellent service and ambience. The venue features ample parking space, modern amenities, and beautiful dcor suitable for grand celebrations. Contact Radhe Party Plot today to book your next event and create unforgettable memories.', 'Radhe Party Plot Near Kantaben Rami ni Vadi Isanpur, Ghodasar Canal Rd, Vatva, Isanpur, Ahmedabad, Gujarat 382443', 'Ahmedabad', 'Isanpur', 22.96394790, 72.60701160, 'radhe-party-plot', 3, 3, 0, 0, NULL, NULL, 'Isanpur', 'Isanpur', 'Event venue', '[\"ahmedabad\",\"party-plots\"]', 0, 0, 0, 0, 0, 0, 0, NULL, NULL, NULL, 4.00, 403, NULL, 0, NULL, NULL, NULL, NULL, NULL, NULL, '099099 88256', 'active', 'pending', 0, NULL, 'ChIJhWQVtFGPXjkRpCn6jmnVGOI', '2025-12-20 06:51:38', '2025-12-20 06:51:38'),
(277, 'Vivianna Farm || Best Wedding Venue In South Bopal || Best Luxury wedding Destination In Ahmedabad || Marriage Party Lawns', 'Vivianna Farm || Best Wedding Venue In South Bopal || Best Luxury wedding Destination In Ahmedabad || Marriage Party Lawns is a beautiful farmhouse venue located in Bopal, Ahmedabad, Gujarat. This venue offers excellent facilities for wedding ceremonies. Highly rated at 4.5 stars by 169+ satisfied customers on Google, it stands out as one of the top choices in Ahmedabad. The venue features ample parking space, modern amenities, and beautiful dcor suitable for grand celebrations. Contact Vivianna Farm || Best Wedding Venue In South Bopal || Best Luxury wedding Destination In Ahmedabad || Marriage Party Lawns today to book your next event and create unforgettable memories.', 'VIP Rd, beside Bharat Petroleum, South Bopal, Bopal, Ahmedabad, Gujarat 380057', 'Ahmedabad', 'Bopal', 23.01292600, 72.46394700, 'vivianna-farm-best-wedding-venue-in-south-bopal-best-luxury-wedding-destination-in-ahmedabad-marriage-party-lawns', 3, 2, 0, 0, NULL, NULL, 'Bopal', 'Bopal', 'Wedding venue, Event management company, Event planner, Event venue, Wedding planner', '[\"ahmedabad\",\"party-plots\"]', 0, 0, 0, 0, 0, 0, 0, NULL, NULL, NULL, 4.50, 169, NULL, 0, NULL, NULL, NULL, NULL, 'https://www.instagram.com/viviannafarm/?hl=en', NULL, '090812 88551', 'active', 'pending', 0, NULL, 'ChIJBQF7ufqbXjkRp3k-VITKWBU', '2025-12-20 06:51:38', '2025-12-20 06:51:38'),
(278, 'Jaltarang Party Plot', 'Jaltarang Party Plot is a renowned wedding venue located in Vasna, Ahmedabad, Gujarat. This venue offers excellent facilities for wedding ceremonies. Rated 3.9 stars by 359+ visitors on Google, offering reliable service for your special occasions. The venue features ample parking space, modern amenities, and beautiful dcor suitable for grand celebrations. Book Jaltarang Party Plot for your upcoming celebration and experience exceptional hospitality.', 'Beside Lavanya Society, Nr.Dr. Jivraj Mehta Hospital, opp. Prathama Blood Bank, Vasna, Ahmedabad, Gujarat 380007', 'Ahmedabad', 'Vasna', 23.00628800, 72.54008000, 'jaltarang-party-plot', 3, 2, 0, 0, NULL, NULL, 'Vasna', 'Vasna', 'Wedding venue', '[\"ahmedabad\",\"party-plots\"]', 0, 0, 0, 0, 0, 0, 0, NULL, NULL, NULL, 3.90, 359, NULL, 0, NULL, NULL, NULL, NULL, NULL, NULL, NULL, 'active', 'pending', 0, NULL, 'ChIJrVm5wiCFXjkRW8eVQdU0PCM', '2025-12-20 06:51:38', '2025-12-20 06:51:38'),
(279, 'ChanchalBaa Party Plot', 'ChanchalBaa Party Plot is a renowned event venue located in Ognaj, Ahmedabad, Gujarat. This venue is perfect for weddings, receptions, birthday parties, and corporate events. With an impressive 4.4-star rating from 278+ Google reviews, guests consistently praise its excellent service and ambience. The venue features ample parking space, modern amenities, and beautiful dcor suitable for grand celebrations. Book ChanchalBaa Party Plot for your upcoming celebration and experience exceptional hospitality.', 'Sardar Patel Ring Rd, Between, Vaishnodevi - Ognaj Circle, next to Upvan Plot, nr. HP Petrol Pump, Ahmedabad, Gujarat 380060', 'Ahmedabad', 'Ognaj', 23.13258350, 72.52614650, 'chanchalbaa-party-plot', 3, 3, 0, 0, NULL, NULL, 'Ognaj', 'Ognaj', 'Event venue, Marriage celebrant', '[\"ahmedabad\",\"party-plots\"]', 0, 0, 0, 0, 0, 0, 0, NULL, NULL, NULL, 4.40, 278, NULL, 0, NULL, NULL, NULL, NULL, NULL, NULL, NULL, 'active', 'pending', 0, NULL, 'ChIJgQxQ47OCXjkR2adaHF5_MFE', '2025-12-20 06:51:38', '2025-12-20 06:51:38'),
(280, 'Madhuban Party Plot', 'Madhuban Party Plot is a renowned event venue located in Ognaj, Ahmedabad, Gujarat. This venue is perfect for weddings, receptions, birthday parties, and corporate events. Highly rated at 4.6 stars by 228+ satisfied customers on Google, it stands out as one of the top choices in Ahmedabad. The venue features ample parking space, modern amenities, and beautiful dcor suitable for grand celebrations. Contact Madhuban Party Plot today to book your next event and create unforgettable memories.', 'B/H Vedant Kadam Bunglows, 100 Feet Rd, off New Science City Road, Ognaj, Ahmedabad, Gujarat 380060', 'Ahmedabad', 'Ognaj', 23.10077090, 72.50769590, 'madhuban-party-plot', 3, 3, 0, 0, NULL, NULL, 'Ognaj', 'Ognaj', 'Event venue', '[\"ahmedabad\",\"party-plots\"]', 0, 0, 0, 0, 0, 0, 0, NULL, NULL, NULL, 4.60, 228, NULL, 0, NULL, NULL, NULL, NULL, NULL, NULL, '099989 58690', 'active', 'pending', 0, NULL, 'ChIJd__SaeadXjkRgq4dl1CzacY', '2025-12-20 06:51:38', '2025-12-20 06:51:38'),
(281, 'RK Farm & Party Plot', 'RK Farm & Party Plot is a beautiful farmhouse venue located in Ambli, Ahmedabad, Gujarat. This venue is perfect for weddings, receptions, birthday parties, and corporate events. With an impressive 4.2-star rating from 824+ Google reviews, guests consistently praise its excellent service and ambience. The venue features ample parking space, modern amenities, and beautiful dcor suitable for grand celebrations. Contact RK Farm & Party Plot today to book your next event and create unforgettable memories.', 'Opp. Kalibari Temple Near S.P Ring Rd, Ambli - Bopal Rd, Sindhu Bhavan Marg, road, Ahmedabad, Gujarat 380058', 'Ahmedabad', 'Ambli', 23.03838220, 72.48108250, 'rk-farm-party-plot', 3, 7, 0, 0, NULL, NULL, 'Ambli', 'Ambli', 'Farm, Event venue', '[\"ahmedabad\",\"party-plots\"]', 0, 0, 0, 0, 0, 0, 0, NULL, NULL, NULL, 4.20, 824, NULL, 0, NULL, NULL, NULL, NULL, NULL, NULL, '098793 27424', 'active', 'pending', 0, NULL, 'ChIJRcu05XCbXjkRrmutnpq-3cU', '2025-12-20 06:51:38', '2025-12-20 06:51:38'),
(282, 'Basera Party Plot', 'Basera Party Plot is a renowned event venue located in Ambli, Ahmedabad, Gujarat. This venue is perfect for weddings, receptions, birthday parties, and corporate events. With an impressive 4.2-star rating from 440+ Google reviews, guests consistently praise its excellent service and ambience. The venue features ample parking space, modern amenities, and beautiful dcor suitable for grand celebrations. Book Basera Party Plot for your upcoming celebration and experience exceptional hospitality.', 'Opp. Arohivilla, Nr. Sun city, Ambli - Bopal Road, Rasta, Char, 200, Sardar Patel Ring Rd, Ambli, Ahmedabad, Gujarat 380058', 'Ahmedabad', 'Ambli', 23.02236530, 72.47892790, 'basera-party-plot', 3, 3, 0, 0, NULL, NULL, 'Ambli', 'Ambli', 'Event venue', '[\"ahmedabad\",\"party-plots\"]', 0, 0, 0, 0, 0, 0, 0, NULL, NULL, NULL, 4.20, 440, NULL, 0, NULL, NULL, NULL, NULL, NULL, NULL, NULL, 'active', 'pending', 0, NULL, 'ChIJiYjMMwmbXjkRDxg1rwy3hj0', '2025-12-20 06:51:38', '2025-12-20 06:51:38'),
(283, 'Khodiyar Farm & Party Plot', 'Khodiyar Farm & Party Plot is a beautiful farmhouse venue located in Sarkhej, Ahmedabad, Gujarat. This venue is perfect for weddings, receptions, birthday parties, and corporate events. Highly rated at 4.8 stars by 72+ satisfied customers on Google, it stands out as one of the top choices in Ahmedabad. The venue features ample parking space, modern amenities, and beautiful dcor suitable for grand celebrations. Contact Khodiyar Farm & Party Plot today to book your next event and create unforgettable memories.', 'Vaishnav Devi Temple, Lane, Sarkhej - Gandhinagar Hwy, opp. Adani Shanitgram Temple, Khoraj, Ahmedabad, Gujarat 382501', 'Ahmedabad', 'Sarkhej', 23.14280260, 72.54625390, 'khodiyar-farm-party-plot', 3, 3, 0, 0, NULL, NULL, 'Sarkhej', 'Sarkhej', 'Event venue', '[\"ahmedabad\",\"party-plots\"]', 0, 0, 0, 0, 0, 0, 0, NULL, NULL, NULL, 4.80, 72, NULL, 0, NULL, NULL, NULL, NULL, 'http://khodiyarfarmandpartyplot.com/', NULL, '099240 86644', 'active', 'pending', 0, NULL, 'ChIJZaDAT8SDXjkRMjwMfuuxPXA', '2025-12-20 06:51:38', '2025-12-20 06:51:38'),
(284, '9 Brothers Party Plot And Play Ground', '9 Brothers Party Plot And Play Ground is a renowned wedding venue located in Ognaj, Ahmedabad, Gujarat. This venue offers excellent facilities for wedding ceremonies, outdoor activities. With an impressive 4.3-star rating from 796+ Google reviews, guests consistently praise its excellent service and ambience. The venue features ample parking space, modern amenities, and beautiful dcor suitable for grand celebrations. Book 9 Brothers Party Plot And Play Ground for your upcoming celebration and experience exceptional hospitality.', 'Sardar Patel Ring Rd, Ognaj, Ahmedabad, Gujarat 380060', 'Ahmedabad', 'Ognaj', 23.11260870, 72.50535480, '9-brothers-party-plot-and-play-ground', 3, 2, 0, 0, NULL, NULL, 'Ognaj', 'Ognaj', 'Wedding venue, Cricket ground', '[\"ahmedabad\",\"party-plots\"]', 0, 0, 0, 0, 0, 0, 0, NULL, NULL, NULL, 4.30, 796, NULL, 0, NULL, NULL, NULL, NULL, NULL, NULL, NULL, 'active', 'pending', 0, NULL, 'ChIJf8eeJhadXjkRULuva2kdkmQ', '2025-12-20 06:51:38', '2025-12-20 06:51:38'),
(285, 'Ruta Farm (Party Plot)', 'Ruta Farm (Party Plot) is a beautiful farmhouse venue located in Adalaj, Ahmedabad, Gujarat. This venue is perfect for weddings, receptions, birthday parties, and corporate events. Highly rated at 4.6 stars by 118+ satisfied customers on Google, it stands out as one of the top choices in Ahmedabad. The venue features ample parking space, modern amenities, and beautiful dcor suitable for grand celebrations. Contact Ruta Farm (Party Plot) today to book your next event and create unforgettable memories.', 'Ruta farm , Near Ahmedabad-Mehsana Toll, Kalol Highway Shertha, Adalaj, Gujarat 382423', 'Ahmedabad', 'Adalaj', 23.18473450, 72.55617690, 'ruta-farm-party-plot', 3, 3, 0, 0, NULL, NULL, 'Adalaj', 'Adalaj', 'Event venue', '[\"ahmedabad\",\"party-plots\"]', 0, 0, 0, 0, 0, 0, 0, NULL, NULL, NULL, 4.60, 118, NULL, 0, NULL, NULL, NULL, NULL, NULL, NULL, '099047 66499', 'active', 'pending', 0, NULL, 'ChIJMZfUVwgpXDkRdvq0O_Iaqx8', '2025-12-20 06:51:38', '2025-12-20 06:51:38'),
(286, 'Nandanvan party plot (farm)', 'Nandanvan party plot (farm) is a beautiful farmhouse venue located in Dhwani society shyam krishna hall ni pase, Ahmedabad, Gujarat. This venue offers excellent facilities for wedding ceremonies. With an impressive 4.3-star rating from 225+ Google reviews, guests consistently praise its excellent service and ambience. The venue features ample parking space, modern amenities, and beautiful dcor suitable for grand celebrations. Contact Nandanvan party plot (farm) today to book your next event and create unforgettable memories.', 'Dhwani society shyam krishna hall ni pase, Ahmedabad, Gujarat 382443', 'Ahmedabad', 'Dhwani society shyam krishna hall ni pase', 22.97749090, 72.59510350, 'nandanvan-party-plot-farm', 3, 2, 0, 0, NULL, NULL, 'Dhwani society shyam krishna hall ni pase', 'Dhwani society shyam krishna hall ni pase', 'Wedding venue, Event venue', '[\"ahmedabad\",\"party-plots\"]', 0, 0, 0, 0, 0, 0, 0, NULL, NULL, NULL, 4.30, 225, NULL, 0, NULL, NULL, NULL, NULL, 'https://www.facebook.com/khyati.decorations', NULL, '098250 33714', 'active', 'pending', 0, NULL, 'ChIJk7tGZvSFXjkRBysau9jlPKk', '2025-12-20 06:51:38', '2025-12-20 06:51:38'),
(287, 'Andaz Party Lawn -', 'Andaz Party Lawn - is a renowned event venue located in Makarba, Ahmedabad, Gujarat. This venue is perfect for weddings, receptions, birthday parties, and corporate events. With an impressive 4.4-star rating from 449+ Google reviews, guests consistently praise its excellent service and ambience. The venue features ample parking space, modern amenities, and beautiful dcor suitable for grand celebrations. Book Andaz Party Lawn - for your upcoming celebration and experience exceptional hospitality.', 'Sarkhej - Gandhinagar Hwy, Opp. YMCA Club, Makarba, Ahmedabad, Gujarat 380058', 'Ahmedabad', 'Makarba', 22.99754330, 72.49771010, 'andaz-party-lawn', 3, 3, 0, 0, NULL, NULL, 'Makarba', 'Makarba', 'Event venue', '[\"ahmedabad\",\"party-plots\"]', 0, 0, 0, 0, 0, 0, 0, NULL, NULL, NULL, 4.40, 449, NULL, 0, NULL, NULL, NULL, NULL, NULL, NULL, NULL, 'active', 'pending', 0, NULL, 'ChIJAQTzRN2aXjkRal2-NQD-1cQ', '2025-12-20 06:51:38', '2025-12-20 06:51:38'),
(288, 'SHREE BHARAT PARTY PLOT', 'SHREE BHARAT PARTY PLOT is a renowned wedding venue located in Amraiwadi, Ahmedabad, Gujarat. This venue offers excellent facilities for wedding ceremonies. With an impressive 4.1-star rating from 179+ Google reviews, guests consistently praise its excellent service and ambience. The venue features ample parking space, modern amenities, and beautiful dcor suitable for grand celebrations. Book SHREE BHARAT PARTY PLOT for your upcoming celebration and experience exceptional hospitality.', 'Vandavan Party Plot, OM SOCIETY NR. BHARAT, Rabari Colony, Amraiwadi, Ahmedabad, Gujarat 380026', 'Ahmedabad', 'Amraiwadi', 23.00294980, 72.63680180, 'shree-bharat-party-plot', 3, 2, 0, 0, NULL, NULL, 'Amraiwadi', 'Amraiwadi', 'Wedding venue', '[\"ahmedabad\",\"party-plots\"]', 0, 0, 0, 0, 0, 0, 0, NULL, NULL, NULL, 4.10, 179, NULL, 0, NULL, NULL, NULL, NULL, NULL, NULL, NULL, 'active', 'pending', 0, NULL, 'ChIJHaYQpTSHXjkRqMWu8WwxaBg', '2025-12-20 06:51:38', '2025-12-20 06:51:38'),
(289, 'Shriyam Party Plot', 'Shriyam Party Plot is a renowned wedding venue located in Bhadaj, Ahmedabad, Gujarat. This venue offers excellent facilities for wedding ceremonies. Highly rated at 4.5 stars by 247+ satisfied customers on Google, it stands out as one of the top choices in Ahmedabad. The venue features ample parking space, modern amenities, and beautiful dcor suitable for grand celebrations. Contact Shriyam Party Plot today to book your next event and create unforgettable memories.', 'near Bhavnath Temple, Bhadaj, Gujarat 382722', 'Ahmedabad', 'Bhadaj', 23.08760210, 72.48651540, 'shriyam-party-plot', 3, 2, 0, 0, NULL, NULL, 'Bhadaj', 'Bhadaj', 'Wedding venue, Event venue', '[\"ahmedabad\",\"party-plots\"]', 0, 0, 0, 0, 0, 0, 0, NULL, NULL, NULL, 4.50, 247, NULL, 0, NULL, NULL, NULL, NULL, NULL, NULL, '098980 00579', 'active', 'pending', 0, NULL, 'ChIJlcQCiFqdXjkRKDNUqt7_wYk', '2025-12-20 06:51:38', '2025-12-20 06:51:38'),
(290, 'Sheetal Party Plot', 'Sheetal Party Plot is a renowned event venue located in Sarkhej, Ahmedabad, Gujarat. This venue is perfect for weddings, receptions, birthday parties, and corporate events. Highly rated at 4.6 stars by 184+ satisfied customers on Google, it stands out as one of the top choices in Ahmedabad. The venue features ample parking space, modern amenities, and beautiful dcor suitable for grand celebrations. Book Sheetal Party Plot for your upcoming celebration and experience exceptional hospitality.', 'Sarkhej, Dholka-Ahmedabad Hwy, Nariman Pura, Ahmedabad, Gujarat 382210', 'Ahmedabad', 'Sarkhej', 22.94826190, 72.50231660, 'sheetal-party-plot', 3, 3, 0, 0, NULL, NULL, 'Sarkhej', 'Sarkhej', 'Event venue', '[\"ahmedabad\",\"party-plots\"]', 0, 0, 0, 0, 0, 0, 0, NULL, NULL, NULL, 4.60, 184, NULL, 0, NULL, NULL, NULL, NULL, NULL, NULL, NULL, 'active', 'pending', 0, NULL, 'ChIJL7ugNaORXjkRRO5QgVCDOJc', '2025-12-20 06:51:38', '2025-12-20 06:51:38'),
(291, 'Vastral Party Plot', 'Vastral Party Plot is a renowned wedding venue located in Vastral, Ahmedabad, Gujarat. This venue offers excellent facilities for wedding ceremonies. With an impressive 4.4-star rating from 669+ Google reviews, guests consistently praise its excellent service and ambience. The venue features ample parking space, modern amenities, and beautiful dcor suitable for grand celebrations. Book Vastral Party Plot for your upcoming celebration and experience exceptional hospitality.', 'Shivalay Park Society Part 1, Pranami Nagar, Vastral, Ahmedabad, Gujarat 382418', 'Ahmedabad', 'Vastral', 23.00539310, 72.66335130, 'vastral-party-plot', 3, 2, 0, 0, NULL, NULL, 'Vastral', 'Vastral', 'Wedding venue', '[\"ahmedabad\",\"party-plots\"]', 0, 0, 0, 0, 0, 0, 0, NULL, NULL, NULL, 4.40, 669, NULL, 0, NULL, NULL, NULL, NULL, NULL, NULL, NULL, 'active', 'pending', 0, NULL, 'ChIJ88E1x4aHXjkRqmfdJv8qLxY', '2025-12-20 06:51:38', '2025-12-20 06:51:38'),
(292, 'Jashodanagar party plot', 'Jashodanagar party plot is a renowned event venue located in Parsi Dungarvadi, Jashoda Nagar, Ahmedabad, Gujarat. This venue is perfect for weddings, receptions, birthday parties, and corporate events. Highly rated at 4.5 stars by 64+ satisfied customers on Google, it stands out as one of the top choices in Ahmedabad. The venue features ample parking space, modern amenities, and beautiful dcor suitable for grand celebrations. Book Jashodanagar party plot for your upcoming celebration and experience exceptional hospitality.', 'Parsi Dungarvadi, Jashoda Nagar, Ahmedabad, Gujarat 382445', 'Ahmedabad', 'Parsi Dungarvadi, Jashoda Nagar', 22.97861970, 72.62694290, 'jashodanagar-party-plot', 3, 3, 0, 0, NULL, NULL, 'Parsi Dungarvadi, Jashoda Nagar', 'Parsi Dungarvadi, Jashoda Nagar', 'Event venue', '[\"ahmedabad\",\"party-plots\"]', 0, 0, 0, 0, 0, 0, 0, NULL, NULL, NULL, 4.50, 64, NULL, 0, NULL, NULL, NULL, NULL, NULL, NULL, NULL, 'active', 'pending', 0, NULL, 'ChIJb3rT2c-HXjkRyaeRd6OqFno', '2025-12-20 06:51:38', '2025-12-20 06:51:38'),
(293, 'SEVEN STAR PARTY PLOT', 'SEVEN STAR PARTY PLOT is a renowned wedding venue located in Nikol, Ahmedabad, Gujarat. This venue offers excellent facilities for wedding ceremonies. Highly rated at 4.5 stars by 86+ satisfied customers on Google, it stands out as one of the top choices in Ahmedabad. The venue features ample parking space, modern amenities, and beautiful dcor suitable for grand celebrations. Contact SEVEN STAR PARTY PLOT today to book your next event and create unforgettable memories.', 'B.h, vasani party plot, Sardar Patel Ring Rd, nr. amc auditorium hall, Nikol, Kathwada, Ahmedabad, Gujarat 382430', 'Ahmedabad', 'Nikol', 23.05872920, 72.69330880, 'seven-star-party-plot', 3, 2, 0, 0, NULL, NULL, 'Nikol', 'Nikol', 'Wedding venue, Party planner', '[\"ahmedabad\",\"party-plots\"]', 0, 0, 0, 0, 0, 0, 0, NULL, NULL, NULL, 4.50, 86, NULL, 0, NULL, NULL, NULL, NULL, NULL, NULL, '087587 32931', 'active', 'pending', 0, NULL, 'ChIJa-qikFmHXjkR5_sfeJeQZv0', '2025-12-20 06:51:38', '2025-12-20 06:51:38'),
(294, 'Vrundavan Premium Lawn', 'Vrundavan Premium Lawn is a renowned wedding venue located in Bodakdev, Ahmedabad, Gujarat. This venue offers excellent facilities for wedding ceremonies. With an impressive 4.3-star rating from 604+ Google reviews, guests consistently praise its excellent service and ambience. The venue features ample parking space, modern amenities, and beautiful dcor suitable for grand celebrations. Contact Vrundavan Premium Lawn today to book your next event and create unforgettable memories.', 'Opp, Auda Garden Rd, near Times Square 2, beside Food Drama, Bodakdev, Ahmedabad, Gujarat 380059', 'Ahmedabad', 'Bodakdev', 23.04374500, 72.50958730, 'vrundavan-premium-lawn', 3, 2, 0, 0, NULL, NULL, 'Bodakdev', 'Bodakdev', 'Wedding venue', '[\"ahmedabad\",\"party-plots\"]', 0, 0, 0, 0, 0, 0, 0, NULL, NULL, NULL, 4.30, 604, NULL, 0, NULL, NULL, NULL, NULL, NULL, NULL, '075740 00360', 'active', 'pending', 0, NULL, 'ChIJ4RlwGVCbXjkRGG2CD-IlnRk', '2025-12-20 06:51:39', '2025-12-20 06:51:39'),
(295, 'Milan Farm', 'Milan Farm is a beautiful farmhouse venue located in Ognaj, Ahmedabad, Gujarat. This venue offers excellent facilities for wedding ceremonies. With an impressive 4.2-star rating from 601+ Google reviews, guests consistently praise its excellent service and ambience. The venue features ample parking space, modern amenities, and beautiful dcor suitable for grand celebrations. Contact Milan Farm today to book your next event and create unforgettable memories.', 'B/h Velvet Longe Party Plot, Sardar Patel Ring Rd, Ognaj, Ahmedabad, Gujarat 380060', 'Ahmedabad', 'Ognaj', 23.12309950, 72.51416410, 'milan-farm', 3, 2, 0, 0, NULL, NULL, 'Ognaj', 'Ognaj', 'Wedding venue, Event venue, Wedding planner', '[\"ahmedabad\",\"party-plots\"]', 0, 0, 0, 0, 0, 0, 0, NULL, NULL, NULL, 4.20, 601, NULL, 0, NULL, NULL, NULL, NULL, NULL, NULL, '098980 00213', 'active', 'pending', 0, NULL, 'ChIJjVrp_EmdXjkR7wgvK7wMG7U', '2025-12-20 06:51:39', '2025-12-20 06:51:39'),
(296, 'Naroda Party Plot', 'Naroda Party Plot is a renowned event venue located in Naroda, Ahmedabad, Gujarat. This venue is perfect for weddings, receptions, birthday parties, and corporate events. With an impressive 4.1-star rating from 901+ Google reviews, guests consistently praise its excellent service and ambience. The venue features ample parking space, modern amenities, and beautiful dcor suitable for grand celebrations. Book Naroda Party Plot for your upcoming celebration and experience exceptional hospitality.', 'Galaxy Cinema Rd, near Uma Shikshan Tirth, Naroda, Ahmedabad, Gujarat 382330', 'Ahmedabad', 'Naroda', 23.07657890, 72.65000150, 'naroda-party-plot', 3, 3, 0, 0, NULL, NULL, 'Naroda', 'Naroda', 'Event venue', '[\"ahmedabad\",\"party-plots\"]', 0, 0, 0, 0, 0, 0, 0, NULL, NULL, NULL, 4.10, 901, NULL, 0, NULL, NULL, NULL, NULL, NULL, NULL, NULL, 'active', 'pending', 0, NULL, 'ChIJRUPdHTKBXjkRwANPyxw12Q0', '2025-12-20 06:51:39', '2025-12-20 06:51:39'),
(297, 'Saath Sangath The Venue of Occasion', 'Saath Sangath The Venue of Occasion is a renowned wedding venue located in Bhadaj, Ahmedabad, Gujarat. This venue offers excellent facilities for wedding ceremonies. With an impressive 4.3-star rating from 523+ Google reviews, guests consistently praise its excellent service and ambience. The venue features ample parking space, modern amenities, and beautiful dcor suitable for grand celebrations. Contact Saath Sangath The Venue of Occasion today to book your next event and create unforgettable memories.', 'Opp GEB sub station, Near Science City Circle, Bhadaj, Ahmedabad, Gujarat 380001', 'Ahmedabad', 'Bhadaj', 23.09718000, 72.48475600, 'saath-sangath-the-venue-of-occasion', 3, 2, 0, 0, NULL, NULL, 'Bhadaj', 'Bhadaj', 'Wedding venue', '[\"ahmedabad\",\"party-plots\"]', 0, 0, 0, 0, 0, 0, 0, NULL, NULL, NULL, 4.30, 523, NULL, 0, NULL, NULL, NULL, NULL, NULL, NULL, '098242 64516', 'active', 'pending', 0, NULL, 'ChIJdZsLO7icXjkRp4t7ekX-E40', '2025-12-20 06:51:39', '2025-12-20 06:51:39'),
(298, 'Hetarth Party plot', 'Hetarth Party plot is a renowned wedding venue located in Sola, Ahmedabad, Gujarat. This venue offers excellent facilities for wedding ceremonies. With an impressive 4.4-star rating from 262+ Google reviews, guests consistently praise its excellent service and ambience. The venue features ample parking space, modern amenities, and beautiful dcor suitable for grand celebrations. Book Hetarth Party plot for your upcoming celebration and experience exceptional hospitality.', 'Hetarth Party Plot, Science City Rd, Sola, Ahmedabad, Gujarat 380060', 'Ahmedabad', 'Sola', 23.07534780, 72.50840050, 'hetarth-party-plot', 3, 2, 0, 0, NULL, NULL, 'Sola', 'Sola', 'Wedding venue', '[\"ahmedabad\",\"party-plots\"]', 0, 0, 0, 0, 0, 0, 0, NULL, NULL, NULL, 4.40, 262, NULL, 0, NULL, NULL, NULL, NULL, NULL, NULL, NULL, 'active', 'pending', 0, NULL, 'ChIJm5ImOzqdXjkRYEKNbPmhRY0', '2025-12-20 06:51:39', '2025-12-20 06:51:39'),
(299, 'Archan Party Plot', 'Archan Party Plot is a renowned event venue located in Ghatlodiya, Ahmedabad, Gujarat. This venue offers excellent facilities for wedding ceremonies. With an impressive 4.2-star rating from 551+ Google reviews, guests consistently praise its excellent service and ambience. The venue features ample parking space, modern amenities, and beautiful dcor suitable for grand celebrations. Contact Archan Party Plot today to book your next event and create unforgettable memories.', 'Bhuminagar Part-2, Municipal Karmachari Nagar, Ghatlodiya, Ahmedabad, Gujarat 380061', 'Ahmedabad', 'Ghatlodiya', 23.06459850, 72.53515240, 'archan-party-plot', 3, 3, 0, 0, NULL, NULL, 'Ghatlodiya', 'Ghatlodiya', 'Event venue, Event planner, Wedding planner, Wedding service', '[\"ahmedabad\",\"party-plots\"]', 0, 0, 0, 0, 0, 0, 0, NULL, NULL, NULL, 4.20, 551, NULL, 0, NULL, NULL, NULL, NULL, NULL, NULL, '099241 82975', 'active', 'pending', 0, NULL, 'ChIJbdTXLFqDXjkRlPdO7Lp-Opw', '2025-12-20 06:51:39', '2025-12-20 06:51:39'),
(300, 'Floret party plot', 'Floret party plot is a renowned event venue located in Ognaj, Ahmedabad, Gujarat. This venue is perfect for weddings, receptions, birthday parties, and corporate events. Highly rated at 4.5 stars by 82+ satisfied customers on Google, it stands out as one of the top choices in Ahmedabad. The venue features ample parking space, modern amenities, and beautiful dcor suitable for grand celebrations. Contact Floret party plot today to book your next event and create unforgettable memories.', 'Sardar Patel Ring Rd, behind VELVET LOUNGE, Ognaj, Ahmedabad, Gujarat 380060', 'Ahmedabad', 'Ognaj', 23.12132950, 72.51402060, 'floret-party-plot', 3, 3, 0, 0, NULL, NULL, 'Ognaj', 'Ognaj', 'Event venue', '[\"ahmedabad\",\"party-plots\"]', 0, 0, 0, 0, 0, 0, 0, NULL, NULL, NULL, 4.50, 82, NULL, 0, NULL, NULL, NULL, NULL, 'https://www.instagram.com/floret_partyplot?igsh=MXBmOWx3NDN3bnpveA%3D%3D&utm_source=qr', NULL, '098700 44235', 'active', 'pending', 0, NULL, 'ChIJ98qg08idXjkR2fuWA0oDyMg', '2025-12-20 06:51:39', '2025-12-20 06:51:39'),
(301, 'Aagman Farm - Party Plot', 'Aagman Farm - Party Plot is a beautiful farmhouse venue located in Ognaj, Ahmedabad, Gujarat. This venue offers excellent facilities for wedding ceremonies. With an impressive 4.3-star rating from 258+ Google reviews, guests consistently praise its excellent service and ambience. The venue features ample parking space, modern amenities, and beautiful dcor suitable for grand celebrations. Book Aagman Farm - Party Plot for your upcoming celebration and experience exceptional hospitality.', 'Ognaj - Vadsar Rd, Ognaj, Ahmedabad, Gujarat 380060', 'Ahmedabad', 'Ognaj', 23.12184950, 72.50727220, 'aagman-farm-party-plot', 3, 2, 0, 0, NULL, NULL, 'Ognaj', 'Ognaj', 'Wedding venue', '[\"ahmedabad\",\"party-plots\"]', 0, 0, 0, 0, 0, 0, 0, NULL, NULL, NULL, 4.30, 258, NULL, 0, NULL, NULL, NULL, NULL, NULL, NULL, NULL, 'active', 'pending', 0, NULL, 'ChIJZdGczjmdXjkRGlllsjLKjfA', '2025-12-20 06:51:39', '2025-12-20 06:51:39'),
(302, 'Raja Rani Party Plot', 'Raja Rani Party Plot is a renowned wedding venue located in Kathwada, Ahmedabad, Gujarat. This venue offers excellent facilities for wedding ceremonies. With an impressive 4.3-star rating from 239+ Google reviews, guests consistently praise its excellent service and ambience. The venue features ample parking space, modern amenities, and beautiful dcor suitable for grand celebrations. Book Raja Rani Party Plot for your upcoming celebration and experience exceptional hospitality.', 'near Rolex Circle, Kathwada, Ahmedabad, Gujarat 382430', 'Ahmedabad', 'Kathwada', 23.05361050, 72.69001510, 'raja-rani-party-plot', 3, 2, 0, 0, NULL, NULL, 'Kathwada', 'Kathwada', 'Wedding venue', '[\"ahmedabad\",\"party-plots\"]', 0, 0, 0, 0, 0, 0, 0, NULL, NULL, NULL, 4.30, 239, NULL, 0, NULL, NULL, NULL, NULL, NULL, NULL, NULL, 'active', 'pending', 0, NULL, 'ChIJpbcV3piHXjkR_E1JS1G83kI', '2025-12-20 06:51:39', '2025-12-20 06:51:39');
INSERT INTO `party_plots` (`id`, `name`, `description`, `full_address`, `city`, `area`, `latitude`, `longitude`, `slug`, `creator_user_id`, `category_id`, `capacity_min`, `capacity_max`, `price_range_min`, `price_range_max`, `area_lawn`, `area_banquet`, `suitable_events`, `tags`, `parking`, `rooms`, `dj_allowed`, `decoration_allowed`, `catering_allowed`, `generator_backup`, `ac_available`, `featured_image`, `gallery_images`, `video_links`, `google_rating`, `google_review_count`, `google_review_text`, `visitors`, `instagram`, `facebook`, `twitter`, `youtube`, `website`, `email`, `phone`, `status`, `listing_status`, `verified`, `claimed_by_user_id`, `place_id`, `created_at`, `updated_at`) VALUES
(303, 'Maa Shakti Party Plot', 'Maa Shakti Party Plot is a renowned event venue located in Isanpur, Ahmedabad, Gujarat. This venue is perfect for weddings, receptions, birthday parties, and corporate events. With an impressive 4-star rating from 321+ Google reviews, guests consistently praise its excellent service and ambience. The venue features ample parking space, modern amenities, and beautiful dcor suitable for grand celebrations. Contact Maa Shakti Party Plot today to book your next event and create unforgettable memories.', 'Maa Shakti Party Plot, Near Image English School National Highway Number NH8, Ghodasar Isanpur Highway, Isanpur, Ahmedabad, Gujarat 382443', 'Ahmedabad', 'Isanpur', 22.97757820, 72.60738310, 'maa-shakti-party-plot', 3, 3, 0, 0, NULL, NULL, 'Isanpur', 'Isanpur', 'Event venue', '[\"ahmedabad\",\"party-plots\"]', 0, 0, 0, 0, 0, 0, 0, NULL, NULL, NULL, 4.00, 321, NULL, 4, NULL, NULL, NULL, NULL, NULL, NULL, '099099 88256', 'active', 'pending', 0, NULL, 'ChIJC84HHPmFXjkRUv5-Gi5upuk', '2025-12-20 06:51:39', '2025-12-20 06:57:23'),
(304, 'Green Ocean Party Plot', 'Green Ocean Party Plot is a renowned event venue located in Nikol, Ahmedabad, Gujarat. This venue is perfect for weddings, receptions, birthday parties, and corporate events. With an impressive 4.4-star rating from 127+ Google reviews, guests consistently praise its excellent service and ambience. The venue features ample parking space, modern amenities, and beautiful dcor suitable for grand celebrations. Book Green Ocean Party Plot for your upcoming celebration and experience exceptional hospitality.', 'Dmart Rd, opp. Green Osian Party Plot, near Nikol, New India Colony, Nikol, Ahmedabad, Gujarat 380049', 'Ahmedabad', 'Nikol', 23.05558520, 72.67048360, 'green-ocean-party-plot', 3, 3, 0, 0, NULL, NULL, 'Nikol', 'Nikol', 'Event venue', '[\"ahmedabad\",\"party-plots\"]', 0, 0, 0, 0, 0, 0, 0, NULL, NULL, NULL, 4.40, 127, NULL, 0, NULL, NULL, NULL, NULL, NULL, NULL, NULL, 'active', 'pending', 0, NULL, 'ChIJwd2ul86HXjkRMeTcjRuH54U', '2025-12-20 06:51:39', '2025-12-20 06:51:39'),
(305, 'Pavan Party Plot', 'Pavan Party Plot is a renowned wedding venue located in Naranpura, Ahmedabad, Gujarat. This venue offers excellent facilities for wedding ceremonies. With an impressive 4.1-star rating from 133+ Google reviews, guests consistently praise its excellent service and ambience. The venue features ample parking space, modern amenities, and beautiful dcor suitable for grand celebrations. Contact Pavan Party Plot today to book your next event and create unforgettable memories.', 'Pavan party plot, Ankur Rd, Adarsh Nagar, Chowrasta, Naranpura, Ahmedabad, Gujarat 380013', 'Ahmedabad', 'Naranpura', 23.05793560, 72.55287780, 'pavan-party-plot', 3, 2, 0, 0, NULL, NULL, 'Naranpura', 'Naranpura', 'Wedding venue', '[\"ahmedabad\",\"party-plots\"]', 0, 0, 0, 0, 0, 0, 0, NULL, NULL, NULL, 4.10, 133, NULL, 0, NULL, NULL, NULL, NULL, NULL, NULL, '098988 18900', 'active', 'pending', 0, NULL, 'ChIJjcDTup2EXjkR9erteV4mNzk', '2025-12-20 06:51:39', '2025-12-20 06:51:39'),
(306, 'Nilkanth Party Plot, Gota', 'Nilkanth Party Plot, Gota is a renowned event venue located in Sola, Ahmedabad, Gujarat. This venue is perfect for weddings, receptions, birthday parties, and corporate events. With an impressive 4.3-star rating from 170+ Google reviews, guests consistently praise its excellent service and ambience. The venue features ample parking space, modern amenities, and beautiful dcor suitable for grand celebrations. Book Nilkanth Party Plot, Gota for your upcoming celebration and experience exceptional hospitality.', 'New Science City Rd, opp. Shriji Party Plot, Sola, Ahmedabad, Gujarat 380060', 'Ahmedabad', 'Sola', 23.09814140, 72.52163270, 'nilkanth-party-plot-gota', 3, 3, 0, 0, NULL, NULL, 'Sola', 'Sola', 'Event venue', '[\"ahmedabad\",\"party-plots\"]', 0, 0, 0, 0, 0, 0, 0, NULL, NULL, NULL, 4.30, 170, NULL, 0, NULL, NULL, NULL, NULL, NULL, NULL, NULL, 'active', 'pending', 0, NULL, 'ChIJvSm5kraDXjkRnpzjCYuqWhc', '2025-12-20 06:51:39', '2025-12-20 06:51:39'),
(307, 'Chanakya Party Plot', 'Chanakya Party Plot is a renowned event venue located in Juhapura, Ahmedabad, Gujarat. This venue is perfect for weddings, receptions, birthday parties, and corporate events. Highly rated at 4.6 stars by 42+ satisfied customers on Google, it stands out as one of the top choices in Ahmedabad. The venue features ample parking space, modern amenities, and beautiful dcor suitable for grand celebrations. Book Chanakya Party Plot for your upcoming celebration and experience exceptional hospitality.', '14, 20, Alaksha Rd, beside DMart jivrajpark, Bage Tahir Society, Juhapura, Ahmedabad, Gujarat 380051', 'Ahmedabad', 'Juhapura', 23.00249700, 72.53344550, 'chanakya-party-plot', 3, 3, 0, 0, NULL, NULL, 'Juhapura', 'Juhapura', 'Event venue', '[\"ahmedabad\",\"party-plots\"]', 0, 0, 0, 0, 0, 0, 0, NULL, NULL, NULL, 4.60, 42, NULL, 0, NULL, NULL, NULL, NULL, NULL, NULL, NULL, 'active', 'pending', 0, NULL, 'ChIJRxWuqViFXjkRYUr3VQR9m7U', '2025-12-20 06:51:39', '2025-12-20 06:51:39'),
(308, 'Tulsi Party Plot', 'Tulsi Party Plot is a renowned event venue located in Vasna, Ahmedabad, Gujarat. This venue is perfect for weddings, receptions, birthday parties, and corporate events. With an impressive 4.2-star rating from 47+ Google reviews, guests consistently praise its excellent service and ambience. The venue features ample parking space, modern amenities, and beautiful dcor suitable for grand celebrations. Book Tulsi Party Plot for your upcoming celebration and experience exceptional hospitality.', 'Hariprasad Nagar Society, Lavanya Society, Vasna, Ahmedabad, Gujarat 380007', 'Ahmedabad', 'Vasna', 23.00542140, 72.54811870, 'tulsi-party-plot', 3, 3, 0, 0, NULL, NULL, 'Vasna', 'Vasna', 'Event venue', '[\"ahmedabad\",\"party-plots\"]', 0, 0, 0, 0, 0, 0, 0, NULL, NULL, NULL, 4.20, 47, NULL, 0, NULL, NULL, NULL, NULL, NULL, NULL, NULL, 'active', 'pending', 0, NULL, 'ChIJ__8_CRmFXjkR_urpUZ-CpNs', '2025-12-20 06:51:39', '2025-12-20 06:51:39'),
(309, 'Sakamba Party Plot', 'Sakamba Party Plot is a renowned event venue located in Memnagar, Ahmedabad, Gujarat. This venue is perfect for weddings, receptions, birthday parties, and corporate events. With an impressive 4.2-star rating from 165+ Google reviews, guests consistently praise its excellent service and ambience. The venue features ample parking space, modern amenities, and beautiful dcor suitable for grand celebrations. Book Sakamba Party Plot for your upcoming celebration and experience exceptional hospitality.', 'Sushil Nagar Society, Memnagar, Ahmedabad, Gujarat 380052', 'Ahmedabad', 'Memnagar', 23.04674460, 72.53927160, 'sakamba-party-plot', 3, 3, 0, 0, NULL, NULL, 'Memnagar', 'Memnagar', 'Event venue', '[\"ahmedabad\",\"party-plots\"]', 0, 0, 0, 0, 0, 0, 0, NULL, NULL, NULL, 4.20, 165, NULL, 0, NULL, NULL, NULL, NULL, NULL, NULL, NULL, 'active', 'pending', 0, NULL, 'ChIJ5fSXt7yEXjkRAMO1DC6Tilo', '2025-12-20 06:51:39', '2025-12-20 06:51:39'),
(310, 'Kalrav Party Plot', 'Kalrav Party Plot is a renowned wedding venue located in Bhat, Ahmedabad, Gujarat. This venue offers excellent facilities for wedding ceremonies. Rated 3.9 stars by 229+ visitors on Google, offering reliable service for your special occasions. The venue features ample parking space, modern amenities, and beautiful dcor suitable for grand celebrations. Contact Kalrav Party Plot today to book your next event and create unforgettable memories.', 'Bhat, Ahmedabad, Gujarat 382428', 'Ahmedabad', 'Bhat', 23.09581010, 72.63038190, 'kalrav-party-plot', 3, 2, 0, 0, NULL, NULL, 'Bhat', 'Bhat', 'Wedding venue', '[\"ahmedabad\",\"party-plots\"]', 0, 0, 0, 0, 0, 0, 0, NULL, NULL, NULL, 3.90, 229, NULL, 0, NULL, NULL, NULL, NULL, NULL, NULL, '099099 67574', 'active', 'pending', 0, NULL, 'ChIJN5ATGWmBXjkR1lA2Ny7MFYg', '2025-12-20 06:51:39', '2025-12-20 06:51:39'),
(311, 'Evara Greens Premium Party Lawns', 'Evara Greens Premium Party Lawns is a spacious party lawns venue located in Thaltej, Ahmedabad, Gujarat. This venue offers excellent facilities for wedding ceremonies, corporate conferences. Highly rated at 4.7 stars by 124+ satisfied customers on Google, it stands out as one of the top choices in Ahmedabad. The venue features ample parking space, modern amenities, and beautiful dcor suitable for grand celebrations. Contact Evara Greens Premium Party Lawns today to book your next event and create unforgettable memories.', 'Evara Greens, off Sindhu Bhavan Marg, PRL Colony, Thaltej, Ahmedabad, Gujarat 380059', 'Ahmedabad', 'Thaltej', 23.03821340, 72.49732390, 'evara-greens-premium-party-lawns', 3, 2, 0, 0, NULL, NULL, 'Thaltej', 'Thaltej', 'Wedding venue, Concert hall, Conference center, Event management company, Event planner, Event venue, Exhibition and trade center, Exhibition planner, Flea market, Party planner', '[\"ahmedabad\",\"party-plots\"]', 0, 0, 0, 0, 0, 0, 0, NULL, NULL, NULL, 4.70, 124, NULL, 0, NULL, NULL, NULL, NULL, 'https://gandhicorporation.com/', NULL, '089800 00333', 'active', 'pending', 0, NULL, 'ChIJae1DpOSbXjkRpBiRoStwwHc', '2025-12-20 06:51:39', '2025-12-20 06:51:39'),
(312, 'Shantam Farm', 'Shantam Farm is a beautiful farmhouse venue located in Ognaj, Ahmedabad, Gujarat. This venue offers excellent facilities for wedding ceremonies. With an impressive 4.3-star rating from 1027+ Google reviews, guests consistently praise its excellent service and ambience. The venue features ample parking space, modern amenities, and beautiful dcor suitable for grand celebrations. Book Shantam Farm for your upcoming celebration and experience exceptional hospitality.', '200 ft S.P.Ring Road, Vaishnaodevi Toll Plaza Road, Ognaj Cir, Ognaj, Ahmedabad, Gujarat 380060', 'Ahmedabad', 'Ognaj', 23.12737760, 72.51473180, 'shantam-farm', 3, 2, 0, 0, NULL, NULL, 'Ognaj', 'Ognaj', 'Wedding venue', '[\"ahmedabad\",\"party-plots\"]', 0, 0, 0, 0, 0, 0, 0, NULL, NULL, NULL, 4.30, 1027, NULL, 0, NULL, NULL, NULL, NULL, NULL, NULL, NULL, 'active', 'pending', 0, NULL, 'ChIJL0VjKEqdXjkRLNY-Pt5_eX0', '2025-12-20 06:51:39', '2025-12-20 06:51:39'),
(313, 'Balaji Farm Party Plot', 'Balaji Farm Party Plot is a beautiful farmhouse venue located in Bhat, Ahmedabad, Gujarat. This venue offers excellent facilities for wedding ceremonies. With an impressive 4-star rating from 113+ Google reviews, guests consistently praise its excellent service and ambience. The venue features ample parking space, modern amenities, and beautiful dcor suitable for grand celebrations. Contact Balaji Farm Party Plot today to book your next event and create unforgettable memories.', 'Gandhinagar Ahmedabad, Highway, opposite Apollo Hospital, Bhat, Ahmedabad, Gujarat 382428', 'Ahmedabad', 'Bhat', 23.10790410, 72.63159890, 'balaji-farm-party-plot', 3, 2, 0, 0, NULL, NULL, 'Bhat', 'Bhat', 'Wedding venue', '[\"ahmedabad\",\"party-plots\"]', 0, 0, 0, 0, 0, 0, 0, NULL, NULL, NULL, 4.00, 113, NULL, 0, NULL, NULL, NULL, NULL, NULL, NULL, '094263 32711', 'active', 'pending', 0, NULL, 'ChIJ-9yWvnaBXjkRf_kiJGov1K0', '2025-12-20 06:51:39', '2025-12-20 06:51:39'),
(314, 'Vraj Party Plot', 'Vraj Party Plot is a renowned event venue located in Odhav, Ahmedabad, Gujarat. This venue offers excellent facilities for wedding ceremonies. With an impressive 4.4-star rating from 112+ Google reviews, guests consistently praise its excellent service and ambience. The venue features ample parking space, modern amenities, and beautiful dcor suitable for grand celebrations. Contact Vraj Party Plot today to book your next event and create unforgettable memories.', 'Dayavan partyplot road, Odhav Industrial Estate, Odhav, Ahmedabad, Kathwada, Gujarat 382430', 'Ahmedabad', 'Odhav', 23.04526710, 72.68375750, 'vraj-party-plot', 3, 3, 0, 0, NULL, NULL, 'Odhav', 'Odhav', 'Event venue, Wedding venue', '[\"ahmedabad\",\"party-plots\"]', 0, 0, 0, 0, 0, 0, 0, NULL, NULL, NULL, 4.40, 112, NULL, 0, NULL, NULL, NULL, NULL, NULL, NULL, '070967 09617', 'active', 'pending', 0, NULL, 'ChIJB8V20LCHXjkRPlEhPGpMOM4', '2025-12-20 06:51:39', '2025-12-20 06:51:39'),
(315, 'Karia Lake Party Plot', 'Karia Lake Party Plot is a renowned wedding venue located in Naroda, Ahmedabad, Gujarat. This venue offers excellent facilities for wedding ceremonies. With an impressive 4.2-star rating from 127+ Google reviews, guests consistently praise its excellent service and ambience. The venue features ample parking space, modern amenities, and beautiful dcor suitable for grand celebrations. Contact Karia Lake Party Plot today to book your next event and create unforgettable memories.', 'D. P. Karia Lake Opposite AMTS Bus Terminal, Naroda, Ahmedabad, Gujarat 382330', 'Ahmedabad', 'Naroda', 23.07709010, 72.65654040, 'karia-lake-party-plot', 3, 2, 0, 0, NULL, NULL, 'Naroda', 'Naroda', 'Wedding venue', '[\"ahmedabad\",\"party-plots\"]', 0, 0, 0, 0, 0, 0, 0, NULL, NULL, NULL, 4.20, 127, NULL, 0, NULL, NULL, NULL, NULL, NULL, NULL, '099255 52559', 'active', 'pending', 0, NULL, 'ChIJcyJw_SuBXjkRXBltvFqmgrU', '2025-12-20 06:51:39', '2025-12-20 06:51:39'),
(316, 'Shri ram vatika party plot', 'Shri ram vatika party plot is a renowned event venue located in Ranip, Ahmedabad, Gujarat. This venue is perfect for weddings, receptions, birthday parties, and corporate events. With an impressive 4.2-star rating from 270+ Google reviews, guests consistently praise its excellent service and ambience. The venue features ample parking space, modern amenities, and beautiful dcor suitable for grand celebrations. Book Shri ram vatika party plot for your upcoming celebration and experience exceptional hospitality.', 'Digvijaynagar, New Ranip, Ahmedabad, Gujarat 382470', 'Ahmedabad', 'Ranip', 23.08821340, 72.56791200, 'shri-ram-vatika-party-plot', 3, 3, 0, 0, NULL, NULL, 'Ranip', 'Ranip', 'Event venue', '[\"ahmedabad\",\"party-plots\"]', 0, 0, 0, 0, 0, 0, 0, NULL, NULL, NULL, 4.20, 270, NULL, 0, NULL, NULL, NULL, NULL, NULL, NULL, NULL, 'active', 'pending', 0, NULL, 'ChIJv1IPfwqDXjkRHPCa973KAs4', '2025-12-20 06:51:39', '2025-12-20 06:51:39'),
(317, 'Shree Manilal Party Plot', 'Shree Manilal Party Plot is a renowned wedding venue located in Motera, Ahmedabad, Gujarat. This venue offers excellent facilities for wedding ceremonies. With an impressive 4.3-star rating from 304+ Google reviews, guests consistently praise its excellent service and ambience. The venue features ample parking space, modern amenities, and beautiful dcor suitable for grand celebrations. Contact Shree Manilal Party Plot today to book your next event and create unforgettable memories.', 'Manilal Partyplot, Visat, Tapovan Cir, behind McDonald\'s, GIDC Bhat, Motera, Ahmedabad, Gujarat 380005', 'Ahmedabad', 'Motera', 23.11347120, 72.61068010, 'shree-manilal-party-plot', 3, 2, 0, 0, NULL, NULL, 'Motera', 'Motera', 'Wedding venue', '[\"ahmedabad\",\"party-plots\"]', 0, 0, 0, 0, 0, 0, 0, NULL, NULL, NULL, 4.30, 304, NULL, 0, NULL, NULL, NULL, NULL, NULL, NULL, '098250 26425', 'active', 'pending', 0, NULL, 'ChIJo9UoTyuCXjkRlvXgShm_Bdo', '2025-12-20 06:51:39', '2025-12-20 06:51:39'),
(318, 'Satva Green Party Plot', 'Satva Green Party Plot is a renowned wedding venue located in Naroda, Ahmedabad, Gujarat. This venue offers excellent facilities for wedding ceremonies. With an impressive 4.3-star rating from 93+ Google reviews, guests consistently praise its excellent service and ambience. The venue features ample parking space, modern amenities, and beautiful dcor suitable for grand celebrations. Book Satva Green Party Plot for your upcoming celebration and experience exceptional hospitality.', 'Naroda - Dehgam Rd, Hanspura, Vasant Vihar 2, Nava Naroda, Ahmedabad, Gujarat 382330', 'Ahmedabad', 'Naroda', 23.08740740, 72.68579560, 'satva-green-party-plot', 3, 2, 0, 0, NULL, NULL, 'Naroda', 'Naroda', 'Wedding venue', '[\"ahmedabad\",\"party-plots\"]', 0, 0, 0, 0, 0, 0, 0, NULL, NULL, NULL, 4.30, 93, NULL, 0, NULL, NULL, NULL, NULL, NULL, NULL, NULL, 'active', 'pending', 0, NULL, 'ChIJid8WQxOBXjkRO2UJtW3OM3I', '2025-12-20 06:51:39', '2025-12-20 06:51:39'),
(319, 'Vedhshala Party Plot', 'Vedhshala Party Plot is a renowned wedding venue located in Naranpura, Ahmedabad, Gujarat. This venue offers excellent facilities for wedding ceremonies. With an impressive 4.3-star rating from 117+ Google reviews, guests consistently praise its excellent service and ambience. The venue features ample parking space, modern amenities, and beautiful dcor suitable for grand celebrations. Contact Vedhshala Party Plot today to book your next event and create unforgettable memories.', 'Vedshala Party Plot, Besides Karuna Trust Hospital, Naranpura Rd, Ahmedabad, Gujarat 380013', 'Ahmedabad', 'Naranpura', 23.05424700, 72.56316200, 'vedhshala-party-plot', 3, 2, 0, 0, NULL, NULL, 'Naranpura', 'Naranpura', 'Wedding venue', '[\"ahmedabad\",\"party-plots\"]', 0, 0, 0, 0, 0, 0, 0, NULL, NULL, NULL, 4.30, 117, NULL, 0, NULL, NULL, NULL, NULL, NULL, NULL, '099040 41302', 'active', 'pending', 0, NULL, 'ChIJxWkP64aEXjkRtagEFKPm3Dw', '2025-12-20 06:51:39', '2025-12-20 06:51:39'),
(320, 'Zodiac Party Plot by Fiesta Decor  Ahmedabad', 'Zodiac Party Plot by Fiesta Decor  Ahmedabad is a renowned event venue located in Khoraj, Ahmedabad, Gujarat. This venue offers excellent facilities for wedding ceremonies. With an impressive 4.3-star rating from 452+ Google reviews, guests consistently praise its excellent service and ambience. The venue features ample parking space, modern amenities, and beautiful dcor suitable for grand celebrations. Contact Zodiac Party Plot by Fiesta Decor  Ahmedabad today to book your next event and create unforgettable memories.', 'Behind Vaishno Devi Temple, Shaligram Lakeview Lane, opposite AUDA garden, Khoraj, Gujarat 382501', 'Ahmedabad', 'Khoraj', 23.13917480, 72.55030250, 'zodiac-party-plot-by-fiesta-decor-ahmedabad', 3, 3, 0, 0, NULL, NULL, 'Khoraj', 'Khoraj', 'Event venue, Event planner, Wedding planner, Wedding venue', '[\"ahmedabad\",\"party-plots\"]', 0, 0, 0, 0, 0, 0, 0, NULL, NULL, NULL, 4.30, 452, NULL, 0, NULL, NULL, NULL, NULL, 'https://fiestadecor.co.in/', NULL, '095585 77757', 'active', 'pending', 0, NULL, 'ChIJaYfWypCCXjkRSNL47rAEwKI', '2025-12-20 06:51:39', '2025-12-20 06:51:39'),
(321, 'Parth Party Plot', 'Parth Party Plot is a renowned event venue located in Maninagar, Ahmedabad, Gujarat. This venue is perfect for weddings, receptions, birthday parties, and corporate events. With an impressive 4-star rating from 138+ Google reviews, guests consistently praise its excellent service and ambience. The venue features ample parking space, modern amenities, and beautiful dcor suitable for grand celebrations. Book Parth Party Plot for your upcoming celebration and experience exceptional hospitality.', '8, Bhaipura Rd, Navdurga Society, Maninagar East, Khokhra, Ahmedabad, Gujarat 380008', 'Ahmedabad', 'Maninagar', 22.99838900, 72.62224100, 'parth-party-plot', 3, 3, 0, 0, NULL, NULL, 'Maninagar', 'Maninagar', 'Event venue', '[\"ahmedabad\",\"party-plots\"]', 0, 0, 0, 0, 0, 0, 0, NULL, NULL, NULL, 4.00, 138, NULL, 0, NULL, NULL, NULL, NULL, NULL, NULL, NULL, 'active', 'pending', 0, NULL, 'ChIJRQKfugyGXjkRYO4G4GL4yt4', '2025-12-20 06:51:39', '2025-12-20 06:51:39'),
(322, 'Shree Nar Narayan Party Plot', 'Shree Nar Narayan Party Plot is a renowned wedding venue located in Motera, Ahmedabad, Gujarat. This venue offers excellent facilities for wedding ceremonies. With an impressive 4.2-star rating from 202+ Google reviews, guests consistently praise its excellent service and ambience. The venue features ample parking space, modern amenities, and beautiful dcor suitable for grand celebrations. Contact Shree Nar Narayan Party Plot today to book your next event and create unforgettable memories.', 'Motera Rd, opp. Kiran Motors Showroom, Motera, Ahmedabad, Gujarat 380005', 'Ahmedabad', 'Motera', 23.10872050, 72.60416760, 'shree-nar-narayan-party-plot', 3, 2, 0, 0, NULL, NULL, 'Motera', 'Motera', 'Wedding venue', '[\"ahmedabad\",\"party-plots\"]', 0, 0, 0, 0, 0, 0, 0, NULL, NULL, NULL, 4.20, 202, NULL, 0, NULL, NULL, NULL, NULL, NULL, NULL, '098254 48104', 'active', 'pending', 0, NULL, 'ChIJaxnPj8aDXjkRCRqRXigbEcs', '2025-12-20 06:51:39', '2025-12-20 06:51:39'),
(323, 'Vasna Party Plot - AMC', 'Vasna Party Plot - AMC is a distinguished banquet hall located in Ahmedabad, Gujarat. This venue offers excellent facilities for banquet services. With an impressive 4-star rating from 374+ Google reviews, guests consistently praise its excellent service and ambience. The venue features ample parking space, modern amenities, and beautiful dcor suitable for grand celebrations. Book Vasna Party Plot - AMC for your upcoming celebration and experience exceptional hospitality.', '1, Narayan Nagar Society, Revati Nagar, Narayan Nagar, Ahmedabad, Gujarat 380007', 'Ahmedabad', NULL, 22.99408060, 72.54859310, 'vasna-party-plot-amc', 3, 1, 0, 0, NULL, NULL, NULL, NULL, 'Banquet hall', '[\"ahmedabad\",\"party-plots\"]', 0, 0, 0, 0, 0, 0, 0, NULL, NULL, NULL, 4.00, 374, NULL, 0, NULL, NULL, NULL, NULL, NULL, NULL, NULL, 'active', 'pending', 0, NULL, 'ChIJu_GvYRSFXjkRgrDrqIZQp0M', '2025-12-20 06:51:39', '2025-12-20 06:51:39'),
(324, 'Late Shree Amrutbhai Maganlal Patel Party Plot', 'Late Shree Amrutbhai Maganlal Patel Party Plot is a renowned event venue located in Dhobi Ghat, Kadiawad, Saraspur, Ahmedabad, Gujarat. This venue offers excellent facilities for wedding ceremonies. With an impressive 4.1-star rating from 143+ Google reviews, guests consistently praise its excellent service and ambience. The venue features ample parking space, modern amenities, and beautiful dcor suitable for grand celebrations. Contact Late Shree Amrutbhai Maganlal Patel Party Plot today to book your next event and create unforgettable memories.', 'Dhobi Ghat, Kadiawad, Saraspur, Ahmedabad, Gujarat 380018', 'Ahmedabad', 'Dhobi Ghat, Kadiawad, Saraspur', 23.03246940, 72.61436710, 'late-shree-amrutbhai-maganlal-patel-party-plot', 3, 3, 0, 0, NULL, NULL, 'Dhobi Ghat, Kadiawad, Saraspur', 'Dhobi Ghat, Kadiawad, Saraspur', 'Event venue, Wedding venue', '[\"ahmedabad\",\"party-plots\"]', 0, 0, 0, 0, 0, 0, 0, NULL, NULL, NULL, 4.10, 143, NULL, 0, NULL, NULL, NULL, NULL, NULL, NULL, '081600 27837', 'active', 'pending', 0, NULL, 'ChIJD_CNDCiEXjkRaRBbUaYbf_I', '2025-12-20 06:51:39', '2025-12-20 06:51:39'),
(325, 'Uma Party Plot', 'Uma Party Plot is a renowned wedding venue located in Motera, Ahmedabad, Gujarat. This venue offers excellent facilities for wedding ceremonies. With an impressive 4.1-star rating from 293+ Google reviews, guests consistently praise its excellent service and ambience. The venue features ample parking space, modern amenities, and beautiful dcor suitable for grand celebrations. Contact Uma Party Plot today to book your next event and create unforgettable memories.', 'Aishwarya Bunglows, Opposite, Motera Gam, Motera Stadium Rd, Bhat, Ahmedabad, Gujarat 380005', 'Ahmedabad', 'Motera', 23.11016590, 72.60742710, 'uma-party-plot', 3, 2, 0, 0, NULL, NULL, 'Motera', 'Motera', 'Wedding venue', '[\"ahmedabad\",\"party-plots\"]', 0, 0, 0, 0, 0, 0, 0, NULL, NULL, NULL, 4.10, 293, NULL, 0, NULL, NULL, NULL, NULL, NULL, NULL, '097246 46756', 'active', 'pending', 0, NULL, 'ChIJ1YBlDNODXjkRpE5snj511g0', '2025-12-20 06:51:39', '2025-12-20 06:51:39'),
(326, 'Sajnii Party Plot', 'Sajnii Party Plot is a renowned event venue located in Vasna, Ahmedabad, Gujarat. This venue is perfect for weddings, receptions, birthday parties, and corporate events. With an impressive 4.1-star rating from 205+ Google reviews, guests consistently praise its excellent service and ambience. The venue features ample parking space, modern amenities, and beautiful dcor suitable for grand celebrations. Contact Sajnii Party Plot today to book your next event and create unforgettable memories.', 'Vasna Barrage Rd, Gurukripa Society, Ambica Park Society, Revati Nagar, Narayan Nagar, Ahmedabad, Gujarat 380007', 'Ahmedabad', 'Vasna', 22.99538620, 72.55245800, 'sajnii-party-plot', 3, 3, 0, 0, NULL, NULL, 'Vasna', 'Vasna', 'Event venue', '[\"ahmedabad\",\"party-plots\"]', 0, 0, 0, 0, 0, 0, 0, NULL, NULL, NULL, 4.10, 205, NULL, 0, NULL, NULL, NULL, NULL, NULL, NULL, '079 2664 2929', 'active', 'pending', 0, NULL, 'ChIJw2L_yhOFXjkRzPEEuKkCBUQ', '2025-12-20 06:51:39', '2025-12-20 06:51:39'),
(327, 'Aakash Party Plot', 'Aakash Party Plot is a renowned wedding venue located in 584/3, Ahmedabad, Gujarat. This venue offers excellent facilities for wedding ceremonies. With an impressive 4-star rating from 252+ Google reviews, guests consistently praise its excellent service and ambience. The venue features ample parking space, modern amenities, and beautiful dcor suitable for grand celebrations. Book Aakash Party Plot for your upcoming celebration and experience exceptional hospitality.', '584/3, Aakash Metrocity, Narolgam, Ahmedabad, Gujarat 382443', 'Ahmedabad', '584/3', 22.96276100, 72.60368000, 'aakash-party-plot', 3, 2, 0, 0, NULL, NULL, '584/3', '584/3', 'Wedding venue', '[\"ahmedabad\",\"party-plots\"]', 0, 0, 0, 0, 0, 0, 0, NULL, NULL, NULL, 4.00, 252, NULL, 0, NULL, NULL, NULL, NULL, NULL, NULL, NULL, 'active', 'pending', 0, NULL, 'ChIJVY7jA1CPXjkRUH0_wC_Rkbo', '2025-12-20 06:51:39', '2025-12-20 06:51:39'),
(328, 'Belicia Greens Party Plot', 'Belicia Greens Party Plot is a spacious party lawns venue located in Vaishnodevi Cir, Ahmedabad, Gujarat. This venue offers excellent facilities for wedding ceremonies. With an impressive 4.3-star rating from 165+ Google reviews, guests consistently praise its excellent service and ambience. The venue features ample parking space, modern amenities, and beautiful dcor suitable for grand celebrations. Book Belicia Greens Party Plot for your upcoming celebration and experience exceptional hospitality.', 'Vaishnodevi Cir, Ahmedabad, Gujarat 382501', 'Ahmedabad', 'Vaishnodevi Cir', 23.13786210, 72.54723780, 'belicia-greens-party-plot', 3, 2, 0, 0, NULL, NULL, 'Vaishnodevi Cir', 'Vaishnodevi Cir', 'Wedding venue, Farm', '[\"ahmedabad\",\"party-plots\"]', 0, 0, 0, 0, 0, 0, 0, NULL, NULL, NULL, 4.30, 165, NULL, 0, NULL, NULL, NULL, NULL, NULL, NULL, NULL, 'active', 'pending', 0, NULL, 'ChIJrfGYZEyDXjkRJ-OqD3AHLpo', '2025-12-20 06:51:39', '2025-12-20 06:51:39'),
(329, 'Mangalya Vatika', 'Mangalya Vatika is a renowned wedding venue located in Sola, Ahmedabad, Gujarat. This venue offers excellent facilities for wedding ceremonies. With an impressive 4.2-star rating from 685+ Google reviews, guests consistently praise its excellent service and ambience. The venue features ample parking space, modern amenities, and beautiful dcor suitable for grand celebrations. Book Mangalya Vatika for your upcoming celebration and experience exceptional hospitality.', 'Bhawat Vidyapith, Sarkhej - Gandhinagar Hwy, near Sola, Sola, Ahmedabad, Gujarat 380060', 'Ahmedabad', 'Sola', 23.08671220, 72.52683450, 'mangalya-vatika', 3, 2, 0, 0, NULL, NULL, 'Sola', 'Sola', 'Wedding venue', '[\"ahmedabad\",\"party-plots\"]', 0, 0, 0, 0, 0, 0, 0, NULL, NULL, NULL, 4.20, 685, NULL, 0, NULL, NULL, NULL, NULL, NULL, NULL, NULL, 'active', 'pending', 0, NULL, 'ChIJuTtqGzSDXjkRY1-v8trotQk', '2025-12-20 06:51:39', '2025-12-20 06:51:39');

-- --------------------------------------------------------

--
-- Table structure for table `password_reset_tokens`
--

CREATE TABLE `password_reset_tokens` (
  `email` varchar(255) NOT NULL,
  `token` varchar(255) NOT NULL,
  `created_at` timestamp NULL DEFAULT NULL
) ENGINE=InnoDB DEFAULT CHARSET=utf8mb4 COLLATE=utf8mb4_unicode_ci;

-- --------------------------------------------------------

--
-- Table structure for table `permissions`
--

CREATE TABLE `permissions` (
  `id` bigint(20) UNSIGNED NOT NULL,
  `name` varchar(255) NOT NULL,
  `guard_name` varchar(255) NOT NULL,
  `created_at` timestamp NULL DEFAULT NULL,
  `updated_at` timestamp NULL DEFAULT NULL
) ENGINE=InnoDB DEFAULT CHARSET=utf8mb4 COLLATE=utf8mb4_unicode_ci;

--
-- Dumping data for table `permissions`
--

INSERT INTO `permissions` (`id`, `name`, `guard_name`, `created_at`, `updated_at`) VALUES
(1, 'user-list', 'web', '2025-11-28 23:15:29', '2025-11-28 23:15:29'),
(2, 'user-create', 'web', '2025-11-28 23:15:29', '2025-11-28 23:15:29'),
(3, 'user-edit', 'web', '2025-11-28 23:15:29', '2025-11-28 23:15:29'),
(4, 'user-delete', 'web', '2025-11-28 23:15:29', '2025-11-28 23:15:29'),
(5, 'setting-list', 'web', '2025-11-28 23:15:29', '2025-11-28 23:15:29'),
(6, 'role-list', 'web', '2025-11-28 23:15:29', '2025-11-28 23:15:29'),
(7, 'role-create', 'web', '2025-11-28 23:15:29', '2025-11-28 23:15:29'),
(8, 'role-edit', 'web', '2025-11-28 23:15:29', '2025-11-28 23:15:29'),
(9, 'role-delete', 'web', '2025-11-28 23:15:29', '2025-11-28 23:15:29'),
(10, 'permission-list', 'web', '2025-11-28 23:15:29', '2025-11-28 23:15:29'),
(11, 'permission-create', 'web', '2025-11-28 23:15:29', '2025-11-28 23:15:29'),
(12, 'permission-edit', 'web', '2025-11-28 23:15:29', '2025-11-28 23:15:29'),
(13, 'permission-delete', 'web', '2025-11-28 23:15:29', '2025-11-28 23:15:29');

-- --------------------------------------------------------

--
-- Table structure for table `personal_access_tokens`
--

CREATE TABLE `personal_access_tokens` (
  `id` bigint(20) UNSIGNED NOT NULL,
  `tokenable_type` varchar(255) NOT NULL,
  `tokenable_id` bigint(20) UNSIGNED NOT NULL,
  `name` text NOT NULL,
  `token` varchar(64) NOT NULL,
  `abilities` text DEFAULT NULL,
  `last_used_at` timestamp NULL DEFAULT NULL,
  `expires_at` timestamp NULL DEFAULT NULL,
  `created_at` timestamp NULL DEFAULT NULL,
  `updated_at` timestamp NULL DEFAULT NULL
) ENGINE=InnoDB DEFAULT CHARSET=utf8mb4 COLLATE=utf8mb4_unicode_ci;

-- --------------------------------------------------------

--
-- Table structure for table `roles`
--

CREATE TABLE `roles` (
  `id` bigint(20) UNSIGNED NOT NULL,
  `name` varchar(255) NOT NULL,
  `guard_name` varchar(255) NOT NULL,
  `created_at` timestamp NULL DEFAULT NULL,
  `updated_at` timestamp NULL DEFAULT NULL
) ENGINE=InnoDB DEFAULT CHARSET=utf8mb4 COLLATE=utf8mb4_unicode_ci;

--
-- Dumping data for table `roles`
--

INSERT INTO `roles` (`id`, `name`, `guard_name`, `created_at`, `updated_at`) VALUES
(1, 'admin', 'web', '2025-11-28 23:15:29', '2025-11-28 23:15:29');

-- --------------------------------------------------------

--
-- Table structure for table `role_has_permissions`
--

CREATE TABLE `role_has_permissions` (
  `permission_id` bigint(20) UNSIGNED NOT NULL,
  `role_id` bigint(20) UNSIGNED NOT NULL
) ENGINE=InnoDB DEFAULT CHARSET=utf8mb4 COLLATE=utf8mb4_unicode_ci;

--
-- Dumping data for table `role_has_permissions`
--

INSERT INTO `role_has_permissions` (`permission_id`, `role_id`) VALUES
(1, 1),
(2, 1),
(3, 1),
(4, 1),
(5, 1),
(6, 1),
(7, 1),
(8, 1),
(9, 1),
(10, 1),
(11, 1),
(12, 1),
(13, 1);

-- --------------------------------------------------------

--
-- Table structure for table `seo_links`
--

CREATE TABLE `seo_links` (
  `id` bigint(20) UNSIGNED NOT NULL,
  `link_type` enum('city','area','category','city_category','area_category','tags','city_tags','area_tags','category_tags') DEFAULT 'city',
  `city` varchar(255) DEFAULT NULL,
  `area` varchar(255) DEFAULT NULL,
  `category_id` bigint(20) UNSIGNED DEFAULT NULL,
  `tags` varchar(255) DEFAULT NULL,
  `link_text` varchar(255) NOT NULL,
  `slug` varchar(255) NOT NULL,
  `meta_title` varchar(255) NOT NULL,
  `meta_description` text DEFAULT NULL,
  `meta_keywords` varchar(255) DEFAULT NULL,
  `page_title` varchar(255) DEFAULT NULL,
  `page_description` text DEFAULT NULL,
  `is_active` tinyint(1) NOT NULL DEFAULT 1,
  `show_on_homepage` tinyint(1) NOT NULL DEFAULT 1,
  `sort_order` int(11) NOT NULL DEFAULT 0,
  `template_id` bigint(20) UNSIGNED DEFAULT NULL,
  `created_at` timestamp NULL DEFAULT NULL,
  `updated_at` timestamp NULL DEFAULT NULL
) ENGINE=InnoDB DEFAULT CHARSET=utf8mb4 COLLATE=utf8mb4_unicode_ci;

--
-- Dumping data for table `seo_links`
--

INSERT INTO `seo_links` (`id`, `link_type`, `city`, `area`, `category_id`, `tags`, `link_text`, `slug`, `meta_title`, `meta_description`, `meta_keywords`, `page_title`, `page_description`, `is_active`, `show_on_homepage`, `sort_order`, `template_id`, `created_at`, `updated_at`) VALUES
(1, 'city', 'Rajkot', NULL, NULL, NULL, 'Party Plot in Rajkot', 'Party Plot in rajkot', 'Best Party Plot in Rajkot', 'Find best  in Rajkot which is perfect for your occasion.', 'party plot in Rajkot, Best party plot in Rajkot, Top party plot in Rajkot, banquet hall in Rajkot, banquet hall in Rajkot, party plot in ', 'Party Plot in Rajkot', NULL, 1, 1, 0, 1, '2025-12-13 07:12:24', '2025-12-13 07:12:24'),
(2, 'city_category', 'Rajkot', NULL, 1, NULL, 'Banquet Hall in Rajkot', 'banquet-hall in rajkot', 'Best Banquet Hall in Rajkot', 'Find Best Banquet Hall in Rajkot, Book Top Banquet Hall in Rajkot, Near By Banquet Hall in Rajkot', 'Available Banquet Hall in Rajkot ,Top Banquet Hall in Rajkot, Best Banquet Hall in Rajkot', 'Banquet Hall in Rajkot', NULL, 1, 1, 0, 2, '2025-12-14 00:37:25', '2025-12-14 00:37:25'),
(3, 'city_category', 'Rajkot', NULL, 8, NULL, 'Community Center in Rajkot', 'community-center in rajkot', 'Best Community Center in Rajkot', 'Find Best Community Center in Rajkot, Book Top Community Center in Rajkot, Near By Community Center in Rajkot', 'Available Community Center in Rajkot ,Top Community Center in Rajkot, Best Community Center in Rajkot', 'Community Center in Rajkot', NULL, 1, 1, 0, 2, '2025-12-14 00:37:25', '2025-12-14 00:37:25'),
(4, 'city_category', 'Rajkot', NULL, 3, NULL, 'Event Venue in Rajkot', 'event-venue in rajkot', 'Best Event Venue in Rajkot', 'Find Best Event Venue in Rajkot, Book Top Event Venue in Rajkot, Near By Event Venue in Rajkot', 'Available Event Venue in Rajkot ,Top Event Venue in Rajkot, Best Event Venue in Rajkot', 'Event Venue in Rajkot', NULL, 1, 1, 0, 2, '2025-12-14 00:37:25', '2025-12-14 00:37:25'),
(5, 'city_category', 'Rajkot', NULL, 7, NULL, 'Farm in Rajkot', 'farm in rajkot', 'Best Farm in Rajkot', 'Find Best Farm in Rajkot, Book Top Farm in Rajkot, Near By Farm in Rajkot', 'Available Farm in Rajkot ,Top Farm in Rajkot, Best Farm in Rajkot', 'Farm in Rajkot', NULL, 1, 1, 0, 2, '2025-12-14 00:37:25', '2025-12-14 00:37:25'),
(6, 'city_category', 'Rajkot', NULL, 6, NULL, 'Festival Hall in Rajkot', 'festival-hall in rajkot', 'Best Festival Hall in Rajkot', 'Find Best Festival Hall in Rajkot, Book Top Festival Hall in Rajkot, Near By Festival Hall in Rajkot', 'Available Festival Hall in Rajkot ,Top Festival Hall in Rajkot, Best Festival Hall in Rajkot', 'Festival Hall in Rajkot', NULL, 1, 1, 0, 2, '2025-12-14 00:37:25', '2025-12-14 00:37:25'),
(7, 'city_category', 'Rajkot', NULL, 5, NULL, 'Function Room in Rajkot', 'function-room in rajkot', 'Best Function Room in Rajkot', 'Find Best Function Room in Rajkot, Book Top Function Room in Rajkot, Near By Function Room in Rajkot', 'Available Function Room in Rajkot ,Top Function Room in Rajkot, Best Function Room in Rajkot', 'Function Room in Rajkot', NULL, 1, 1, 0, 2, '2025-12-14 00:37:25', '2025-12-14 00:37:25'),
(8, 'city_category', 'Rajkot', NULL, 4, NULL, 'Party Plot in Rajkot', 'party-plot in rajkot', 'Best Party Plot in Rajkot', 'Find Best Party Plot in Rajkot, Book Top Party Plot in Rajkot, Near By Party Plot in Rajkot', 'Available Party Plot in Rajkot ,Top Party Plot in Rajkot, Best Party Plot in Rajkot', 'Party Plot in Rajkot', NULL, 1, 1, 0, 2, '2025-12-14 00:37:25', '2025-12-14 00:37:25'),
(9, 'city_category', 'Rajkot', NULL, 2, NULL, 'Wedding Venue in Rajkot', 'wedding-venue in rajkot', 'Best Wedding Venue in Rajkot', 'Find Best Wedding Venue in Rajkot, Book Top Wedding Venue in Rajkot, Near By Wedding Venue in Rajkot', 'Available Wedding Venue in Rajkot ,Top Wedding Venue in Rajkot, Best Wedding Venue in Rajkot', 'Wedding Venue in Rajkot', NULL, 1, 1, 0, 2, '2025-12-14 00:37:25', '2025-12-14 00:37:25'),
(10, 'area_category', NULL, 'Bharatvan', 2, NULL, 'Wedding Venue in Bharatvan', 'wedding-venue in bharatvan', 'Wedding Venue in Bharatvan', 'Find Wedding Venue in Bharatvan', 'Best Wedding Venue in Bharatvan, Top Wedding Venue in Bharatvan, Book Wedding Venue in Bharatvan', 'Wedding Venue in Bharatvan', NULL, 1, 1, 0, 3, '2025-12-14 01:42:24', '2025-12-14 01:42:24'),
(11, 'area_category', NULL, 'Greenland Chokdi', 2, NULL, 'Wedding Venue in Greenland Chokdi', 'wedding-venue in greenland-chokdi', 'Wedding Venue in Greenland Chokdi', 'Find Wedding Venue in Greenland Chokdi', 'Best Wedding Venue in Greenland Chokdi, Top Wedding Venue in Greenland Chokdi, Book Wedding Venue in Greenland Chokdi', 'Wedding Venue in Greenland Chokdi', NULL, 1, 1, 0, 3, '2025-12-14 01:42:24', '2025-12-14 01:42:24'),
(12, 'area_category', NULL, 'Kalawad', 1, NULL, 'Banquet Hall in Kalawad', 'banquet-hall in kalawad', 'Banquet Hall in Kalawad', 'Find Banquet Hall in Kalawad', 'Best Banquet Hall in Kalawad, Top Banquet Hall in Kalawad, Book Banquet Hall in Kalawad', 'Banquet Hall in Kalawad', NULL, 1, 1, 0, 3, '2025-12-14 01:42:24', '2025-12-14 01:42:24'),
(13, 'area_category', NULL, 'Kalawad', 3, NULL, 'Event Venue in Kalawad', 'event-venue in kalawad', 'Event Venue in Kalawad', 'Find Event Venue in Kalawad', 'Best Event Venue in Kalawad, Top Event Venue in Kalawad, Book Event Venue in Kalawad', 'Event Venue in Kalawad', NULL, 1, 1, 0, 3, '2025-12-14 01:42:24', '2025-12-14 01:42:24'),
(14, 'area_category', NULL, 'Kalawad', 2, NULL, 'Wedding Venue in Kalawad', 'wedding-venue in kalawad', 'Wedding Venue in Kalawad', 'Find Wedding Venue in Kalawad', 'Best Wedding Venue in Kalawad, Top Wedding Venue in Kalawad, Book Wedding Venue in Kalawad', 'Wedding Venue in Kalawad', NULL, 1, 1, 0, 3, '2025-12-14 01:42:24', '2025-12-14 01:42:24'),
(15, 'area_category', NULL, 'Kalawad Rd', 2, NULL, 'Wedding Venue in Kalawad Rd', 'wedding-venue in kalawad-rd', 'Wedding Venue in Kalawad Rd', 'Find Wedding Venue in Kalawad Rd', 'Best Wedding Venue in Kalawad Rd, Top Wedding Venue in Kalawad Rd, Book Wedding Venue in Kalawad Rd', 'Wedding Venue in Kalawad Rd', NULL, 1, 1, 0, 3, '2025-12-14 01:42:24', '2025-12-14 01:42:24'),
(16, 'area_category', NULL, 'Kalawad Road', 3, NULL, 'Event Venue in Kalawad Road', 'event-venue in kalawad-road', 'Event Venue in Kalawad Road', 'Find Event Venue in Kalawad Road', 'Best Event Venue in Kalawad Road, Top Event Venue in Kalawad Road, Book Event Venue in Kalawad Road', 'Event Venue in Kalawad Road', NULL, 1, 1, 0, 3, '2025-12-14 01:42:24', '2025-12-14 01:42:24'),
(17, 'area_category', NULL, 'Kankot', 3, NULL, 'Event Venue in Kankot', 'event-venue in kankot', 'Event Venue in Kankot', 'Find Event Venue in Kankot', 'Best Event Venue in Kankot, Top Event Venue in Kankot, Book Event Venue in Kankot', 'Event Venue in Kankot', NULL, 1, 1, 0, 3, '2025-12-14 01:42:24', '2025-12-14 01:42:24'),
(18, 'area_category', NULL, 'Kankot', 2, NULL, 'Wedding Venue in Kankot', 'wedding-venue in kankot', 'Wedding Venue in Kankot', 'Find Wedding Venue in Kankot', 'Best Wedding Venue in Kankot, Top Wedding Venue in Kankot, Book Wedding Venue in Kankot', 'Wedding Venue in Kankot', NULL, 1, 1, 0, 3, '2025-12-14 01:42:24', '2025-12-14 01:42:24'),
(19, 'area_category', NULL, 'Kankot Rd', 3, NULL, 'Event Venue in Kankot Rd', 'event-venue in kankot-rd', 'Event Venue in Kankot Rd', 'Find Event Venue in Kankot Rd', 'Best Event Venue in Kankot Rd, Top Event Venue in Kankot Rd, Book Event Venue in Kankot Rd', 'Event Venue in Kankot Rd', NULL, 1, 1, 0, 3, '2025-12-14 01:42:24', '2025-12-14 01:42:24'),
(20, 'area_category', NULL, 'Kotharia', 3, NULL, 'Event Venue in Kotharia', 'event-venue in kotharia', 'Event Venue in Kotharia', 'Find Event Venue in Kotharia', 'Best Event Venue in Kotharia, Top Event Venue in Kotharia, Book Event Venue in Kotharia', 'Event Venue in Kotharia', NULL, 1, 1, 0, 3, '2025-12-14 01:42:24', '2025-12-14 01:42:24'),
(21, 'area_category', NULL, 'Kotharia', 5, NULL, 'Function Room in Kotharia', 'function-room in kotharia', 'Function Room in Kotharia', 'Find Function Room in Kotharia', 'Best Function Room in Kotharia, Top Function Room in Kotharia, Book Function Room in Kotharia', 'Function Room in Kotharia', NULL, 1, 1, 0, 3, '2025-12-14 01:42:24', '2025-12-14 01:42:24'),
(22, 'area_category', NULL, 'Kotharia', 2, NULL, 'Wedding Venue in Kotharia', 'wedding-venue in kotharia', 'Wedding Venue in Kotharia', 'Find Wedding Venue in Kotharia', 'Best Wedding Venue in Kotharia, Top Wedding Venue in Kotharia, Book Wedding Venue in Kotharia', 'Wedding Venue in Kotharia', NULL, 1, 1, 0, 3, '2025-12-14 01:42:24', '2025-12-14 01:42:24'),
(23, 'area_category', NULL, 'Kothariya', 3, NULL, 'Event Venue in Kothariya', 'event-venue in kothariya', 'Event Venue in Kothariya', 'Find Event Venue in Kothariya', 'Best Event Venue in Kothariya, Top Event Venue in Kothariya, Book Event Venue in Kothariya', 'Event Venue in Kothariya', NULL, 1, 1, 0, 3, '2025-12-14 01:42:24', '2025-12-14 01:42:24'),
(24, 'area_category', NULL, 'Kothariya', 2, NULL, 'Wedding Venue in Kothariya', 'wedding-venue in kothariya', 'Wedding Venue in Kothariya', 'Find Wedding Venue in Kothariya', 'Best Wedding Venue in Kothariya, Top Wedding Venue in Kothariya, Book Wedding Venue in Kothariya', 'Wedding Venue in Kothariya', NULL, 1, 1, 0, 3, '2025-12-14 01:42:24', '2025-12-14 01:42:24'),
(25, 'area_category', NULL, 'Krishna Society', 2, NULL, 'Wedding Venue in Krishna Society', 'wedding-venue in krishna-society', 'Wedding Venue in Krishna Society', 'Find Wedding Venue in Krishna Society', 'Best Wedding Venue in Krishna Society, Top Wedding Venue in Krishna Society, Book Wedding Venue in Krishna Society', 'Wedding Venue in Krishna Society', NULL, 1, 1, 0, 3, '2025-12-14 01:42:24', '2025-12-14 01:42:24'),
(26, 'area_category', NULL, 'Madhapar', 3, NULL, 'Event Venue in Madhapar', 'event-venue in madhapar', 'Event Venue in Madhapar', 'Find Event Venue in Madhapar', 'Best Event Venue in Madhapar, Top Event Venue in Madhapar, Book Event Venue in Madhapar', 'Event Venue in Madhapar', NULL, 1, 1, 0, 3, '2025-12-14 01:42:24', '2025-12-14 01:42:24'),
(27, 'area_category', NULL, 'Madhapar', 4, NULL, 'Party Plot in Madhapar', 'party-plot in madhapar', 'Party Plot in Madhapar', 'Find Party Plot in Madhapar', 'Best Party Plot in Madhapar, Top Party Plot in Madhapar, Book Party Plot in Madhapar', 'Party Plot in Madhapar', NULL, 1, 1, 0, 3, '2025-12-14 01:42:24', '2025-12-14 01:42:24'),
(28, 'area_category', NULL, 'Mavdi', 1, NULL, 'Banquet Hall in Mavdi', 'banquet-hall in mavdi', 'Banquet Hall in Mavdi', 'Find Banquet Hall in Mavdi', 'Best Banquet Hall in Mavdi, Top Banquet Hall in Mavdi, Book Banquet Hall in Mavdi', 'Banquet Hall in Mavdi', NULL, 1, 1, 0, 3, '2025-12-14 01:42:24', '2025-12-14 01:42:24'),
(29, 'area_category', NULL, 'Mavdi', 3, NULL, 'Event Venue in Mavdi', 'event-venue in mavdi', 'Event Venue in Mavdi', 'Find Event Venue in Mavdi', 'Best Event Venue in Mavdi, Top Event Venue in Mavdi, Book Event Venue in Mavdi', 'Event Venue in Mavdi', NULL, 1, 1, 0, 3, '2025-12-14 01:42:24', '2025-12-14 01:42:24'),
(30, 'area_category', NULL, 'Mavdi', 5, NULL, 'Function Room in Mavdi', 'function-room in mavdi', 'Function Room in Mavdi', 'Find Function Room in Mavdi', 'Best Function Room in Mavdi, Top Function Room in Mavdi, Book Function Room in Mavdi', 'Function Room in Mavdi', NULL, 1, 1, 0, 3, '2025-12-14 01:42:24', '2025-12-14 01:42:24'),
(31, 'area_category', NULL, 'Mavdi', 2, NULL, 'Wedding Venue in Mavdi', 'wedding-venue in mavdi', 'Wedding Venue in Mavdi', 'Find Wedding Venue in Mavdi', 'Best Wedding Venue in Mavdi, Top Wedding Venue in Mavdi, Book Wedding Venue in Mavdi', 'Wedding Venue in Mavdi', NULL, 1, 1, 0, 3, '2025-12-14 01:42:24', '2025-12-14 01:42:24'),
(32, 'area_category', NULL, 'Mavdi - Kankot Rd', 2, NULL, 'Wedding Venue in Mavdi - Kankot Rd', 'wedding-venue in mavdi-kankot-rd', 'Wedding Venue in Mavdi - Kankot Rd', 'Find Wedding Venue in Mavdi - Kankot Rd', 'Best Wedding Venue in Mavdi - Kankot Rd, Top Wedding Venue in Mavdi - Kankot Rd, Book Wedding Venue in Mavdi - Kankot Rd', 'Wedding Venue in Mavdi - Kankot Rd', NULL, 1, 1, 0, 3, '2025-12-14 01:42:24', '2025-12-14 01:42:24'),
(33, 'area_category', NULL, 'Mavdi Main Road', 2, NULL, 'Wedding Venue in Mavdi Main Road', 'wedding-venue in mavdi-main-road', 'Wedding Venue in Mavdi Main Road', 'Find Wedding Venue in Mavdi Main Road', 'Best Wedding Venue in Mavdi Main Road, Top Wedding Venue in Mavdi Main Road, Book Wedding Venue in Mavdi Main Road', 'Wedding Venue in Mavdi Main Road', NULL, 1, 1, 0, 3, '2025-12-14 01:42:24', '2025-12-14 01:42:24'),
(34, 'area_category', NULL, 'Mota Mava', 3, NULL, 'Event Venue in Mota Mava', 'event-venue in mota-mava', 'Event Venue in Mota Mava', 'Find Event Venue in Mota Mava', 'Best Event Venue in Mota Mava, Top Event Venue in Mota Mava, Book Event Venue in Mota Mava', 'Event Venue in Mota Mava', NULL, 1, 1, 0, 3, '2025-12-14 01:42:24', '2025-12-14 01:42:24'),
(35, 'area_category', NULL, 'Mota Mava', 2, NULL, 'Wedding Venue in Mota Mava', 'wedding-venue in mota-mava', 'Wedding Venue in Mota Mava', 'Find Wedding Venue in Mota Mava', 'Best Wedding Venue in Mota Mava, Top Wedding Venue in Mota Mava, Book Wedding Venue in Mota Mava', 'Wedding Venue in Mota Mava', NULL, 1, 1, 0, 3, '2025-12-14 01:42:24', '2025-12-14 01:42:24'),
(36, 'area_category', NULL, 'Munjka', 3, NULL, 'Event Venue in Munjka', 'event-venue in munjka', 'Event Venue in Munjka', 'Find Event Venue in Munjka', 'Best Event Venue in Munjka, Top Event Venue in Munjka, Book Event Venue in Munjka', 'Event Venue in Munjka', NULL, 1, 1, 0, 3, '2025-12-14 01:42:24', '2025-12-14 01:42:24'),
(37, 'area_category', NULL, 'Munjka', 2, NULL, 'Wedding Venue in Munjka', 'wedding-venue in munjka', 'Wedding Venue in Munjka', 'Find Wedding Venue in Munjka', 'Best Wedding Venue in Munjka, Top Wedding Venue in Munjka, Book Wedding Venue in Munjka', 'Wedding Venue in Munjka', NULL, 1, 1, 0, 3, '2025-12-14 01:42:24', '2025-12-14 01:42:24'),
(38, 'area_category', NULL, 'Nalanda Society', 1, NULL, 'Banquet Hall in Nalanda Society', 'banquet-hall in nalanda-society', 'Banquet Hall in Nalanda Society', 'Find Banquet Hall in Nalanda Society', 'Best Banquet Hall in Nalanda Society, Top Banquet Hall in Nalanda Society, Book Banquet Hall in Nalanda Society', 'Banquet Hall in Nalanda Society', NULL, 1, 1, 0, 3, '2025-12-14 01:42:24', '2025-12-14 01:42:24'),
(39, 'area_category', NULL, 'Nalanda Society', 2, NULL, 'Wedding Venue in Nalanda Society', 'wedding-venue in nalanda-society', 'Wedding Venue in Nalanda Society', 'Find Wedding Venue in Nalanda Society', 'Best Wedding Venue in Nalanda Society, Top Wedding Venue in Nalanda Society, Book Wedding Venue in Nalanda Society', 'Wedding Venue in Nalanda Society', NULL, 1, 1, 0, 3, '2025-12-14 01:42:24', '2025-12-14 01:42:24'),
(40, 'area_category', NULL, 'Off Kalawad Road', 2, NULL, 'Wedding Venue in Off Kalawad Road', 'wedding-venue in off-kalawad-road', 'Wedding Venue in Off Kalawad Road', 'Find Wedding Venue in Off Kalawad Road', 'Best Wedding Venue in Off Kalawad Road, Top Wedding Venue in Off Kalawad Road, Book Wedding Venue in Off Kalawad Road', 'Wedding Venue in Off Kalawad Road', NULL, 1, 1, 0, 3, '2025-12-14 01:42:24', '2025-12-14 01:42:24'),
(41, 'area_category', NULL, 'Opp Varu Pani Restaurant', 2, NULL, 'Wedding Venue in Opp Varu Pani Restaurant', 'wedding-venue in opp-varu-pani-restaurant', 'Wedding Venue in Opp Varu Pani Restaurant', 'Find Wedding Venue in Opp Varu Pani Restaurant', 'Best Wedding Venue in Opp Varu Pani Restaurant, Top Wedding Venue in Opp Varu Pani Restaurant, Book Wedding Venue in Opp Varu Pani Restaurant', 'Wedding Venue in Opp Varu Pani Restaurant', NULL, 1, 1, 0, 3, '2025-12-14 01:42:24', '2025-12-14 01:42:24'),
(42, 'area_category', NULL, 'Opp. Rushab Vatika', 3, NULL, 'Event Venue in Opp. Rushab Vatika', 'event-venue in opp-rushab-vatika', 'Event Venue in Opp. Rushab Vatika', 'Find Event Venue in Opp. Rushab Vatika', 'Best Event Venue in Opp. Rushab Vatika, Top Event Venue in Opp. Rushab Vatika, Book Event Venue in Opp. Rushab Vatika', 'Event Venue in Opp. Rushab Vatika', NULL, 1, 1, 0, 3, '2025-12-14 01:42:24', '2025-12-14 01:42:24'),
(43, 'area_category', NULL, 'Rohidaspra', 3, NULL, 'Event Venue in Rohidaspra', 'event-venue in rohidaspra', 'Event Venue in Rohidaspra', 'Find Event Venue in Rohidaspra', 'Best Event Venue in Rohidaspra, Top Event Venue in Rohidaspra, Book Event Venue in Rohidaspra', 'Event Venue in Rohidaspra', NULL, 1, 1, 0, 3, '2025-12-14 01:42:24', '2025-12-14 01:42:24'),
(44, 'area_category', NULL, 'Rohidaspra', 7, NULL, 'Farm in Rohidaspra', 'farm in rohidaspra', 'Farm in Rohidaspra', 'Find Farm in Rohidaspra', 'Best Farm in Rohidaspra, Top Farm in Rohidaspra, Book Farm in Rohidaspra', 'Farm in Rohidaspra', NULL, 1, 1, 0, 3, '2025-12-14 01:42:24', '2025-12-14 01:42:24'),
(45, 'area_category', NULL, 'Rohidaspra', 2, NULL, 'Wedding Venue in Rohidaspra', 'wedding-venue in rohidaspra', 'Wedding Venue in Rohidaspra', 'Find Wedding Venue in Rohidaspra', 'Best Wedding Venue in Rohidaspra, Top Wedding Venue in Rohidaspra, Book Wedding Venue in Rohidaspra', 'Wedding Venue in Rohidaspra', NULL, 1, 1, 0, 3, '2025-12-14 01:42:24', '2025-12-14 01:42:24'),
(46, 'area_category', NULL, 'Vavdi', 9, NULL, 'Hotel in Vavdi', 'hotel in vavdi', 'Hotel in Vavdi', 'Find Hotel in Vavdi', 'Best Hotel in Vavdi, Top Hotel in Vavdi, Book Hotel in Vavdi', 'Hotel in Vavdi', NULL, 1, 1, 0, 3, '2025-12-14 01:42:24', '2025-12-14 01:42:24'),
(47, 'area_category', NULL, 'Victoria Gardens Rd', 2, NULL, 'Wedding Venue in Victoria Gardens Rd', 'wedding-venue in victoria-gardens-rd', 'Wedding Venue in Victoria Gardens Rd', 'Find Wedding Venue in Victoria Gardens Rd', 'Best Wedding Venue in Victoria Gardens Rd, Top Wedding Venue in Victoria Gardens Rd, Book Wedding Venue in Victoria Gardens Rd', 'Wedding Venue in Victoria Gardens Rd', NULL, 1, 1, 0, 3, '2025-12-14 01:42:24', '2025-12-14 01:42:24'),
(48, 'area_category', NULL, 'near Madhapar', 2, NULL, 'Wedding Venue in near Madhapar', 'wedding-venue in near-madhapar', 'Wedding Venue in near Madhapar', 'Find Wedding Venue in near Madhapar', 'Best Wedding Venue in near Madhapar, Top Wedding Venue in near Madhapar, Book Wedding Venue in near Madhapar', 'Wedding Venue in near Madhapar', NULL, 1, 1, 0, 3, '2025-12-14 01:42:24', '2025-12-14 01:42:24');

-- --------------------------------------------------------

--
-- Table structure for table `seo_link_templates`
--

CREATE TABLE `seo_link_templates` (
  `id` bigint(20) UNSIGNED NOT NULL,
  `name` varchar(255) NOT NULL,
  `template_type` enum('city','area','category','city_category','area_category','tags','city_tags','area_tags','category_tags') DEFAULT 'city',
  `link_text_template` varchar(255) NOT NULL,
  `slug_template` varchar(255) NOT NULL,
  `meta_title_template` varchar(255) NOT NULL,
  `meta_description_template` text DEFAULT NULL,
  `meta_keywords_template` varchar(255) DEFAULT NULL,
  `page_title_template` varchar(255) DEFAULT NULL,
  `page_description_template` text DEFAULT NULL,
  `is_active` tinyint(1) NOT NULL DEFAULT 1,
  `min_venues` int(11) NOT NULL DEFAULT 1,
  `created_at` timestamp NULL DEFAULT NULL,
  `updated_at` timestamp NULL DEFAULT NULL
) ENGINE=InnoDB DEFAULT CHARSET=utf8mb4 COLLATE=utf8mb4_unicode_ci;

--
-- Dumping data for table `seo_link_templates`
--

INSERT INTO `seo_link_templates` (`id`, `name`, `template_type`, `link_text_template`, `slug_template`, `meta_title_template`, `meta_description_template`, `meta_keywords_template`, `page_title_template`, `page_description_template`, `is_active`, `min_venues`, `created_at`, `updated_at`) VALUES
(1, 'City wise Link', 'city', 'Party Plot in {city}', 'Party Plot in {city_slug}', 'Best Party Plot in {city}', 'Find best {category} in {city} which is perfect for your occasion.', 'party plot in {city}, Best party plot in {city}, Top party plot in {city}, banquet hall in {city}, banquet hall in {city}, party plot in {area}', NULL, NULL, 1, 1, '2025-12-13 07:12:03', '2025-12-13 07:12:03'),
(2, 'Category in Cities', 'city_category', '{category} in {city}', '{category_slug} in {city_slug}', 'Best {category} in {city}', 'Find Best {category} in {city}, Book Top {category} in {city}, Near By {category} in {city}', 'Available {category} in {city} ,Top {category} in {city}, Best {category} in {city}', '{category} in {city}', NULL, 1, 1, '2025-12-13 07:29:46', '2025-12-13 07:29:46'),
(3, 'Area wise category template', 'area_category', '{category} in {area}', '{category_slug} in {area_slug}', '{category} in {area}', 'Find {category} in {area}', 'Best {category} in {area}, Top {category} in {area}, Book {category} in {area}', NULL, NULL, 1, 1, '2025-12-13 07:33:52', '2025-12-13 07:33:52');

-- --------------------------------------------------------

--
-- Table structure for table `sessions`
--

CREATE TABLE `sessions` (
  `id` varchar(255) NOT NULL,
  `user_id` bigint(20) UNSIGNED DEFAULT NULL,
  `ip_address` varchar(45) DEFAULT NULL,
  `user_agent` text DEFAULT NULL,
  `payload` longtext NOT NULL,
  `last_activity` int(11) NOT NULL
) ENGINE=InnoDB DEFAULT CHARSET=utf8mb4 COLLATE=utf8mb4_unicode_ci;

--
-- Dumping data for table `sessions`
--

INSERT INTO `sessions` (`id`, `user_id`, `ip_address`, `user_agent`, `payload`, `last_activity`) VALUES
('B0Og3nCQFhNJllhZpQI0Y5DheAIEvVev5s61c1Ua', 3, '127.0.0.1', 'Mozilla/5.0 (Macintosh; Intel Mac OS X 10_15_7) AppleWebKit/537.36 (KHTML, like Gecko) Chrome/143.0.0.0 Safari/537.36', 'YTo0OntzOjY6Il90b2tlbiI7czo0MDoieHNucWNlV0RQcEI2aTFLU09zUmR6bDNubjE5OUJEc1FZOTJOc0g2biI7czo5OiJfcHJldmlvdXMiO2E6Mjp7czozOiJ1cmwiO3M6NTU6Imh0dHA6Ly9sb2NhbGhvc3Q6ODAwMC9wYXJ0eS1wbG90cy9tYWEtc2hha3RpLXBhcnR5LXBsb3QiO3M6NToicm91dGUiO3M6MTY6InBhcnR5LXBsb3RzLnNob3ciO31zOjY6Il9mbGFzaCI7YToyOntzOjM6Im9sZCI7YTowOnt9czozOiJuZXciO2E6MDp7fX1zOjUwOiJsb2dpbl93ZWJfNTliYTM2YWRkYzJiMmY5NDAxNTgwZjAxNGM3ZjU4ZWE0ZTMwOTg5ZCI7aTozO30=', 1766233643);

-- --------------------------------------------------------

--
-- Table structure for table `settings`
--

CREATE TABLE `settings` (
  `id` bigint(20) UNSIGNED NOT NULL,
  `key` varchar(255) NOT NULL,
  `value` longtext DEFAULT NULL,
  `created_at` timestamp NULL DEFAULT NULL,
  `updated_at` timestamp NULL DEFAULT NULL
) ENGINE=InnoDB DEFAULT CHARSET=utf8mb4 COLLATE=utf8mb4_unicode_ci;

--
-- Dumping data for table `settings`
--

INSERT INTO `settings` (`id`, `key`, `value`, `created_at`, `updated_at`) VALUES
(1, 'company_name', 'Rextertech', '2025-11-28 23:15:29', '2025-11-28 23:15:29'),
(2, 'company_logo', NULL, '2025-11-28 23:15:29', '2025-11-28 23:15:29'),
(3, 'default_user_role', 'user', '2025-11-28 23:15:29', '2025-11-28 23:15:29'),
(4, 'supplier_login_expiry_hour_limit', '360', '2025-11-28 23:15:29', '2025-11-28 23:15:29'),
(5, 'user_registration_enabled', '1', '2025-11-28 23:15:29', '2025-11-28 23:15:29'),
(6, 'email_verification_required', '0', '2025-11-28 23:15:29', '2025-11-28 23:15:29'),
(7, 'max_login_attempts', '5', '2025-11-28 23:15:29', '2025-11-28 23:15:29'),
(8, 'layout_type', 'ltr', '2025-11-28 23:15:29', '2025-11-28 23:15:29'),
(9, 'sidebar_type', 'compact-sidebar', '2025-11-28 23:15:29', '2025-11-28 23:15:29'),
(10, 'sidebar_icon', 'stroke-svg', '2025-11-28 23:15:29', '2025-11-28 23:15:29'),
(11, 'theme_color', 'color-1', '2025-11-28 23:15:29', '2025-11-28 23:15:29'),
(12, 'dark_mode', 'light', '2025-11-28 23:15:29', '2025-11-28 23:15:29'),
(13, 'primary_color', '#2B5F60', '2025-11-28 23:15:29', '2025-11-28 23:15:29'),
(14, 'secondary_color', '#C06240', '2025-11-28 23:15:29', '2025-11-28 23:15:29');

-- --------------------------------------------------------

--
-- Table structure for table `users`
--

CREATE TABLE `users` (
  `id` bigint(20) UNSIGNED NOT NULL,
  `name` varchar(255) NOT NULL,
  `username` varchar(255) NOT NULL,
  `email` varchar(255) NOT NULL,
  `mobile` varchar(50) DEFAULT NULL,
  `address` varchar(255) DEFAULT NULL,
  `staff_photo` varchar(255) DEFAULT NULL,
  `staff_id_proof` varchar(255) DEFAULT NULL,
  `email_verified_at` timestamp NULL DEFAULT NULL,
  `password` varchar(255) NOT NULL,
  `profile` varchar(255) DEFAULT NULL,
  `status` tinyint(1) NOT NULL DEFAULT 1,
  `remember_token` varchar(100) DEFAULT NULL,
  `created_by` bigint(20) UNSIGNED DEFAULT NULL,
  `updated_by` bigint(20) UNSIGNED DEFAULT NULL,
  `created_at` timestamp NULL DEFAULT NULL,
  `updated_at` timestamp NULL DEFAULT NULL
) ENGINE=InnoDB DEFAULT CHARSET=utf8mb4 COLLATE=utf8mb4_unicode_ci;

--
-- Dumping data for table `users`
--

INSERT INTO `users` (`id`, `name`, `username`, `email`, `mobile`, `address`, `staff_photo`, `staff_id_proof`, `email_verified_at`, `password`, `profile`, `status`, `remember_token`, `created_by`, `updated_by`, `created_at`, `updated_at`) VALUES
(3, 'admin', 'admin', 'admin@gmail.com', '09123456789', 'Thai Smily, bangkok', 'default.png', 'default.png', NULL, '$2y$12$T/n5QjFvqFizpXQbxcc.Me6tTH5VWekVn1iXNfvFhssRieavYnGTG', NULL, 1, NULL, NULL, NULL, '2025-11-28 23:18:25', '2025-11-28 23:18:25');

-- --------------------------------------------------------

--
-- Table structure for table `venue_requests`
--

CREATE TABLE `venue_requests` (
  `id` bigint(20) UNSIGNED NOT NULL,
  `name` varchar(255) NOT NULL,
  `city` varchar(255) NOT NULL,
  `phone` varchar(255) NOT NULL,
  `status` enum('pending','contacted','completed','rejected') NOT NULL DEFAULT 'pending',
  `notes` text DEFAULT NULL,
  `created_at` timestamp NULL DEFAULT NULL,
  `updated_at` timestamp NULL DEFAULT NULL
) ENGINE=InnoDB DEFAULT CHARSET=utf8mb4 COLLATE=utf8mb4_unicode_ci;

--
-- Dumping data for table `venue_requests`
--

INSERT INTO `venue_requests` (`id`, `name`, `city`, `phone`, `status`, `notes`, `created_at`, `updated_at`) VALUES
(1, 'Yash Kacha', 'Rajkot', '9429076228', 'pending', NULL, '2025-11-30 01:14:43', '2025-11-30 01:14:43');

--
-- Indexes for dumped tables
--

--
-- Indexes for table `blogs`
--
ALTER TABLE `blogs`
  ADD PRIMARY KEY (`id`),
  ADD UNIQUE KEY `blogs_slug_unique` (`slug`);

--
-- Indexes for table `cache`
--
ALTER TABLE `cache`
  ADD PRIMARY KEY (`key`);

--
-- Indexes for table `cache_locks`
--
ALTER TABLE `cache_locks`
  ADD PRIMARY KEY (`key`);

--
-- Indexes for table `categories`
--
ALTER TABLE `categories`
  ADD PRIMARY KEY (`id`),
  ADD UNIQUE KEY `categories_slug_unique` (`slug`),
  ADD KEY `categories_slug_index` (`slug`),
  ADD KEY `categories_is_active_index` (`is_active`),
  ADD KEY `categories_sort_order_index` (`sort_order`);

--
-- Indexes for table `failed_jobs`
--
ALTER TABLE `failed_jobs`
  ADD PRIMARY KEY (`id`),
  ADD UNIQUE KEY `failed_jobs_uuid_unique` (`uuid`);

--
-- Indexes for table `jobs`
--
ALTER TABLE `jobs`
  ADD PRIMARY KEY (`id`),
  ADD KEY `jobs_queue_index` (`queue`);

--
-- Indexes for table `job_batches`
--
ALTER TABLE `job_batches`
  ADD PRIMARY KEY (`id`);

--
-- Indexes for table `leads`
--
ALTER TABLE `leads`
  ADD PRIMARY KEY (`id`),
  ADD KEY `leads_user_id_foreign` (`user_id`),
  ADD KEY `leads_party_plot_id_index` (`party_plot_id`),
  ADD KEY `leads_vendor_id_index` (`vendor_id`),
  ADD KEY `leads_status_index` (`status`),
  ADD KEY `leads_created_at_index` (`created_at`);

--
-- Indexes for table `migrations`
--
ALTER TABLE `migrations`
  ADD PRIMARY KEY (`id`);

--
-- Indexes for table `model_has_permissions`
--
ALTER TABLE `model_has_permissions`
  ADD PRIMARY KEY (`permission_id`,`model_id`,`model_type`),
  ADD KEY `model_has_permissions_model_id_model_type_index` (`model_id`,`model_type`);

--
-- Indexes for table `model_has_roles`
--
ALTER TABLE `model_has_roles`
  ADD PRIMARY KEY (`role_id`,`model_id`,`model_type`),
  ADD KEY `model_has_roles_model_id_model_type_index` (`model_id`,`model_type`);

--
-- Indexes for table `notifications`
--
ALTER TABLE `notifications`
  ADD PRIMARY KEY (`id`),
  ADD KEY `notifications_notifiable_type_notifiable_id_index` (`notifiable_type`,`notifiable_id`);

--
-- Indexes for table `party_plots`
--
ALTER TABLE `party_plots`
  ADD PRIMARY KEY (`id`),
  ADD UNIQUE KEY `party_plots_slug_unique` (`slug`),
  ADD UNIQUE KEY `party_plots_place_id_unique` (`place_id`),
  ADD KEY `party_plots_slug_index` (`slug`),
  ADD KEY `party_plots_status_index` (`status`),
  ADD KEY `party_plots_listing_status_index` (`listing_status`),
  ADD KEY `party_plots_city_index` (`city`),
  ADD KEY `party_plots_creator_user_id_index` (`creator_user_id`),
  ADD KEY `party_plots_claimed_by_user_id_index` (`claimed_by_user_id`),
  ADD KEY `party_plots_category_id_index` (`category_id`),
  ADD KEY `party_plots_visitors_index` (`visitors`),
  ADD KEY `party_plots_area_index` (`area`);

--
-- Indexes for table `password_reset_tokens`
--
ALTER TABLE `password_reset_tokens`
  ADD PRIMARY KEY (`email`);

--
-- Indexes for table `permissions`
--
ALTER TABLE `permissions`
  ADD PRIMARY KEY (`id`),
  ADD UNIQUE KEY `permissions_name_guard_name_unique` (`name`,`guard_name`);

--
-- Indexes for table `personal_access_tokens`
--
ALTER TABLE `personal_access_tokens`
  ADD PRIMARY KEY (`id`),
  ADD UNIQUE KEY `personal_access_tokens_token_unique` (`token`),
  ADD KEY `personal_access_tokens_tokenable_type_tokenable_id_index` (`tokenable_type`,`tokenable_id`);

--
-- Indexes for table `roles`
--
ALTER TABLE `roles`
  ADD PRIMARY KEY (`id`),
  ADD UNIQUE KEY `roles_name_guard_name_unique` (`name`,`guard_name`);

--
-- Indexes for table `role_has_permissions`
--
ALTER TABLE `role_has_permissions`
  ADD PRIMARY KEY (`permission_id`,`role_id`),
  ADD KEY `role_has_permissions_role_id_foreign` (`role_id`);

--
-- Indexes for table `seo_links`
--
ALTER TABLE `seo_links`
  ADD PRIMARY KEY (`id`),
  ADD UNIQUE KEY `seo_links_slug_unique` (`slug`),
  ADD KEY `seo_links_category_id_foreign` (`category_id`),
  ADD KEY `seo_links_template_id_foreign` (`template_id`),
  ADD KEY `seo_links_link_type_index` (`link_type`),
  ADD KEY `seo_links_city_index` (`city`),
  ADD KEY `seo_links_area_index` (`area`),
  ADD KEY `seo_links_is_active_index` (`is_active`),
  ADD KEY `seo_links_show_on_homepage_index` (`show_on_homepage`),
  ADD KEY `seo_links_tags_index` (`tags`);

--
-- Indexes for table `seo_link_templates`
--
ALTER TABLE `seo_link_templates`
  ADD PRIMARY KEY (`id`);

--
-- Indexes for table `sessions`
--
ALTER TABLE `sessions`
  ADD PRIMARY KEY (`id`),
  ADD KEY `sessions_user_id_index` (`user_id`),
  ADD KEY `sessions_last_activity_index` (`last_activity`);

--
-- Indexes for table `settings`
--
ALTER TABLE `settings`
  ADD PRIMARY KEY (`id`);

--
-- Indexes for table `users`
--
ALTER TABLE `users`
  ADD PRIMARY KEY (`id`),
  ADD UNIQUE KEY `users_username_unique` (`username`),
  ADD UNIQUE KEY `users_email_unique` (`email`),
  ADD KEY `users_created_by_foreign` (`created_by`),
  ADD KEY `users_updated_by_foreign` (`updated_by`);

--
-- Indexes for table `venue_requests`
--
ALTER TABLE `venue_requests`
  ADD PRIMARY KEY (`id`),
  ADD KEY `venue_requests_status_index` (`status`),
  ADD KEY `venue_requests_created_at_index` (`created_at`);

--
-- AUTO_INCREMENT for dumped tables
--

--
-- AUTO_INCREMENT for table `blogs`
--
ALTER TABLE `blogs`
  MODIFY `id` bigint(20) UNSIGNED NOT NULL AUTO_INCREMENT, AUTO_INCREMENT=2;

--
-- AUTO_INCREMENT for table `categories`
--
ALTER TABLE `categories`
  MODIFY `id` bigint(20) UNSIGNED NOT NULL AUTO_INCREMENT, AUTO_INCREMENT=30;

--
-- AUTO_INCREMENT for table `failed_jobs`
--
ALTER TABLE `failed_jobs`
  MODIFY `id` bigint(20) UNSIGNED NOT NULL AUTO_INCREMENT;

--
-- AUTO_INCREMENT for table `jobs`
--
ALTER TABLE `jobs`
  MODIFY `id` bigint(20) UNSIGNED NOT NULL AUTO_INCREMENT;

--
-- AUTO_INCREMENT for table `leads`
--
ALTER TABLE `leads`
  MODIFY `id` bigint(20) UNSIGNED NOT NULL AUTO_INCREMENT, AUTO_INCREMENT=3;

--
-- AUTO_INCREMENT for table `migrations`
--
ALTER TABLE `migrations`
  MODIFY `id` int(10) UNSIGNED NOT NULL AUTO_INCREMENT, AUTO_INCREMENT=24;

--
-- AUTO_INCREMENT for table `party_plots`
--
ALTER TABLE `party_plots`
  MODIFY `id` bigint(20) UNSIGNED NOT NULL AUTO_INCREMENT, AUTO_INCREMENT=330;

--
-- AUTO_INCREMENT for table `permissions`
--
ALTER TABLE `permissions`
  MODIFY `id` bigint(20) UNSIGNED NOT NULL AUTO_INCREMENT, AUTO_INCREMENT=14;

--
-- AUTO_INCREMENT for table `personal_access_tokens`
--
ALTER TABLE `personal_access_tokens`
  MODIFY `id` bigint(20) UNSIGNED NOT NULL AUTO_INCREMENT;

--
-- AUTO_INCREMENT for table `roles`
--
ALTER TABLE `roles`
  MODIFY `id` bigint(20) UNSIGNED NOT NULL AUTO_INCREMENT, AUTO_INCREMENT=2;

--
-- AUTO_INCREMENT for table `seo_links`
--
ALTER TABLE `seo_links`
  MODIFY `id` bigint(20) UNSIGNED NOT NULL AUTO_INCREMENT, AUTO_INCREMENT=49;

--
-- AUTO_INCREMENT for table `seo_link_templates`
--
ALTER TABLE `seo_link_templates`
  MODIFY `id` bigint(20) UNSIGNED NOT NULL AUTO_INCREMENT, AUTO_INCREMENT=4;

--
-- AUTO_INCREMENT for table `settings`
--
ALTER TABLE `settings`
  MODIFY `id` bigint(20) UNSIGNED NOT NULL AUTO_INCREMENT, AUTO_INCREMENT=15;

--
-- AUTO_INCREMENT for table `users`
--
ALTER TABLE `users`
  MODIFY `id` bigint(20) UNSIGNED NOT NULL AUTO_INCREMENT, AUTO_INCREMENT=4;

--
-- AUTO_INCREMENT for table `venue_requests`
--
ALTER TABLE `venue_requests`
  MODIFY `id` bigint(20) UNSIGNED NOT NULL AUTO_INCREMENT, AUTO_INCREMENT=2;

--
-- Constraints for dumped tables
--

--
-- Constraints for table `leads`
--
ALTER TABLE `leads`
  ADD CONSTRAINT `leads_party_plot_id_foreign` FOREIGN KEY (`party_plot_id`) REFERENCES `party_plots` (`id`) ON DELETE CASCADE,
  ADD CONSTRAINT `leads_user_id_foreign` FOREIGN KEY (`user_id`) REFERENCES `users` (`id`) ON DELETE SET NULL,
  ADD CONSTRAINT `leads_vendor_id_foreign` FOREIGN KEY (`vendor_id`) REFERENCES `users` (`id`) ON DELETE CASCADE;

--
-- Constraints for table `model_has_permissions`
--
ALTER TABLE `model_has_permissions`
  ADD CONSTRAINT `model_has_permissions_permission_id_foreign` FOREIGN KEY (`permission_id`) REFERENCES `permissions` (`id`) ON DELETE CASCADE;

--
-- Constraints for table `model_has_roles`
--
ALTER TABLE `model_has_roles`
  ADD CONSTRAINT `model_has_roles_role_id_foreign` FOREIGN KEY (`role_id`) REFERENCES `roles` (`id`) ON DELETE CASCADE;

--
-- Constraints for table `party_plots`
--
ALTER TABLE `party_plots`
  ADD CONSTRAINT `party_plots_category_id_foreign` FOREIGN KEY (`category_id`) REFERENCES `categories` (`id`) ON DELETE SET NULL,
  ADD CONSTRAINT `party_plots_claimed_by_user_id_foreign` FOREIGN KEY (`claimed_by_user_id`) REFERENCES `users` (`id`) ON DELETE SET NULL,
  ADD CONSTRAINT `party_plots_creator_user_id_foreign` FOREIGN KEY (`creator_user_id`) REFERENCES `users` (`id`) ON DELETE CASCADE;

--
-- Constraints for table `role_has_permissions`
--
ALTER TABLE `role_has_permissions`
  ADD CONSTRAINT `role_has_permissions_permission_id_foreign` FOREIGN KEY (`permission_id`) REFERENCES `permissions` (`id`) ON DELETE CASCADE,
  ADD CONSTRAINT `role_has_permissions_role_id_foreign` FOREIGN KEY (`role_id`) REFERENCES `roles` (`id`) ON DELETE CASCADE;

--
-- Constraints for table `seo_links`
--
ALTER TABLE `seo_links`
  ADD CONSTRAINT `seo_links_category_id_foreign` FOREIGN KEY (`category_id`) REFERENCES `categories` (`id`) ON DELETE SET NULL,
  ADD CONSTRAINT `seo_links_template_id_foreign` FOREIGN KEY (`template_id`) REFERENCES `seo_link_templates` (`id`) ON DELETE SET NULL;

--
-- Constraints for table `users`
--
ALTER TABLE `users`
  ADD CONSTRAINT `users_created_by_foreign` FOREIGN KEY (`created_by`) REFERENCES `users` (`id`) ON DELETE SET NULL,
  ADD CONSTRAINT `users_updated_by_foreign` FOREIGN KEY (`updated_by`) REFERENCES `users` (`id`) ON DELETE SET NULL;
COMMIT;

/*!40101 SET CHARACTER_SET_CLIENT=@OLD_CHARACTER_SET_CLIENT */;
/*!40101 SET CHARACTER_SET_RESULTS=@OLD_CHARACTER_SET_RESULTS */;
/*!40101 SET COLLATION_CONNECTION=@OLD_COLLATION_CONNECTION */;
